/*
 * linux/drivers/video/fbdev/exynos/panel/s6e3hae/s6e3hae_rainbow_b0_panel_mdnie.h
 *
 * Header file for mDNIe Driver
 *
 * Copyright (c) 2016 Samsung Electronics
 *
 * This program is free software; you can redistribute it and/or modify
 * it under the terms of the GNU General Public License version 2 as
 * published by the Free Software Foundation.
 */

#ifndef __S6E3HAE_RAINBOW_B0_PANEL_MDNIE_H__
#define __S6E3HAE_RAINBOW_B0_PANEL_MDNIE_H__

#include "../panel.h"
#include "../mdnie.h"
#include "oled_common_mdnie.h"
#include "oled_function.h"
#include "s6e3hae_mdnie.h"
#include "s6e3hae_rainbow_b0_panel.h"

#define S6E3HAE_RAINBOW_B0_LINE_0_NUM	(-56)
#define S6E3HAE_RAINBOW_B0_LINE_0_DEN	(55)
#define S6E3HAE_RAINBOW_B0_LINE_0_CON	(-102)

#define S6E3HAE_RAINBOW_B0_LINE_1_NUM	(5)
#define S6E3HAE_RAINBOW_B0_LINE_1_DEN	(1)
#define S6E3HAE_RAINBOW_B0_LINE_1_CON	(-18483)

#define S6E3HAE_RAINBOW_B0_COEFF_Q1_A	(-52615)
#define S6E3HAE_RAINBOW_B0_COEFF_Q1_B	(-61905)
#define S6E3HAE_RAINBOW_B0_COEFF_Q1_C	(21249)
#define S6E3HAE_RAINBOW_B0_COEFF_Q1_D	(15603)
#define S6E3HAE_RAINBOW_B0_COEFF_Q1_E	(40775)
#define S6E3HAE_RAINBOW_B0_COEFF_Q1_F	(80902)
#define S6E3HAE_RAINBOW_B0_COEFF_Q1_G	(-19651)
#define S6E3HAE_RAINBOW_B0_COEFF_Q1_H	(-19618)

#define S6E3HAE_RAINBOW_B0_COEFF_Q2_A	(-212096)
#define S6E3HAE_RAINBOW_B0_COEFF_Q2_B	(-186041)
#define S6E3HAE_RAINBOW_B0_COEFF_Q2_C	(61987)
#define S6E3HAE_RAINBOW_B0_COEFF_Q2_D	(65143)
#define S6E3HAE_RAINBOW_B0_COEFF_Q2_E	(-75083)
#define S6E3HAE_RAINBOW_B0_COEFF_Q2_F	(-27237)
#define S6E3HAE_RAINBOW_B0_COEFF_Q2_G	(16637)
#define S6E3HAE_RAINBOW_B0_COEFF_Q2_H	(15737)

#define S6E3HAE_RAINBOW_B0_COEFF_Q3_A	(69454)
#define S6E3HAE_RAINBOW_B0_COEFF_Q3_B	(77493)
#define S6E3HAE_RAINBOW_B0_COEFF_Q3_C	(-27852)
#define S6E3HAE_RAINBOW_B0_COEFF_Q3_D	(-19429)
#define S6E3HAE_RAINBOW_B0_COEFF_Q3_E	(-93856)
#define S6E3HAE_RAINBOW_B0_COEFF_Q3_F	(-133061)
#define S6E3HAE_RAINBOW_B0_COEFF_Q3_G	(37638)
#define S6E3HAE_RAINBOW_B0_COEFF_Q3_H	(35353)

#define S6E3HAE_RAINBOW_B0_COEFF_Q4_A	(192949)
#define S6E3HAE_RAINBOW_B0_COEFF_Q4_B	(174780)
#define S6E3HAE_RAINBOW_B0_COEFF_Q4_C	(-56853)
#define S6E3HAE_RAINBOW_B0_COEFF_Q4_D	(-60597)
#define S6E3HAE_RAINBOW_B0_COEFF_Q4_E	(57592)
#define S6E3HAE_RAINBOW_B0_COEFF_Q4_F	(13018)
#define S6E3HAE_RAINBOW_B0_COEFF_Q4_G	(-11491)
#define S6E3HAE_RAINBOW_B0_COEFF_Q4_H	(-10757)

#define S6E3HAE_RAINBOW_B0_MAX_NIGHT_MODE		(2)
#define S6E3HAE_RAINBOW_B0_MAX_NIGHT_LEVEL		(102)


/* #################################################################################################### */
/* ############################################ SCENARIO ############################################ */
/* #################################################################################################### */

static unsigned char rainbow_b0_mdnie_scenario_0_table[SCENARIO_MAX][MODE_MAX][S6E3HAE_MDNIE_0_LEN] = {	[UI_MODE] = {
		[DYNAMIC] = {
			/* DFh register - 224 bytes from rainbow_b0_mdnie_ui_table[DYNAMIC] */
			0x11, 0x6A, 0x9A, 0x25, 0x1A, 0x16, 0x2A, 0x00, 0x37, 0x5A, 0x00, 0x4E, 0xC5, 0x00, 0x5D, 0x17,
			0x00, 0x30, 0xC3, 0xEB, 0x37, 0x1E, 0xFA, 0xFC, 0x00, 0xFF, 0x00, 0xFF, 0xFF, 0xFC, 0xF6, 0x55,
			0xF6, 0xFC, 0x20, 0xF5, 0x00, 0xF6, 0x43, 0x19, 0xFA, 0xEE, 0x00, 0xFE, 0x36, 0xFA, 0x00, 0x00,
			0xEF, 0xFF, 0x00, 0xFC, 0x00, 0xF6, 0x00, 0x00, 0x00, 0x00, 0x00, 0x80, 0x01, 0x00, 0x01, 0x80,
			0x02, 0x00, 0x02, 0x80, 0x03, 0x00, 0x03, 0x80, 0x04, 0x00, 0x04, 0x80, 0x05, 0x00, 0x05, 0x80,
			0x06, 0x00, 0x06, 0x80, 0x07, 0x00, 0x07, 0x80, 0x08, 0x00, 0x00, 0x00, 0x00, 0x80, 0x01, 0x00,
			0x01, 0x80, 0x02, 0x00, 0x02, 0x80, 0x03, 0x00, 0x03, 0x80, 0x04, 0x00, 0x04, 0x80, 0x05, 0x00,
			0x05, 0x80, 0x06, 0x00, 0x06, 0x80, 0x07, 0x00, 0x07, 0x80, 0x08, 0x00, 0x00, 0x00, 0x00, 0x10,
			0xf9, 0x01, 0x00, 0xE0, 0x00, 0x20, 0x01, 0x00, 0x00, 0x00, 0x01, 0x18, 0x00, 0xE0, 0xE0, 0x00,
			0x30, 0x18, 0x00, 0xE0, 0xE0, 0x00, 0x20, 0x01, 0x00, 0x01, 0x40, 0x03, 0xFF, 0x01, 0x08, 0x01,
			0x08, 0x01, 0x50, 0x7A, 0x80, 0x01, 0x40, 0x50, 0x00, 0x01, 0x00, 0x80, 0x20, 0x00, 0x01, 0x01,
			0x90, 0x01, 0xF4, 0x01, 0x90, 0x01, 0x2c, 0x01, 0x0D, 0x00, 0x00, 0x26, 0x01, 0x28, 0x01, 0x00,
			0x40, 0x6A, 0x9A, 0x3A, 0x1A, 0x16, 0x2A, 0x00, 0x23, 0x4F, 0x00, 0x4E, 0xC5, 0x00, 0x5D, 0x17,
			0x00, 0x30, 0xC3, 0x06, 0x40, 0x50, 0x20, 0x40, 0x00, 0x60, 0x40, 0x60, 0x00, 0x60, 0x30, 0x60,
		},
		[STANDARD] = {
			/* DFh register - 224 bytes from rainbow_b0_mdnie_ui_table[STANDARD] */
			0x11, 0x6a, 0x9a, 0x25, 0x1a, 0x16, 0x2a, 0x00, 0x37, 0x5a, 0x00, 0x4e, 0xc5, 0x00, 0x5d, 0x17,
			0x00, 0x30, 0xc3, 0xff, 0x4e, 0x2e, 0xfa, 0xfa, 0x45, 0xff, 0x5d, 0xf5, 0xff, 0xfc, 0xf6, 0x00,
			0xff, 0xf5, 0x4e, 0xf5, 0x2e, 0xff, 0x00, 0x5d, 0xf1, 0xf5, 0x33, 0xfa, 0x38, 0xfa, 0x1e, 0x45,
			0xf2, 0xff, 0x00, 0xfc, 0x00, 0xf6, 0x00, 0x00, 0x00, 0x00, 0x00, 0x80, 0x01, 0x00, 0x01, 0x80,
			0x02, 0x00, 0x02, 0x80, 0x03, 0x00, 0x03, 0x80, 0x04, 0x00, 0x04, 0x80, 0x05, 0x00, 0x05, 0x80,
			0x06, 0x00, 0x06, 0x80, 0x07, 0x00, 0x07, 0x80, 0x08, 0x00, 0x00, 0x00, 0x00, 0x80, 0x01, 0x00,
			0x01, 0x80, 0x02, 0x00, 0x02, 0x80, 0x03, 0x00, 0x03, 0x80, 0x04, 0x00, 0x04, 0x80, 0x05, 0x00,
			0x05, 0x80, 0x06, 0x00, 0x06, 0x80, 0x07, 0x00, 0x07, 0x80, 0x08, 0x00, 0x00, 0x01, 0x00, 0x04,
			0xFB, 0x01, 0x00, 0xE0, 0x00, 0x20, 0x01, 0x00, 0x00, 0x00, 0x01, 0x18, 0x00, 0xE0, 0xE0, 0x00,
			0x30, 0x18, 0x00, 0xE0, 0xE0, 0x00, 0x20, 0x01, 0x00, 0x01, 0x40, 0x03, 0xFF, 0x01, 0x05, 0x01,
			0x0A, 0x01, 0x50, 0x7A, 0x80, 0x01, 0x40, 0x60, 0x00, 0x01, 0x00, 0x80, 0x20, 0x00, 0x01, 0x01,
			0xF4, 0x02, 0x58, 0x01, 0xF4, 0x01, 0x90, 0x01, 0x0D, 0x00, 0x00, 0x26, 0x01, 0x28, 0x01, 0x01,
			0x01, 0x40, 0x6A, 0x9A, 0x3A, 0x1A, 0x16, 0x2A, 0x00, 0x23, 0x4F, 0x00, 0x4E, 0xC5, 0x00, 0x5D,
			0x17, 0x00, 0x30, 0xC3, 0x06, 0x40, 0x40, 0x20, 0x40, 0x00, 0x60, 0x40, 0x60, 0x00, 0x60, 0x30,
		},
		[NATURAL] = {
			/* DFh register - 224 bytes from rainbow_b0_mdnie_ui_table[NATURAL] */
			0x11, 0x6a, 0x9a, 0x25, 0x1a, 0x16, 0x2a, 0x00, 0x37, 0x5a, 0x00, 0x4e, 0xc5, 0x00, 0x5d, 0x17,
			0x00, 0x30, 0xc3, 0xe1, 0x3d, 0x27, 0xfa, 0xfb, 0x57, 0xe6, 0x46, 0xf0, 0xff, 0xfc, 0xf6, 0x8f,
			0xe1, 0xf8, 0x3d, 0xf5, 0x27, 0xe6, 0x86, 0x46, 0xf5, 0xf0, 0x4f, 0xfa, 0x37, 0xfb, 0x1f, 0x57,
			0xed, 0xff, 0x00, 0xfc, 0x00, 0xf6, 0x00, 0x00, 0x00, 0x00, 0x00, 0x80, 0x01, 0x00, 0x01, 0x80,
			0x02, 0x00, 0x02, 0x80, 0x03, 0x00, 0x03, 0x80, 0x04, 0x00, 0x04, 0x80, 0x05, 0x00, 0x05, 0x80,
			0x06, 0x00, 0x06, 0x80, 0x07, 0x00, 0x07, 0x80, 0x08, 0x00, 0x00, 0x00, 0x00, 0x80, 0x01, 0x00,
			0x01, 0x80, 0x02, 0x00, 0x02, 0x80, 0x03, 0x00, 0x03, 0x80, 0x04, 0x00, 0x04, 0x80, 0x05, 0x00,
			0x05, 0x80, 0x06, 0x00, 0x06, 0x80, 0x07, 0x00, 0x07, 0x80, 0x08, 0x00, 0x00, 0x01, 0x00, 0x04,
			0xFB, 0x01, 0x00, 0xE0, 0x00, 0x20, 0x01, 0x00, 0x00, 0x00, 0x01, 0x18, 0x00, 0xE0, 0xE0, 0x00,
			0x30, 0x18, 0x00, 0xE0, 0xE0, 0x00, 0x20, 0x01, 0x00, 0x01, 0x40, 0x03, 0xFF, 0x01, 0x05, 0x01,
			0x0A, 0x01, 0x50, 0x7A, 0x80, 0x01, 0x40, 0x60, 0x00, 0x01, 0x00, 0x80, 0x20, 0x00, 0x01, 0x01,
			0xF4, 0x02, 0x58, 0x01, 0xF4, 0x01, 0x90, 0x01, 0x0D, 0x00, 0x00, 0x26, 0x01, 0x28, 0x01, 0x01,
			0x01, 0x40, 0x6A, 0x9A, 0x3A, 0x1A, 0x16, 0x2A, 0x00, 0x23, 0x4F, 0x00, 0x4E, 0xC5, 0x00, 0x5D,
			0x17, 0x00, 0x30, 0xC3, 0x06, 0x40, 0x40, 0x20, 0x40, 0x00, 0x60, 0x40, 0x60, 0x00, 0x60, 0x30,
		},
		[MOVIE] = {},
		[AUTO] = {
			/* DFh register - 224 bytes from rainbow_b0_mdnie_ui_table[AUTO] */
			0x01, 0x6A, 0x9A, 0x25, 0x1A, 0x16, 0x2A, 0x00, 0x37, 0x5A, 0x00, 0x4E, 0xC5, 0x00, 0x5D, 0x17,
			0x00, 0x30, 0xC3, 0xEB, 0x37, 0x1E, 0xFA, 0xFC, 0x00, 0xFF, 0x00, 0xFF, 0xFF, 0xFF, 0xFF, 0x00,
			0xF8, 0xEF, 0x00, 0xFF, 0x00, 0xFF, 0x4E, 0x00, 0xFF, 0xFF, 0x00, 0xFF, 0x00, 0xF7, 0x00, 0x00,
			0xFF, 0xFF, 0x00, 0xFF, 0x00, 0xFF, 0x00, 0x08, 0x00, 0x00, 0x00, 0x80, 0x01, 0x00, 0x01, 0x80,
			0x02, 0x00, 0x02, 0x80, 0x03, 0x00, 0x03, 0x80, 0x04, 0x00, 0x04, 0x80, 0x05, 0x00, 0x05, 0x80,
			0x06, 0x00, 0x06, 0x80, 0x07, 0x00, 0x07, 0x80, 0x08, 0x00, 0x00, 0x00, 0x00, 0xe4, 0x01, 0x96,
			0x02, 0x16, 0x02, 0x96, 0x03, 0x16, 0x03, 0x96, 0x04, 0x16, 0x04, 0x96, 0x05, 0x16, 0x05, 0x96,
			0x06, 0x16, 0x06, 0x96, 0x06, 0xf8, 0x07, 0x50, 0x07, 0xa8, 0x08, 0x00, 0x00, 0x00, 0x00, 0x10,
			0xf9, 0x01, 0x00, 0xE0, 0x00, 0x20, 0x01, 0x00, 0x00, 0x00, 0x01, 0x18, 0x00, 0xE0, 0xE0, 0x00,
			0x30, 0x18, 0x00, 0xE0, 0xE0, 0x00, 0x20, 0x01, 0x00, 0x01, 0x40, 0x03, 0xFF, 0x01, 0x08, 0x01,
			0x08, 0x01, 0x50, 0x7A, 0x80, 0x01, 0x40, 0x50, 0x00, 0x01, 0x00, 0x80, 0x20, 0x00, 0x01, 0x01,
			0x90, 0x01, 0xF4, 0x01, 0x90, 0x01, 0x2c, 0x01, 0x0D, 0x00, 0x00, 0x26, 0x01, 0x28, 0x01, 0x00,
			0x40, 0x6A, 0x9A, 0x3A, 0x1A, 0x16, 0x2A, 0x00, 0x23, 0x4F, 0x00, 0x4E, 0xC5, 0x00, 0x5D, 0x17,
			0x00, 0x30, 0xC3, 0x06, 0x40, 0x50, 0x20, 0x40, 0x00, 0x60, 0x40, 0x60, 0x00, 0x60, 0x30, 0x60,
		},
	},
	[VIDEO_NORMAL_MODE] = {
		[DYNAMIC] = {
			/* DFh register - 224 bytes from rainbow_b0_mdnie_video_table[DYNAMIC] */
			0x11, 0x6A, 0x9A, 0x25, 0x1A, 0x16, 0x2A, 0x00, 0x37, 0x5A, 0x00, 0x4E, 0xC5, 0x00, 0x5D, 0x17,
			0x00, 0x30, 0xC3, 0xEB, 0x37, 0x1E, 0xFA, 0xFC, 0x00, 0xFF, 0x00, 0xFF, 0xFF, 0xFC, 0xF6, 0x55,
			0xF6, 0xFC, 0x20, 0xF5, 0x00, 0xF6, 0x43, 0x19, 0xFA, 0xEE, 0x00, 0xFE, 0x36, 0xFA, 0x00, 0x00,
			0xEF, 0xFF, 0x00, 0xFC, 0x00, 0xF6, 0x00, 0x00, 0x00, 0x00, 0x00, 0x80, 0x01, 0x00, 0x01, 0x80,
			0x02, 0x00, 0x02, 0x80, 0x03, 0x00, 0x03, 0x80, 0x04, 0x00, 0x04, 0x80, 0x05, 0x00, 0x05, 0x80,
			0x06, 0x00, 0x06, 0x80, 0x07, 0x00, 0x07, 0x80, 0x08, 0x00, 0x00, 0x00, 0x00, 0x80, 0x01, 0x00,
			0x01, 0x80, 0x02, 0x00, 0x02, 0x80, 0x03, 0x00, 0x03, 0x80, 0x04, 0x00, 0x04, 0x80, 0x05, 0x00,
			0x05, 0x80, 0x06, 0x00, 0x06, 0x80, 0x07, 0x00, 0x07, 0x80, 0x08, 0x00, 0x00, 0x00, 0x00, 0x10,
			0xf9, 0x01, 0x00, 0xE0, 0x00, 0x20, 0x01, 0x00, 0x00, 0x00, 0x01, 0x18, 0x00, 0xE0, 0xE0, 0x00,
			0x30, 0x18, 0x00, 0xE0, 0xE0, 0x00, 0x20, 0x01, 0x00, 0x01, 0x40, 0x03, 0xFF, 0x01, 0x08, 0x01,
			0x08, 0x01, 0x50, 0x7A, 0x80, 0x01, 0x40, 0x50, 0x00, 0x01, 0x00, 0x80, 0x20, 0x00, 0x01, 0x01,
			0x90, 0x01, 0xF4, 0x01, 0x90, 0x01, 0x2c, 0x01, 0x0D, 0x00, 0x00, 0x26, 0x01, 0x28, 0x01, 0x00,
			0x40, 0x6A, 0x9A, 0x3A, 0x1A, 0x16, 0x2A, 0x00, 0x23, 0x4F, 0x00, 0x4E, 0xC5, 0x00, 0x5D, 0x17,
			0x00, 0x30, 0xC3, 0x06, 0x40, 0x50, 0x20, 0x40, 0x00, 0x60, 0x40, 0x60, 0x00, 0x60, 0x30, 0x60,
		},
		[STANDARD] = {
			/* DFh register - 224 bytes from rainbow_b0_mdnie_video_table[STANDARD] */
			0x11, 0x6a, 0x9a, 0x25, 0x1a, 0x16, 0x2a, 0x00, 0x37, 0x5a, 0x00, 0x4e, 0xc5, 0x00, 0x5d, 0x17,
			0x00, 0x30, 0xc3, 0xff, 0x4e, 0x2e, 0xfa, 0xfa, 0x45, 0xff, 0x5d, 0xf5, 0xff, 0xfc, 0xf6, 0x00,
			0xff, 0xf5, 0x4e, 0xf5, 0x2e, 0xff, 0x00, 0x5d, 0xf1, 0xf5, 0x33, 0xfa, 0x38, 0xfa, 0x1e, 0x45,
			0xf2, 0xff, 0x00, 0xfc, 0x00, 0xf6, 0x00, 0x00, 0x00, 0x00, 0x00, 0x80, 0x01, 0x00, 0x01, 0x80,
			0x02, 0x00, 0x02, 0x80, 0x03, 0x00, 0x03, 0x80, 0x04, 0x00, 0x04, 0x80, 0x05, 0x00, 0x05, 0x80,
			0x06, 0x00, 0x06, 0x80, 0x07, 0x00, 0x07, 0x80, 0x08, 0x00, 0x00, 0x00, 0x00, 0x80, 0x01, 0x00,
			0x01, 0x80, 0x02, 0x00, 0x02, 0x80, 0x03, 0x00, 0x03, 0x80, 0x04, 0x00, 0x04, 0x80, 0x05, 0x00,
			0x05, 0x80, 0x06, 0x00, 0x06, 0x80, 0x07, 0x00, 0x07, 0x80, 0x08, 0x00, 0x00, 0x01, 0x00, 0x04,
			0xFB, 0x01, 0x00, 0xE0, 0x00, 0x20, 0x01, 0x00, 0x00, 0x00, 0x01, 0x18, 0x00, 0xE0, 0xE0, 0x00,
			0x30, 0x18, 0x00, 0xE0, 0xE0, 0x00, 0x20, 0x01, 0x00, 0x01, 0x40, 0x03, 0xFF, 0x01, 0x05, 0x01,
			0x0A, 0x01, 0x50, 0x7A, 0x80, 0x01, 0x40, 0x60, 0x00, 0x01, 0x00, 0x80, 0x20, 0x00, 0x01, 0x01,
			0xF4, 0x02, 0x58, 0x01, 0xF4, 0x01, 0x90, 0x01, 0x0D, 0x00, 0x00, 0x26, 0x01, 0x28, 0x01, 0x01,
			0x01, 0x40, 0x6A, 0x9A, 0x3A, 0x1A, 0x16, 0x2A, 0x00, 0x23, 0x4F, 0x00, 0x4E, 0xC5, 0x00, 0x5D,
			0x17, 0x00, 0x30, 0xC3, 0x06, 0x40, 0x40, 0x20, 0x40, 0x00, 0x60, 0x40, 0x60, 0x00, 0x60, 0x30,
		},
		[NATURAL] = {
			/* DFh register - 224 bytes from rainbow_b0_mdnie_video_table[NATURAL] */
			0x11, 0x6a, 0x9a, 0x25, 0x1a, 0x16, 0x2a, 0x00, 0x37, 0x5a, 0x00, 0x4e, 0xc5, 0x00, 0x5d, 0x17,
			0x00, 0x30, 0xc3, 0xe1, 0x3d, 0x27, 0xfa, 0xfb, 0x57, 0xe6, 0x46, 0xf0, 0xff, 0xfc, 0xf6, 0x8f,
			0xe1, 0xf8, 0x3d, 0xf5, 0x27, 0xe6, 0x86, 0x46, 0xf5, 0xf0, 0x4f, 0xfa, 0x37, 0xfb, 0x1f, 0x57,
			0xed, 0xff, 0x00, 0xfc, 0x00, 0xf6, 0x00, 0x00, 0x00, 0x00, 0x00, 0x80, 0x01, 0x00, 0x01, 0x80,
			0x02, 0x00, 0x02, 0x80, 0x03, 0x00, 0x03, 0x80, 0x04, 0x00, 0x04, 0x80, 0x05, 0x00, 0x05, 0x80,
			0x06, 0x00, 0x06, 0x80, 0x07, 0x00, 0x07, 0x80, 0x08, 0x00, 0x00, 0x00, 0x00, 0x80, 0x01, 0x00,
			0x01, 0x80, 0x02, 0x00, 0x02, 0x80, 0x03, 0x00, 0x03, 0x80, 0x04, 0x00, 0x04, 0x80, 0x05, 0x00,
			0x05, 0x80, 0x06, 0x00, 0x06, 0x80, 0x07, 0x00, 0x07, 0x80, 0x08, 0x00, 0x00, 0x01, 0x00, 0x04,
			0xFB, 0x01, 0x00, 0xE0, 0x00, 0x20, 0x01, 0x00, 0x00, 0x00, 0x01, 0x18, 0x00, 0xE0, 0xE0, 0x00,
			0x30, 0x18, 0x00, 0xE0, 0xE0, 0x00, 0x20, 0x01, 0x00, 0x01, 0x40, 0x03, 0xFF, 0x01, 0x05, 0x01,
			0x0A, 0x01, 0x50, 0x7A, 0x80, 0x01, 0x40, 0x60, 0x00, 0x01, 0x00, 0x80, 0x20, 0x00, 0x01, 0x01,
			0xF4, 0x02, 0x58, 0x01, 0xF4, 0x01, 0x90, 0x01, 0x0D, 0x00, 0x00, 0x26, 0x01, 0x28, 0x01, 0x01,
			0x01, 0x40, 0x6A, 0x9A, 0x3A, 0x1A, 0x16, 0x2A, 0x00, 0x23, 0x4F, 0x00, 0x4E, 0xC5, 0x00, 0x5D,
			0x17, 0x00, 0x30, 0xC3, 0x06, 0x40, 0x40, 0x20, 0x40, 0x00, 0x60, 0x40, 0x60, 0x00, 0x60, 0x30,
		},
		[MOVIE] = {},
		[AUTO] = {
			/* DFh register - 224 bytes from rainbow_b0_mdnie_video_table[AUTO] */
			0x01, 0x6A, 0x9A, 0x25, 0x1A, 0x16, 0x2A, 0x00, 0x37, 0x5A, 0x00, 0x4E, 0xC5, 0x00, 0x5D, 0x17,
			0x00, 0x30, 0xC3, 0xEB, 0x37, 0x1E, 0xFA, 0xFC, 0x00, 0xFF, 0x00, 0xFF, 0xFF, 0xFF, 0xFF, 0x00,
			0xF8, 0xEF, 0x00, 0xFF, 0x00, 0xFF, 0x4E, 0x00, 0xFF, 0xFF, 0x00, 0xFF, 0x00, 0xF7, 0x00, 0x00,
			0xFF, 0xFF, 0x00, 0xFF, 0x00, 0xFF, 0x00, 0x08, 0x00, 0x00, 0x00, 0x80, 0x01, 0x00, 0x01, 0x80,
			0x02, 0x00, 0x02, 0x80, 0x03, 0x00, 0x03, 0x80, 0x04, 0x00, 0x04, 0x80, 0x05, 0x00, 0x05, 0x80,
			0x06, 0x00, 0x06, 0x80, 0x07, 0x00, 0x07, 0x80, 0x08, 0x00, 0x00, 0x00, 0x00, 0xe4, 0x01, 0x96,
			0x02, 0x16, 0x02, 0x96, 0x03, 0x16, 0x03, 0x96, 0x04, 0x16, 0x04, 0x96, 0x05, 0x16, 0x05, 0x96,
			0x06, 0x16, 0x06, 0x96, 0x06, 0xf8, 0x07, 0x50, 0x07, 0xa8, 0x08, 0x00, 0x00, 0x00, 0x00, 0x10,
			0xf9, 0x01, 0x00, 0xE0, 0x00, 0x20, 0x01, 0x00, 0x00, 0x00, 0x01, 0x18, 0x00, 0xE0, 0xE0, 0x00,
			0x30, 0x18, 0x00, 0xE0, 0xE0, 0x00, 0x20, 0x01, 0x00, 0x01, 0x40, 0x03, 0xFF, 0x01, 0x08, 0x01,
			0x08, 0x01, 0x50, 0x7A, 0x80, 0x01, 0x40, 0x50, 0x00, 0x01, 0x00, 0x80, 0x20, 0x00, 0x01, 0x01,
			0x90, 0x01, 0xF4, 0x01, 0x90, 0x01, 0x2c, 0x01, 0x0D, 0x00, 0x00, 0x26, 0x01, 0x28, 0x01, 0x00,
			0x40, 0x6A, 0x9A, 0x3A, 0x1A, 0x16, 0x2A, 0x00, 0x23, 0x4F, 0x00, 0x4E, 0xC5, 0x00, 0x5D, 0x17,
			0x00, 0x30, 0xC3, 0x06, 0x40, 0x50, 0x20, 0x40, 0x00, 0x60, 0x40, 0x60, 0x00, 0x60, 0x30, 0x60,
		},
	},
	[CAMERA_MODE] = {
		[DYNAMIC] = {
			/* DFh register - 224 bytes from rainbow_b0_mdnie_camera_table[DYNAMIC] */
			0x11, 0x6A, 0x9A, 0x25, 0x1A, 0x16, 0x2A, 0x00, 0x37, 0x5A, 0x00, 0x4E, 0xC5, 0x00, 0x5D, 0x17,
			0x00, 0x30, 0xC3, 0xEB, 0x37, 0x1E, 0xFA, 0xFC, 0x00, 0xFF, 0x00, 0xFF, 0xFF, 0xFC, 0xF6, 0x55,
			0xF6, 0xFC, 0x20, 0xF5, 0x00, 0xF6, 0x43, 0x19, 0xFA, 0xEE, 0x00, 0xFE, 0x36, 0xFA, 0x00, 0x00,
			0xEF, 0xFF, 0x00, 0xFC, 0x00, 0xF6, 0x00, 0x00, 0x00, 0x00, 0x00, 0x80, 0x01, 0x00, 0x01, 0x80,
			0x02, 0x00, 0x02, 0x80, 0x03, 0x00, 0x03, 0x80, 0x04, 0x00, 0x04, 0x80, 0x05, 0x00, 0x05, 0x80,
			0x06, 0x00, 0x06, 0x80, 0x07, 0x00, 0x07, 0x80, 0x08, 0x00, 0x00, 0x00, 0x00, 0x80, 0x01, 0x00,
			0x01, 0x80, 0x02, 0x00, 0x02, 0x80, 0x03, 0x00, 0x03, 0x80, 0x04, 0x00, 0x04, 0x80, 0x05, 0x00,
			0x05, 0x80, 0x06, 0x00, 0x06, 0x80, 0x07, 0x00, 0x07, 0x80, 0x08, 0x00, 0x00, 0x00, 0x00, 0x10,
			0xf9, 0x01, 0x00, 0xE0, 0x00, 0x20, 0x01, 0x00, 0x00, 0x00, 0x01, 0x18, 0x00, 0xE0, 0xE0, 0x00,
			0x30, 0x18, 0x00, 0xE0, 0xE0, 0x00, 0x20, 0x01, 0x00, 0x01, 0x40, 0x03, 0xFF, 0x01, 0x08, 0x01,
			0x08, 0x01, 0x50, 0x7A, 0x80, 0x01, 0x40, 0x50, 0x00, 0x01, 0x00, 0x80, 0x20, 0x00, 0x01, 0x01,
			0x90, 0x01, 0xF4, 0x01, 0x90, 0x01, 0x2c, 0x01, 0x0D, 0x00, 0x00, 0x26, 0x01, 0x28, 0x01, 0x00,
			0x40, 0x6A, 0x9A, 0x3A, 0x1A, 0x16, 0x2A, 0x00, 0x23, 0x4F, 0x00, 0x4E, 0xC5, 0x00, 0x5D, 0x17,
			0x00, 0x30, 0xC3, 0x06, 0x40, 0x50, 0x20, 0x40, 0x00, 0x60, 0x40, 0x60, 0x00, 0x60, 0x30, 0x60,
		},
		[STANDARD] = {
			/* DFh register - 224 bytes from rainbow_b0_mdnie_camera_table[STANDARD] */
			0x11, 0x6a, 0x9a, 0x25, 0x1a, 0x16, 0x2a, 0x00, 0x37, 0x5a, 0x00, 0x4e, 0xc5, 0x00, 0x5d, 0x17,
			0x00, 0x30, 0xc3, 0xff, 0x4e, 0x2e, 0xfa, 0xfa, 0x45, 0xff, 0x5d, 0xf5, 0xff, 0xfc, 0xf6, 0x00,
			0xff, 0xf5, 0x4e, 0xf5, 0x2e, 0xff, 0x00, 0x5d, 0xf1, 0xf5, 0x33, 0xfa, 0x38, 0xfa, 0x1e, 0x45,
			0xf2, 0xff, 0x00, 0xfc, 0x00, 0xf6, 0x00, 0x00, 0x00, 0x00, 0x00, 0x80, 0x01, 0x00, 0x01, 0x80,
			0x02, 0x00, 0x02, 0x80, 0x03, 0x00, 0x03, 0x80, 0x04, 0x00, 0x04, 0x80, 0x05, 0x00, 0x05, 0x80,
			0x06, 0x00, 0x06, 0x80, 0x07, 0x00, 0x07, 0x80, 0x08, 0x00, 0x00, 0x00, 0x00, 0x80, 0x01, 0x00,
			0x01, 0x80, 0x02, 0x00, 0x02, 0x80, 0x03, 0x00, 0x03, 0x80, 0x04, 0x00, 0x04, 0x80, 0x05, 0x00,
			0x05, 0x80, 0x06, 0x00, 0x06, 0x80, 0x07, 0x00, 0x07, 0x80, 0x08, 0x00, 0x00, 0x01, 0x00, 0x04,
			0xFB, 0x01, 0x00, 0xE0, 0x00, 0x20, 0x01, 0x00, 0x00, 0x00, 0x01, 0x18, 0x00, 0xE0, 0xE0, 0x00,
			0x30, 0x18, 0x00, 0xE0, 0xE0, 0x00, 0x20, 0x01, 0x00, 0x01, 0x40, 0x03, 0xFF, 0x01, 0x05, 0x01,
			0x0A, 0x01, 0x50, 0x7A, 0x80, 0x01, 0x40, 0x60, 0x00, 0x01, 0x00, 0x80, 0x20, 0x00, 0x01, 0x01,
			0xF4, 0x02, 0x58, 0x01, 0xF4, 0x01, 0x90, 0x01, 0x0D, 0x00, 0x00, 0x26, 0x01, 0x28, 0x01, 0x01,
			0x01, 0x40, 0x6A, 0x9A, 0x3A, 0x1A, 0x16, 0x2A, 0x00, 0x23, 0x4F, 0x00, 0x4E, 0xC5, 0x00, 0x5D,
			0x17, 0x00, 0x30, 0xC3, 0x06, 0x40, 0x40, 0x20, 0x40, 0x00, 0x60, 0x40, 0x60, 0x00, 0x60, 0x30,
		},
		[NATURAL] = {
			/* DFh register - 224 bytes from rainbow_b0_mdnie_camera_table[NATURAL] */
			0x11, 0x6a, 0x9a, 0x25, 0x1a, 0x16, 0x2a, 0x00, 0x37, 0x5a, 0x00, 0x4e, 0xc5, 0x00, 0x5d, 0x17,
			0x00, 0x30, 0xc3, 0xe1, 0x3d, 0x27, 0xfa, 0xfb, 0x57, 0xe6, 0x46, 0xf0, 0xff, 0xfc, 0xf6, 0x8f,
			0xe1, 0xf8, 0x3d, 0xf5, 0x27, 0xe6, 0x86, 0x46, 0xf5, 0xf0, 0x4f, 0xfa, 0x37, 0xfb, 0x1f, 0x57,
			0xed, 0xff, 0x00, 0xfc, 0x00, 0xf6, 0x00, 0x00, 0x00, 0x00, 0x00, 0x80, 0x01, 0x00, 0x01, 0x80,
			0x02, 0x00, 0x02, 0x80, 0x03, 0x00, 0x03, 0x80, 0x04, 0x00, 0x04, 0x80, 0x05, 0x00, 0x05, 0x80,
			0x06, 0x00, 0x06, 0x80, 0x07, 0x00, 0x07, 0x80, 0x08, 0x00, 0x00, 0x00, 0x00, 0x80, 0x01, 0x00,
			0x01, 0x80, 0x02, 0x00, 0x02, 0x80, 0x03, 0x00, 0x03, 0x80, 0x04, 0x00, 0x04, 0x80, 0x05, 0x00,
			0x05, 0x80, 0x06, 0x00, 0x06, 0x80, 0x07, 0x00, 0x07, 0x80, 0x08, 0x00, 0x00, 0x01, 0x00, 0x10,
			0xFB, 0x01, 0x00, 0xE0, 0x00, 0x20, 0x01, 0x00, 0x00, 0x00, 0x01, 0x18, 0x00, 0xE0, 0xE0, 0x00,
			0x30, 0x18, 0x00, 0xE0, 0xE0, 0x00, 0x20, 0x01, 0x00, 0x01, 0x40, 0x03, 0xFF, 0x01, 0x05, 0x01,
			0x0A, 0x01, 0x50, 0x7A, 0x80, 0x01, 0x40, 0x60, 0x00, 0x01, 0x00, 0x80, 0x20, 0x00, 0x01, 0x01,
			0xF4, 0x02, 0x58, 0x01, 0xF4, 0x01, 0x90, 0x01, 0x0D, 0x00, 0x00, 0x26, 0x01, 0x28, 0x01, 0x01,
			0x01, 0x40, 0x6A, 0x9A, 0x3A, 0x1A, 0x16, 0x2A, 0x00, 0x23, 0x4F, 0x00, 0x4E, 0xC5, 0x00, 0x5D,
			0x17, 0x00, 0x30, 0xC3, 0x06, 0x40, 0x40, 0x20, 0x40, 0x00, 0x60, 0x40, 0x60, 0x00, 0x60, 0x30,
		},
		[MOVIE] = {},
		[AUTO] = {
			/* DFh register - 224 bytes from rainbow_b0_mdnie_camera_table[AUTO] */
			0x01, 0x6A, 0x9A, 0x25, 0x1A, 0x16, 0x2A, 0x00, 0x37, 0x5A, 0x00, 0x4E, 0xC5, 0x00, 0x5D, 0x17,
			0x00, 0x30, 0xC3, 0xEB, 0x37, 0x1E, 0xFA, 0xFC, 0x00, 0xFF, 0x00, 0xFF, 0xFF, 0xFF, 0xFF, 0x00,
			0xF8, 0xEF, 0x00, 0xFF, 0x00, 0xFF, 0x4E, 0x00, 0xFF, 0xFF, 0x00, 0xFF, 0x00, 0xF7, 0x00, 0x00,
			0xFF, 0xFF, 0x00, 0xFF, 0x00, 0xFF, 0x00, 0x08, 0x00, 0x00, 0x00, 0x80, 0x01, 0x00, 0x01, 0x80,
			0x02, 0x00, 0x02, 0x80, 0x03, 0x00, 0x03, 0x80, 0x04, 0x00, 0x04, 0x80, 0x05, 0x00, 0x05, 0x80,
			0x06, 0x00, 0x06, 0x80, 0x07, 0x00, 0x07, 0x80, 0x08, 0x00, 0x00, 0x00, 0x00, 0xe4, 0x01, 0x96,
			0x02, 0x16, 0x02, 0x96, 0x03, 0x16, 0x03, 0x96, 0x04, 0x16, 0x04, 0x96, 0x05, 0x16, 0x05, 0x96,
			0x06, 0x16, 0x06, 0x96, 0x06, 0xf8, 0x07, 0x50, 0x07, 0xa8, 0x08, 0x00, 0x00, 0x00, 0x00, 0x10,
			0xf9, 0x01, 0x00, 0xE0, 0x00, 0x20, 0x01, 0x00, 0x00, 0x00, 0x01, 0x18, 0x00, 0xE0, 0xE0, 0x00,
			0x30, 0x18, 0x00, 0xE0, 0xE0, 0x00, 0x20, 0x01, 0x00, 0x01, 0x40, 0x03, 0xFF, 0x01, 0x08, 0x01,
			0x08, 0x01, 0x50, 0x7A, 0x80, 0x01, 0x40, 0x50, 0x00, 0x01, 0x00, 0x80, 0x20, 0x00, 0x01, 0x01,
			0x90, 0x01, 0xF4, 0x01, 0x90, 0x01, 0x2c, 0x01, 0x0D, 0x00, 0x00, 0x26, 0x01, 0x28, 0x01, 0x00,
			0x40, 0x6A, 0x9A, 0x3A, 0x1A, 0x16, 0x2A, 0x00, 0x23, 0x4F, 0x00, 0x4E, 0xC5, 0x00, 0x5D, 0x17,
			0x00, 0x30, 0xC3, 0x06, 0x40, 0x50, 0x20, 0x40, 0x00, 0x60, 0x40, 0x60, 0x00, 0x60, 0x30, 0x60,
		},
	},
	[NAVI_MODE] = {},
	[GALLERY_MODE] = {
		[DYNAMIC] = {
			/* DFh register - 224 bytes from rainbow_b0_mdnie_gallery_table[DYNAMIC] */
			0x11, 0x6A, 0x9A, 0x25, 0x1A, 0x16, 0x2A, 0x00, 0x37, 0x5A, 0x00, 0x4E, 0xC5, 0x00, 0x5D, 0x17,
			0x00, 0x30, 0xC3, 0xEB, 0x37, 0x1E, 0xFA, 0xFC, 0x00, 0xFF, 0x00, 0xFF, 0xFF, 0xFC, 0xF6, 0x55,
			0xF6, 0xFC, 0x20, 0xF5, 0x00, 0xF6, 0x43, 0x19, 0xFA, 0xEE, 0x00, 0xFE, 0x36, 0xFA, 0x00, 0x00,
			0xEF, 0xFF, 0x00, 0xFC, 0x00, 0xF6, 0x00, 0x00, 0x00, 0x00, 0x00, 0x80, 0x01, 0x00, 0x01, 0x80,
			0x02, 0x00, 0x02, 0x80, 0x03, 0x00, 0x03, 0x80, 0x04, 0x00, 0x04, 0x80, 0x05, 0x00, 0x05, 0x80,
			0x06, 0x00, 0x06, 0x80, 0x07, 0x00, 0x07, 0x80, 0x08, 0x00, 0x00, 0x00, 0x00, 0x80, 0x01, 0x00,
			0x01, 0x80, 0x02, 0x00, 0x02, 0x80, 0x03, 0x00, 0x03, 0x80, 0x04, 0x00, 0x04, 0x80, 0x05, 0x00,
			0x05, 0x80, 0x06, 0x00, 0x06, 0x80, 0x07, 0x00, 0x07, 0x80, 0x08, 0x00, 0x00, 0x00, 0x00, 0x10,
			0xf9, 0x01, 0x00, 0xE0, 0x00, 0x20, 0x01, 0x00, 0x00, 0x00, 0x01, 0x18, 0x00, 0xE0, 0xE0, 0x00,
			0x30, 0x18, 0x00, 0xE0, 0xE0, 0x00, 0x20, 0x01, 0x00, 0x01, 0x40, 0x03, 0xFF, 0x01, 0x08, 0x01,
			0x08, 0x01, 0x50, 0x7A, 0x80, 0x01, 0x40, 0x50, 0x00, 0x01, 0x00, 0x80, 0x20, 0x00, 0x01, 0x01,
			0x90, 0x01, 0xF4, 0x01, 0x90, 0x01, 0x2c, 0x01, 0x0D, 0x00, 0x00, 0x26, 0x01, 0x28, 0x01, 0x00,
			0x40, 0x6A, 0x9A, 0x3A, 0x1A, 0x16, 0x2A, 0x00, 0x23, 0x4F, 0x00, 0x4E, 0xC5, 0x00, 0x5D, 0x17,
			0x00, 0x30, 0xC3, 0x06, 0x40, 0x50, 0x20, 0x40, 0x00, 0x60, 0x40, 0x60, 0x00, 0x60, 0x30, 0x60,
		},
		[STANDARD] = {
			/* DFh register - 224 bytes from rainbow_b0_mdnie_gallery_table[STANDARD] */
			0x11, 0x6a, 0x9a, 0x25, 0x1a, 0x16, 0x2a, 0x00, 0x37, 0x5a, 0x00, 0x4e, 0xc5, 0x00, 0x5d, 0x17,
			0x00, 0x30, 0xc3, 0xff, 0x4e, 0x2e, 0xfa, 0xfa, 0x45, 0xff, 0x5d, 0xf5, 0xff, 0xfc, 0xf6, 0x00,
			0xff, 0xf5, 0x4e, 0xf5, 0x2e, 0xff, 0x00, 0x5d, 0xf1, 0xf5, 0x33, 0xfa, 0x38, 0xfa, 0x1e, 0x45,
			0xf2, 0xff, 0x00, 0xfc, 0x00, 0xf6, 0x00, 0x00, 0x00, 0x00, 0x00, 0x80, 0x01, 0x00, 0x01, 0x80,
			0x02, 0x00, 0x02, 0x80, 0x03, 0x00, 0x03, 0x80, 0x04, 0x00, 0x04, 0x80, 0x05, 0x00, 0x05, 0x80,
			0x06, 0x00, 0x06, 0x80, 0x07, 0x00, 0x07, 0x80, 0x08, 0x00, 0x00, 0x00, 0x00, 0x80, 0x01, 0x00,
			0x01, 0x80, 0x02, 0x00, 0x02, 0x80, 0x03, 0x00, 0x03, 0x80, 0x04, 0x00, 0x04, 0x80, 0x05, 0x00,
			0x05, 0x80, 0x06, 0x00, 0x06, 0x80, 0x07, 0x00, 0x07, 0x80, 0x08, 0x00, 0x00, 0x01, 0x00, 0x04,
			0xFB, 0x01, 0x00, 0xE0, 0x00, 0x20, 0x01, 0x00, 0x00, 0x00, 0x01, 0x18, 0x00, 0xE0, 0xE0, 0x00,
			0x30, 0x18, 0x00, 0xE0, 0xE0, 0x00, 0x20, 0x01, 0x00, 0x01, 0x40, 0x03, 0xFF, 0x01, 0x05, 0x01,
			0x0A, 0x01, 0x50, 0x7A, 0x80, 0x01, 0x40, 0x60, 0x00, 0x01, 0x00, 0x80, 0x20, 0x00, 0x01, 0x01,
			0xF4, 0x02, 0x58, 0x01, 0xF4, 0x01, 0x90, 0x01, 0x0D, 0x00, 0x00, 0x26, 0x01, 0x28, 0x01, 0x01,
			0x01, 0x40, 0x6A, 0x9A, 0x3A, 0x1A, 0x16, 0x2A, 0x00, 0x23, 0x4F, 0x00, 0x4E, 0xC5, 0x00, 0x5D,
			0x17, 0x00, 0x30, 0xC3, 0x06, 0x40, 0x40, 0x20, 0x40, 0x00, 0x60, 0x40, 0x60, 0x00, 0x60, 0x30,
		},
		[NATURAL] = {
			/* DFh register - 224 bytes from rainbow_b0_mdnie_gallery_table[NATURAL] */
			0x11, 0x6a, 0x9a, 0x25, 0x1a, 0x16, 0x2a, 0x00, 0x37, 0x5a, 0x00, 0x4e, 0xc5, 0x00, 0x5d, 0x17,
			0x00, 0x30, 0xc3, 0xe1, 0x3d, 0x27, 0xfa, 0xfb, 0x57, 0xe6, 0x46, 0xf0, 0xff, 0xfc, 0xf6, 0x8f,
			0xe1, 0xf8, 0x3d, 0xf5, 0x27, 0xe6, 0x86, 0x46, 0xf5, 0xf0, 0x4f, 0xfa, 0x37, 0xfb, 0x1f, 0x57,
			0xed, 0xff, 0x00, 0xfc, 0x00, 0xf6, 0x00, 0x00, 0x00, 0x00, 0x00, 0x80, 0x01, 0x00, 0x01, 0x80,
			0x02, 0x00, 0x02, 0x80, 0x03, 0x00, 0x03, 0x80, 0x04, 0x00, 0x04, 0x80, 0x05, 0x00, 0x05, 0x80,
			0x06, 0x00, 0x06, 0x80, 0x07, 0x00, 0x07, 0x80, 0x08, 0x00, 0x00, 0x00, 0x00, 0x80, 0x01, 0x00,
			0x01, 0x80, 0x02, 0x00, 0x02, 0x80, 0x03, 0x00, 0x03, 0x80, 0x04, 0x00, 0x04, 0x80, 0x05, 0x00,
			0x05, 0x80, 0x06, 0x00, 0x06, 0x80, 0x07, 0x00, 0x07, 0x80, 0x08, 0x00, 0x00, 0x01, 0x00, 0x04,
			0xFB, 0x01, 0x00, 0xE0, 0x00, 0x20, 0x01, 0x00, 0x00, 0x00, 0x01, 0x18, 0x00, 0xE0, 0xE0, 0x00,
			0x30, 0x18, 0x00, 0xE0, 0xE0, 0x00, 0x20, 0x01, 0x00, 0x01, 0x40, 0x03, 0xFF, 0x01, 0x05, 0x01,
			0x0A, 0x01, 0x50, 0x7A, 0x80, 0x01, 0x40, 0x60, 0x00, 0x01, 0x00, 0x80, 0x20, 0x00, 0x01, 0x01,
			0xF4, 0x02, 0x58, 0x01, 0xF4, 0x01, 0x90, 0x01, 0x0D, 0x00, 0x00, 0x26, 0x01, 0x28, 0x01, 0x01,
			0x01, 0x40, 0x6A, 0x9A, 0x3A, 0x1A, 0x16, 0x2A, 0x00, 0x23, 0x4F, 0x00, 0x4E, 0xC5, 0x00, 0x5D,
			0x17, 0x00, 0x30, 0xC3, 0x06, 0x40, 0x40, 0x20, 0x40, 0x00, 0x60, 0x40, 0x60, 0x00, 0x60, 0x30,
		},
		[MOVIE] = {},
		[AUTO] = {
			/* DFh register - 224 bytes from rainbow_b0_mdnie_gallery_table[AUTO] */
			0x01, 0x6A, 0x9A, 0x25, 0x1A, 0x16, 0x2A, 0x00, 0x37, 0x5A, 0x00, 0x4E, 0xC5, 0x00, 0x5D, 0x17,
			0x00, 0x30, 0xC3, 0xEB, 0x37, 0x1E, 0xFA, 0xFC, 0x00, 0xFF, 0x00, 0xFF, 0xFF, 0xFF, 0xFF, 0x00,
			0xF8, 0xEF, 0x00, 0xFF, 0x00, 0xFF, 0x4E, 0x00, 0xFF, 0xFF, 0x00, 0xFF, 0x00, 0xF7, 0x00, 0x00,
			0xFF, 0xFF, 0x00, 0xFF, 0x00, 0xFF, 0x00, 0x08, 0x00, 0x00, 0x00, 0x80, 0x01, 0x00, 0x01, 0x80,
			0x02, 0x00, 0x02, 0x80, 0x03, 0x00, 0x03, 0x80, 0x04, 0x00, 0x04, 0x80, 0x05, 0x00, 0x05, 0x80,
			0x06, 0x00, 0x06, 0x80, 0x07, 0x00, 0x07, 0x80, 0x08, 0x00, 0x00, 0x00, 0x00, 0xe4, 0x01, 0x96,
			0x02, 0x16, 0x02, 0x96, 0x03, 0x16, 0x03, 0x96, 0x04, 0x16, 0x04, 0x96, 0x05, 0x16, 0x05, 0x96,
			0x06, 0x16, 0x06, 0x96, 0x06, 0xf8, 0x07, 0x50, 0x07, 0xa8, 0x08, 0x00, 0x00, 0x00, 0x00, 0x10,
			0xf9, 0x01, 0x00, 0xE0, 0x00, 0x20, 0x01, 0x00, 0x00, 0x00, 0x01, 0x18, 0x00, 0xE0, 0xE0, 0x00,
			0x30, 0x18, 0x00, 0xE0, 0xE0, 0x00, 0x20, 0x01, 0x00, 0x01, 0x40, 0x03, 0xFF, 0x01, 0x08, 0x01,
			0x08, 0x01, 0x50, 0x7A, 0x80, 0x01, 0x40, 0x50, 0x00, 0x01, 0x00, 0x80, 0x20, 0x00, 0x01, 0x01,
			0x90, 0x01, 0xF4, 0x01, 0x90, 0x01, 0x2c, 0x01, 0x0D, 0x00, 0x00, 0x26, 0x01, 0x28, 0x01, 0x00,
			0x40, 0x6A, 0x9A, 0x3A, 0x1A, 0x16, 0x2A, 0x00, 0x23, 0x4F, 0x00, 0x4E, 0xC5, 0x00, 0x5D, 0x17,
			0x00, 0x30, 0xC3, 0x06, 0x40, 0x50, 0x20, 0x40, 0x00, 0x60, 0x40, 0x60, 0x00, 0x60, 0x30, 0x60,
		},
	},
	[VT_MODE] = {},
	[BROWSER_MODE] = {
		[DYNAMIC] = {
			/* DFh register - 224 bytes from rainbow_b0_mdnie_browser_table[DYNAMIC] */
			0x11, 0x6A, 0x9A, 0x25, 0x1A, 0x16, 0x2A, 0x00, 0x37, 0x5A, 0x00, 0x4E, 0xC5, 0x00, 0x5D, 0x17,
			0x00, 0x30, 0xC3, 0xEB, 0x37, 0x1E, 0xFA, 0xFC, 0x00, 0xFF, 0x00, 0xFF, 0xFF, 0xFC, 0xF6, 0x55,
			0xF6, 0xFC, 0x20, 0xF5, 0x00, 0xF6, 0x43, 0x19, 0xFA, 0xEE, 0x00, 0xFE, 0x36, 0xFA, 0x00, 0x00,
			0xEF, 0xFF, 0x00, 0xFC, 0x00, 0xF6, 0x00, 0x00, 0x00, 0x00, 0x00, 0x80, 0x01, 0x00, 0x01, 0x80,
			0x02, 0x00, 0x02, 0x80, 0x03, 0x00, 0x03, 0x80, 0x04, 0x00, 0x04, 0x80, 0x05, 0x00, 0x05, 0x80,
			0x06, 0x00, 0x06, 0x80, 0x07, 0x00, 0x07, 0x80, 0x08, 0x00, 0x00, 0x00, 0x00, 0x80, 0x01, 0x00,
			0x01, 0x80, 0x02, 0x00, 0x02, 0x80, 0x03, 0x00, 0x03, 0x80, 0x04, 0x00, 0x04, 0x80, 0x05, 0x00,
			0x05, 0x80, 0x06, 0x00, 0x06, 0x80, 0x07, 0x00, 0x07, 0x80, 0x08, 0x00, 0x00, 0x00, 0x00, 0x10,
			0xf9, 0x01, 0x00, 0xE0, 0x00, 0x20, 0x01, 0x00, 0x00, 0x00, 0x01, 0x18, 0x00, 0xE0, 0xE0, 0x00,
			0x30, 0x18, 0x00, 0xE0, 0xE0, 0x00, 0x20, 0x01, 0x00, 0x01, 0x40, 0x03, 0xFF, 0x01, 0x08, 0x01,
			0x08, 0x01, 0x50, 0x7A, 0x80, 0x01, 0x40, 0x50, 0x00, 0x01, 0x00, 0x80, 0x20, 0x00, 0x01, 0x01,
			0x90, 0x01, 0xF4, 0x01, 0x90, 0x01, 0x2c, 0x01, 0x0D, 0x00, 0x00, 0x26, 0x01, 0x28, 0x01, 0x00,
			0x40, 0x6A, 0x9A, 0x3A, 0x1A, 0x16, 0x2A, 0x00, 0x23, 0x4F, 0x00, 0x4E, 0xC5, 0x00, 0x5D, 0x17,
			0x00, 0x30, 0xC3, 0x06, 0x40, 0x50, 0x20, 0x40, 0x00, 0x60, 0x40, 0x60, 0x00, 0x60, 0x30, 0x60,
		},
		[STANDARD] = {
			/* DFh register - 224 bytes from rainbow_b0_mdnie_browser_table[STANDARD] */
			0x11, 0x6a, 0x9a, 0x25, 0x1a, 0x16, 0x2a, 0x00, 0x37, 0x5a, 0x00, 0x4e, 0xc5, 0x00, 0x5d, 0x17,
			0x00, 0x30, 0xc3, 0xff, 0x4e, 0x2e, 0xfa, 0xfa, 0x45, 0xff, 0x5d, 0xf5, 0xff, 0xfc, 0xf6, 0x00,
			0xff, 0xf5, 0x4e, 0xf5, 0x2e, 0xff, 0x00, 0x5d, 0xf1, 0xf5, 0x33, 0xfa, 0x38, 0xfa, 0x1e, 0x45,
			0xf2, 0xff, 0x00, 0xfc, 0x00, 0xf6, 0x00, 0x00, 0x00, 0x00, 0x00, 0x80, 0x01, 0x00, 0x01, 0x80,
			0x02, 0x00, 0x02, 0x80, 0x03, 0x00, 0x03, 0x80, 0x04, 0x00, 0x04, 0x80, 0x05, 0x00, 0x05, 0x80,
			0x06, 0x00, 0x06, 0x80, 0x07, 0x00, 0x07, 0x80, 0x08, 0x00, 0x00, 0x00, 0x00, 0x80, 0x01, 0x00,
			0x01, 0x80, 0x02, 0x00, 0x02, 0x80, 0x03, 0x00, 0x03, 0x80, 0x04, 0x00, 0x04, 0x80, 0x05, 0x00,
			0x05, 0x80, 0x06, 0x00, 0x06, 0x80, 0x07, 0x00, 0x07, 0x80, 0x08, 0x00, 0x00, 0x01, 0x00, 0x04,
			0xFB, 0x01, 0x00, 0xE0, 0x00, 0x20, 0x01, 0x00, 0x00, 0x00, 0x01, 0x18, 0x00, 0xE0, 0xE0, 0x00,
			0x30, 0x18, 0x00, 0xE0, 0xE0, 0x00, 0x20, 0x01, 0x00, 0x01, 0x40, 0x03, 0xFF, 0x01, 0x05, 0x01,
			0x0A, 0x01, 0x50, 0x7A, 0x80, 0x01, 0x40, 0x60, 0x00, 0x01, 0x00, 0x80, 0x20, 0x00, 0x01, 0x01,
			0xF4, 0x02, 0x58, 0x01, 0xF4, 0x01, 0x90, 0x01, 0x0D, 0x00, 0x00, 0x26, 0x01, 0x28, 0x01, 0x01,
			0x01, 0x40, 0x6A, 0x9A, 0x3A, 0x1A, 0x16, 0x2A, 0x00, 0x23, 0x4F, 0x00, 0x4E, 0xC5, 0x00, 0x5D,
			0x17, 0x00, 0x30, 0xC3, 0x06, 0x40, 0x40, 0x20, 0x40, 0x00, 0x60, 0x40, 0x60, 0x00, 0x60, 0x30,
		},
		[NATURAL] = {
			/* DFh register - 224 bytes from rainbow_b0_mdnie_browser_table[NATURAL] */
			0x11, 0x6a, 0x9a, 0x25, 0x1a, 0x16, 0x2a, 0x00, 0x37, 0x5a, 0x00, 0x4e, 0xc5, 0x00, 0x5d, 0x17,
			0x00, 0x30, 0xc3, 0xe1, 0x3d, 0x27, 0xfa, 0xfb, 0x57, 0xe6, 0x46, 0xf0, 0xff, 0xfc, 0xf6, 0x8f,
			0xe1, 0xf8, 0x3d, 0xf5, 0x27, 0xe6, 0x86, 0x46, 0xf5, 0xf0, 0x4f, 0xfa, 0x37, 0xfb, 0x1f, 0x57,
			0xed, 0xff, 0x00, 0xfc, 0x00, 0xf6, 0x00, 0x00, 0x00, 0x00, 0x00, 0x80, 0x01, 0x00, 0x01, 0x80,
			0x02, 0x00, 0x02, 0x80, 0x03, 0x00, 0x03, 0x80, 0x04, 0x00, 0x04, 0x80, 0x05, 0x00, 0x05, 0x80,
			0x06, 0x00, 0x06, 0x80, 0x07, 0x00, 0x07, 0x80, 0x08, 0x00, 0x00, 0x00, 0x00, 0x80, 0x01, 0x00,
			0x01, 0x80, 0x02, 0x00, 0x02, 0x80, 0x03, 0x00, 0x03, 0x80, 0x04, 0x00, 0x04, 0x80, 0x05, 0x00,
			0x05, 0x80, 0x06, 0x00, 0x06, 0x80, 0x07, 0x00, 0x07, 0x80, 0x08, 0x00, 0x00, 0x01, 0x00, 0x04,
			0xFB, 0x01, 0x00, 0xE0, 0x00, 0x20, 0x01, 0x00, 0x00, 0x00, 0x01, 0x18, 0x00, 0xE0, 0xE0, 0x00,
			0x30, 0x18, 0x00, 0xE0, 0xE0, 0x00, 0x20, 0x01, 0x00, 0x01, 0x40, 0x03, 0xFF, 0x01, 0x05, 0x01,
			0x0A, 0x01, 0x50, 0x7A, 0x80, 0x01, 0x40, 0x60, 0x00, 0x01, 0x00, 0x80, 0x20, 0x00, 0x01, 0x01,
			0xF4, 0x02, 0x58, 0x01, 0xF4, 0x01, 0x90, 0x01, 0x0D, 0x00, 0x00, 0x26, 0x01, 0x28, 0x01, 0x01,
			0x01, 0x40, 0x6A, 0x9A, 0x3A, 0x1A, 0x16, 0x2A, 0x00, 0x23, 0x4F, 0x00, 0x4E, 0xC5, 0x00, 0x5D,
			0x17, 0x00, 0x30, 0xC3, 0x06, 0x40, 0x40, 0x20, 0x40, 0x00, 0x60, 0x40, 0x60, 0x00, 0x60, 0x30,
		},
		[MOVIE] = {},
		[AUTO] = {
			/* DFh register - 224 bytes from rainbow_b0_mdnie_browser_table[AUTO] */
			0x01, 0x6A, 0x9A, 0x25, 0x1A, 0x16, 0x2A, 0x00, 0x37, 0x5A, 0x00, 0x4E, 0xC5, 0x00, 0x5D, 0x17,
			0x00, 0x30, 0xC3, 0xEB, 0x37, 0x1E, 0xFA, 0xFC, 0x00, 0xFF, 0x00, 0xFF, 0xFF, 0xFF, 0xFF, 0x00,
			0xF8, 0xEF, 0x00, 0xFF, 0x00, 0xFF, 0x4E, 0x00, 0xFF, 0xFF, 0x00, 0xFF, 0x00, 0xF7, 0x00, 0x00,
			0xFF, 0xFF, 0x00, 0xFF, 0x00, 0xFF, 0x00, 0x08, 0x00, 0x00, 0x00, 0x80, 0x01, 0x00, 0x01, 0x80,
			0x02, 0x00, 0x02, 0x80, 0x03, 0x00, 0x03, 0x80, 0x04, 0x00, 0x04, 0x80, 0x05, 0x00, 0x05, 0x80,
			0x06, 0x00, 0x06, 0x80, 0x07, 0x00, 0x07, 0x80, 0x08, 0x00, 0x00, 0x00, 0x00, 0xe4, 0x01, 0x96,
			0x02, 0x16, 0x02, 0x96, 0x03, 0x16, 0x03, 0x96, 0x04, 0x16, 0x04, 0x96, 0x05, 0x16, 0x05, 0x96,
			0x06, 0x16, 0x06, 0x96, 0x06, 0xf8, 0x07, 0x50, 0x07, 0xa8, 0x08, 0x00, 0x00, 0x00, 0x00, 0x10,
			0xf9, 0x01, 0x00, 0xE0, 0x00, 0x20, 0x01, 0x00, 0x00, 0x00, 0x01, 0x18, 0x00, 0xE0, 0xE0, 0x00,
			0x30, 0x18, 0x00, 0xE0, 0xE0, 0x00, 0x20, 0x01, 0x00, 0x01, 0x40, 0x03, 0xFF, 0x01, 0x08, 0x01,
			0x08, 0x01, 0x50, 0x7A, 0x80, 0x01, 0x40, 0x50, 0x00, 0x01, 0x00, 0x80, 0x20, 0x00, 0x01, 0x01,
			0x90, 0x01, 0xF4, 0x01, 0x90, 0x01, 0x2c, 0x01, 0x0D, 0x00, 0x00, 0x26, 0x01, 0x28, 0x01, 0x00,
			0x40, 0x6A, 0x9A, 0x3A, 0x1A, 0x16, 0x2A, 0x00, 0x23, 0x4F, 0x00, 0x4E, 0xC5, 0x00, 0x5D, 0x17,
			0x00, 0x30, 0xC3, 0x06, 0x40, 0x50, 0x20, 0x40, 0x00, 0x60, 0x40, 0x60, 0x00, 0x60, 0x30, 0x60,
		},
	},
	[EBOOK_MODE] = {
		[DYNAMIC] = {
			/* DFh register - 224 bytes from rainbow_b0_mdnie_ebook_table[DYNAMIC] */
			0x11, 0x6A, 0x9A, 0x25, 0x1A, 0x16, 0x2A, 0x00, 0x37, 0x5A, 0x00, 0x4E, 0xC5, 0x00, 0x5D, 0x17,
			0x00, 0x30, 0xC3, 0xEB, 0x37, 0x1E, 0xFA, 0xFC, 0x00, 0xFF, 0x00, 0xFF, 0xFF, 0xFC, 0xF6, 0x55,
			0xF6, 0xFC, 0x20, 0xF5, 0x00, 0xF6, 0x43, 0x19, 0xFA, 0xEE, 0x00, 0xFE, 0x36, 0xFA, 0x00, 0x00,
			0xEF, 0xFF, 0x00, 0xFC, 0x00, 0xF6, 0x00, 0x00, 0x00, 0x00, 0x00, 0x80, 0x01, 0x00, 0x01, 0x80,
			0x02, 0x00, 0x02, 0x80, 0x03, 0x00, 0x03, 0x80, 0x04, 0x00, 0x04, 0x80, 0x05, 0x00, 0x05, 0x80,
			0x06, 0x00, 0x06, 0x80, 0x07, 0x00, 0x07, 0x80, 0x08, 0x00, 0x00, 0x00, 0x00, 0x80, 0x01, 0x00,
			0x01, 0x80, 0x02, 0x00, 0x02, 0x80, 0x03, 0x00, 0x03, 0x80, 0x04, 0x00, 0x04, 0x80, 0x05, 0x00,
			0x05, 0x80, 0x06, 0x00, 0x06, 0x80, 0x07, 0x00, 0x07, 0x80, 0x08, 0x00, 0x00, 0x00, 0x00, 0x10,
			0xf9, 0x01, 0x00, 0xE0, 0x00, 0x20, 0x01, 0x00, 0x00, 0x00, 0x01, 0x18, 0x00, 0xE0, 0xE0, 0x00,
			0x30, 0x18, 0x00, 0xE0, 0xE0, 0x00, 0x20, 0x01, 0x00, 0x01, 0x40, 0x03, 0xFF, 0x01, 0x08, 0x01,
			0x08, 0x01, 0x50, 0x7A, 0x80, 0x01, 0x40, 0x50, 0x00, 0x01, 0x00, 0x80, 0x20, 0x00, 0x01, 0x01,
			0x90, 0x01, 0xF4, 0x01, 0x90, 0x01, 0x2c, 0x01, 0x0D, 0x00, 0x00, 0x26, 0x01, 0x28, 0x01, 0x00,
			0x40, 0x6A, 0x9A, 0x3A, 0x1A, 0x16, 0x2A, 0x00, 0x23, 0x4F, 0x00, 0x4E, 0xC5, 0x00, 0x5D, 0x17,
			0x00, 0x30, 0xC3, 0x06, 0x40, 0x50, 0x20, 0x40, 0x00, 0x60, 0x40, 0x60, 0x00, 0x60, 0x30, 0x60,
		},
		[STANDARD] = {
			/* DFh register - 224 bytes from rainbow_b0_mdnie_ebook_table[STANDARD] */
			0x11, 0x6a, 0x9a, 0x25, 0x1a, 0x16, 0x2a, 0x00, 0x37, 0x5a, 0x00, 0x4e, 0xc5, 0x00, 0x5d, 0x17,
			0x00, 0x30, 0xc3, 0xff, 0x4e, 0x2e, 0xfa, 0xfa, 0x45, 0xff, 0x5d, 0xf5, 0xff, 0xfc, 0xf6, 0x00,
			0xff, 0xf5, 0x4e, 0xf5, 0x2e, 0xff, 0x00, 0x5d, 0xf1, 0xf5, 0x33, 0xfa, 0x38, 0xfa, 0x1e, 0x45,
			0xf2, 0xff, 0x00, 0xfc, 0x00, 0xf6, 0x00, 0x00, 0x00, 0x00, 0x00, 0x80, 0x01, 0x00, 0x01, 0x80,
			0x02, 0x00, 0x02, 0x80, 0x03, 0x00, 0x03, 0x80, 0x04, 0x00, 0x04, 0x80, 0x05, 0x00, 0x05, 0x80,
			0x06, 0x00, 0x06, 0x80, 0x07, 0x00, 0x07, 0x80, 0x08, 0x00, 0x00, 0x00, 0x00, 0x80, 0x01, 0x00,
			0x01, 0x80, 0x02, 0x00, 0x02, 0x80, 0x03, 0x00, 0x03, 0x80, 0x04, 0x00, 0x04, 0x80, 0x05, 0x00,
			0x05, 0x80, 0x06, 0x00, 0x06, 0x80, 0x07, 0x00, 0x07, 0x80, 0x08, 0x00, 0x00, 0x01, 0x00, 0x04,
			0xFB, 0x01, 0x00, 0xE0, 0x00, 0x20, 0x01, 0x00, 0x00, 0x00, 0x01, 0x18, 0x00, 0xE0, 0xE0, 0x00,
			0x30, 0x18, 0x00, 0xE0, 0xE0, 0x00, 0x20, 0x01, 0x00, 0x01, 0x40, 0x03, 0xFF, 0x01, 0x05, 0x01,
			0x0A, 0x01, 0x50, 0x7A, 0x80, 0x01, 0x40, 0x60, 0x00, 0x01, 0x00, 0x80, 0x20, 0x00, 0x01, 0x01,
			0xF4, 0x02, 0x58, 0x01, 0xF4, 0x01, 0x90, 0x01, 0x0D, 0x00, 0x00, 0x26, 0x01, 0x28, 0x01, 0x01,
			0x01, 0x40, 0x6A, 0x9A, 0x3A, 0x1A, 0x16, 0x2A, 0x00, 0x23, 0x4F, 0x00, 0x4E, 0xC5, 0x00, 0x5D,
			0x17, 0x00, 0x30, 0xC3, 0x06, 0x40, 0x40, 0x20, 0x40, 0x00, 0x60, 0x40, 0x60, 0x00, 0x60, 0x30,
		},
		[NATURAL] = {
			/* DFh register - 224 bytes from rainbow_b0_mdnie_ebook_table[NATURAL] */
			0x11, 0x6a, 0x9a, 0x25, 0x1a, 0x16, 0x2a, 0x00, 0x37, 0x5a, 0x00, 0x4e, 0xc5, 0x00, 0x5d, 0x17,
			0x00, 0x30, 0xc3, 0xe1, 0x3d, 0x27, 0xfa, 0xfb, 0x57, 0xe6, 0x46, 0xf0, 0xff, 0xfc, 0xf6, 0x8f,
			0xe1, 0xf8, 0x3d, 0xf5, 0x27, 0xe6, 0x86, 0x46, 0xf5, 0xf0, 0x4f, 0xfa, 0x37, 0xfb, 0x1f, 0x57,
			0xed, 0xff, 0x00, 0xfc, 0x00, 0xf6, 0x00, 0x00, 0x00, 0x00, 0x00, 0x80, 0x01, 0x00, 0x01, 0x80,
			0x02, 0x00, 0x02, 0x80, 0x03, 0x00, 0x03, 0x80, 0x04, 0x00, 0x04, 0x80, 0x05, 0x00, 0x05, 0x80,
			0x06, 0x00, 0x06, 0x80, 0x07, 0x00, 0x07, 0x80, 0x08, 0x00, 0x00, 0x00, 0x00, 0x80, 0x01, 0x00,
			0x01, 0x80, 0x02, 0x00, 0x02, 0x80, 0x03, 0x00, 0x03, 0x80, 0x04, 0x00, 0x04, 0x80, 0x05, 0x00,
			0x05, 0x80, 0x06, 0x00, 0x06, 0x80, 0x07, 0x00, 0x07, 0x80, 0x08, 0x00, 0x00, 0x01, 0x00, 0x04,
			0xFB, 0x01, 0x00, 0xE0, 0x00, 0x20, 0x01, 0x00, 0x00, 0x00, 0x01, 0x18, 0x00, 0xE0, 0xE0, 0x00,
			0x30, 0x18, 0x00, 0xE0, 0xE0, 0x00, 0x20, 0x01, 0x00, 0x01, 0x40, 0x03, 0xFF, 0x01, 0x05, 0x01,
			0x0A, 0x01, 0x50, 0x7A, 0x80, 0x01, 0x40, 0x60, 0x00, 0x01, 0x00, 0x80, 0x20, 0x00, 0x01, 0x01,
			0xF4, 0x02, 0x58, 0x01, 0xF4, 0x01, 0x90, 0x01, 0x0D, 0x00, 0x00, 0x26, 0x01, 0x28, 0x01, 0x01,
			0x01, 0x40, 0x6A, 0x9A, 0x3A, 0x1A, 0x16, 0x2A, 0x00, 0x23, 0x4F, 0x00, 0x4E, 0xC5, 0x00, 0x5D,
			0x17, 0x00, 0x30, 0xC3, 0x06, 0x40, 0x40, 0x20, 0x40, 0x00, 0x60, 0x40, 0x60, 0x00, 0x60, 0x30,
		},
		[MOVIE] = {},
		[AUTO] = {
			/* DFh register - 224 bytes from rainbow_b0_mdnie_ebook_table[AUTO] */
			0x01, 0x6A, 0x9A, 0x25, 0x1A, 0x16, 0x2A, 0x00, 0x37, 0x5A, 0x00, 0x4E, 0xC5, 0x00, 0x5D, 0x17,
			0x00, 0x30, 0xC3, 0xEB, 0x37, 0x1E, 0xFA, 0xFC, 0x00, 0xFF, 0x00, 0xFF, 0xFF, 0xFF, 0xFF, 0x00,
			0xF8, 0xEF, 0x00, 0xFF, 0x00, 0xFF, 0x4E, 0x00, 0xFF, 0xFF, 0x00, 0xFF, 0x00, 0xF7, 0x00, 0x00,
			0xFF, 0xFF, 0x00, 0xFc, 0x00, 0xF6, 0x00, 0x08, 0x00, 0x00, 0x00, 0x80, 0x01, 0x00, 0x01, 0x80,
			0x02, 0x00, 0x02, 0x80, 0x03, 0x00, 0x03, 0x80, 0x04, 0x00, 0x04, 0x80, 0x05, 0x00, 0x05, 0x80,
			0x06, 0x00, 0x06, 0x80, 0x07, 0x00, 0x07, 0x80, 0x08, 0x00, 0x00, 0x00, 0x00, 0xe4, 0x01, 0x96,
			0x02, 0x16, 0x02, 0x96, 0x03, 0x16, 0x03, 0x96, 0x04, 0x16, 0x04, 0x96, 0x05, 0x16, 0x05, 0x96,
			0x06, 0x16, 0x06, 0x96, 0x06, 0xf8, 0x07, 0x50, 0x07, 0xa8, 0x08, 0x00, 0x00, 0x00, 0x00, 0x10,
			0xf9, 0x01, 0x00, 0xE0, 0x00, 0x20, 0x01, 0x00, 0x00, 0x00, 0x01, 0x18, 0x00, 0xE0, 0xE0, 0x00,
			0x30, 0x18, 0x00, 0xE0, 0xE0, 0x00, 0x20, 0x01, 0x00, 0x01, 0x40, 0x03, 0xFF, 0x01, 0x08, 0x01,
			0x08, 0x01, 0x50, 0x7A, 0x80, 0x01, 0x40, 0x50, 0x00, 0x01, 0x00, 0x80, 0x20, 0x00, 0x01, 0x01,
			0x90, 0x01, 0xF4, 0x01, 0x90, 0x01, 0x2c, 0x01, 0x0D, 0x00, 0x00, 0x26, 0x01, 0x28, 0x01, 0x00,
			0x40, 0x6A, 0x9A, 0x3A, 0x1A, 0x16, 0x2A, 0x00, 0x23, 0x4F, 0x00, 0x4E, 0xC5, 0x00, 0x5D, 0x17,
			0x00, 0x30, 0xC3, 0x06, 0x40, 0x50, 0x20, 0x40, 0x00, 0x60, 0x40, 0x60, 0x00, 0x60, 0x30, 0x60,
		},
	},
	[EMAIL_MODE] = {
		[DYNAMIC] = {
			/* DFh register - 224 bytes from rainbow_b0_mdnie_email_table[DYNAMIC] */
			0x01, 0x6a, 0x9a, 0x25, 0x1a, 0x16, 0x2a, 0x00, 0x37, 0x5a, 0x00, 0x4e, 0xc5, 0x00, 0x5d, 0x17,
			0x00, 0x30, 0xc3, 0xff, 0x00, 0x00, 0xff, 0xff, 0x00, 0xff, 0x00, 0xff, 0xff, 0xfb, 0xee, 0x00,
			0xff, 0xff, 0x00, 0xff, 0x00, 0xff, 0x00, 0x00, 0xff, 0xff, 0x00, 0xff, 0x00, 0xff, 0x00, 0x00,
			0xff, 0xff, 0x00, 0xfb, 0x00, 0xee, 0x00, 0x00, 0x00, 0x00, 0x00, 0x80, 0x01, 0x00, 0x01, 0x80,
			0x02, 0x00, 0x02, 0x80, 0x03, 0x00, 0x03, 0x80, 0x04, 0x00, 0x04, 0x80, 0x05, 0x00, 0x05, 0x80,
			0x06, 0x00, 0x06, 0x80, 0x07, 0x00, 0x07, 0x80, 0x08, 0x00, 0x00, 0x00, 0x00, 0x80, 0x01, 0x00,
			0x01, 0x80, 0x02, 0x00, 0x02, 0x80, 0x03, 0x00, 0x03, 0x80, 0x04, 0x00, 0x04, 0x80, 0x05, 0x00,
			0x05, 0x80, 0x06, 0x00, 0x06, 0x80, 0x07, 0x00, 0x07, 0x80, 0x08, 0x00, 0x00, 0x00, 0x00, 0x10,
			0xf9, 0x01, 0x00, 0xE0, 0x00, 0x20, 0x01, 0x00, 0x00, 0x00, 0x01, 0x18, 0x00, 0xE0, 0xE0, 0x00,
			0x30, 0x18, 0x00, 0xE0, 0xE0, 0x00, 0x20, 0x01, 0x00, 0x01, 0x40, 0x03, 0xFF, 0x01, 0x08, 0x01,
			0x08, 0x01, 0x50, 0x7A, 0x80, 0x01, 0x40, 0x50, 0x00, 0x01, 0x00, 0x80, 0x20, 0x00, 0x01, 0x01,
			0x90, 0x01, 0xF4, 0x01, 0x90, 0x01, 0x2c, 0x01, 0x0D, 0x00, 0x00, 0x26, 0x01, 0x28, 0x01, 0x00,
			0x40, 0x6A, 0x9A, 0x3A, 0x1A, 0x16, 0x2A, 0x00, 0x23, 0x4F, 0x00, 0x4E, 0xC5, 0x00, 0x5D, 0x17,
			0x00, 0x30, 0xC3, 0x06, 0x40, 0x40, 0x20, 0x40, 0x00, 0x60, 0x40, 0x60, 0x00, 0x60, 0x30, 0x60,
		},
		[STANDARD] = {
			/* DFh register - 224 bytes from rainbow_b0_mdnie_email_table[STANDARD] */
			0x01, 0x6a, 0x9a, 0x25, 0x1a, 0x16, 0x2a, 0x00, 0x37, 0x5a, 0x00, 0x4e, 0xc5, 0x00, 0x5d, 0x17,
			0x00, 0x30, 0xc3, 0xff, 0x00, 0x00, 0xff, 0xff, 0x00, 0xff, 0x00, 0xff, 0xff, 0xfb, 0xee, 0x00,
			0xff, 0xff, 0x00, 0xff, 0x00, 0xff, 0x00, 0x00, 0xff, 0xff, 0x00, 0xff, 0x00, 0xff, 0x00, 0x00,
			0xff, 0xff, 0x00, 0xfb, 0x00, 0xee, 0x00, 0x00, 0x00, 0x00, 0x00, 0x80, 0x01, 0x00, 0x01, 0x80,
			0x02, 0x00, 0x02, 0x80, 0x03, 0x00, 0x03, 0x80, 0x04, 0x00, 0x04, 0x80, 0x05, 0x00, 0x05, 0x80,
			0x06, 0x00, 0x06, 0x80, 0x07, 0x00, 0x07, 0x80, 0x08, 0x00, 0x00, 0x00, 0x00, 0x80, 0x01, 0x00,
			0x01, 0x80, 0x02, 0x00, 0x02, 0x80, 0x03, 0x00, 0x03, 0x80, 0x04, 0x00, 0x04, 0x80, 0x05, 0x00,
			0x05, 0x80, 0x06, 0x00, 0x06, 0x80, 0x07, 0x00, 0x07, 0x80, 0x08, 0x00, 0x00, 0x00, 0x00, 0x10,
			0xf9, 0x01, 0x00, 0xE0, 0x00, 0x20, 0x01, 0x00, 0x00, 0x00, 0x01, 0x18, 0x00, 0xE0, 0xE0, 0x00,
			0x30, 0x18, 0x00, 0xE0, 0xE0, 0x00, 0x20, 0x01, 0x00, 0x01, 0x40, 0x03, 0xFF, 0x01, 0x08, 0x01,
			0x08, 0x01, 0x50, 0x7A, 0x80, 0x01, 0x40, 0x50, 0x00, 0x01, 0x00, 0x80, 0x20, 0x00, 0x01, 0x01,
			0x90, 0x01, 0xF4, 0x01, 0x90, 0x01, 0x2c, 0x01, 0x0D, 0x00, 0x00, 0x26, 0x01, 0x28, 0x01, 0x00,
			0x40, 0x6A, 0x9A, 0x3A, 0x1A, 0x16, 0x2A, 0x00, 0x23, 0x4F, 0x00, 0x4E, 0xC5, 0x00, 0x5D, 0x17,
			0x00, 0x30, 0xC3, 0x06, 0x40, 0x40, 0x20, 0x40, 0x00, 0x60, 0x40, 0x60, 0x00, 0x60, 0x30, 0x60,
		},
		[NATURAL] = {
			/* DFh register - 224 bytes from rainbow_b0_mdnie_email_table[NATURAL] */
			0x01, 0x6a, 0x9a, 0x25, 0x1a, 0x16, 0x2a, 0x00, 0x37, 0x5a, 0x00, 0x4e, 0xc5, 0x00, 0x5d, 0x17,
			0x00, 0x30, 0xc3, 0xff, 0x00, 0x00, 0xff, 0xff, 0x00, 0xff, 0x00, 0xff, 0xff, 0xfb, 0xee, 0x00,
			0xff, 0xff, 0x00, 0xff, 0x00, 0xff, 0x00, 0x00, 0xff, 0xff, 0x00, 0xff, 0x00, 0xff, 0x00, 0x00,
			0xff, 0xff, 0x00, 0xfb, 0x00, 0xee, 0x00, 0x00, 0x00, 0x00, 0x00, 0x80, 0x01, 0x00, 0x01, 0x80,
			0x02, 0x00, 0x02, 0x80, 0x03, 0x00, 0x03, 0x80, 0x04, 0x00, 0x04, 0x80, 0x05, 0x00, 0x05, 0x80,
			0x06, 0x00, 0x06, 0x80, 0x07, 0x00, 0x07, 0x80, 0x08, 0x00, 0x00, 0x00, 0x00, 0x80, 0x01, 0x00,
			0x01, 0x80, 0x02, 0x00, 0x02, 0x80, 0x03, 0x00, 0x03, 0x80, 0x04, 0x00, 0x04, 0x80, 0x05, 0x00,
			0x05, 0x80, 0x06, 0x00, 0x06, 0x80, 0x07, 0x00, 0x07, 0x80, 0x08, 0x00, 0x00, 0x00, 0x00, 0x10,
			0xf9, 0x01, 0x00, 0xE0, 0x00, 0x20, 0x01, 0x00, 0x00, 0x00, 0x01, 0x18, 0x00, 0xE0, 0xE0, 0x00,
			0x30, 0x18, 0x00, 0xE0, 0xE0, 0x00, 0x20, 0x01, 0x00, 0x01, 0x40, 0x03, 0xFF, 0x01, 0x08, 0x01,
			0x08, 0x01, 0x50, 0x7A, 0x80, 0x01, 0x40, 0x50, 0x00, 0x01, 0x00, 0x80, 0x20, 0x00, 0x01, 0x01,
			0x90, 0x01, 0xF4, 0x01, 0x90, 0x01, 0x2c, 0x01, 0x0D, 0x00, 0x00, 0x26, 0x01, 0x28, 0x01, 0x00,
			0x40, 0x6A, 0x9A, 0x3A, 0x1A, 0x16, 0x2A, 0x00, 0x23, 0x4F, 0x00, 0x4E, 0xC5, 0x00, 0x5D, 0x17,
			0x00, 0x30, 0xC3, 0x06, 0x40, 0x40, 0x20, 0x40, 0x00, 0x60, 0x40, 0x60, 0x00, 0x60, 0x30, 0x60,
		},
		[MOVIE] = {
			/* DFh register - 224 bytes from rainbow_b0_mdnie_email_table[MOVIE] */
			0x01, 0x6a, 0x9a, 0x25, 0x1a, 0x16, 0x2a, 0x00, 0x37, 0x5a, 0x00, 0x4e, 0xc5, 0x00, 0x5d, 0x17,
			0x00, 0x30, 0xc3, 0xff, 0x00, 0x00, 0xff, 0xff, 0x00, 0xff, 0x00, 0xff, 0xff, 0xfb, 0xee, 0x00,
			0xff, 0xff, 0x00, 0xff, 0x00, 0xff, 0x00, 0x00, 0xff, 0xff, 0x00, 0xff, 0x00, 0xff, 0x00, 0x00,
			0xff, 0xff, 0x00, 0xfb, 0x00, 0xee, 0x00, 0x00, 0x00, 0x00, 0x00, 0x80, 0x01, 0x00, 0x01, 0x80,
			0x02, 0x00, 0x02, 0x80, 0x03, 0x00, 0x03, 0x80, 0x04, 0x00, 0x04, 0x80, 0x05, 0x00, 0x05, 0x80,
			0x06, 0x00, 0x06, 0x80, 0x07, 0x00, 0x07, 0x80, 0x08, 0x00, 0x00, 0x00, 0x00, 0x80, 0x01, 0x00,
			0x01, 0x80, 0x02, 0x00, 0x02, 0x80, 0x03, 0x00, 0x03, 0x80, 0x04, 0x00, 0x04, 0x80, 0x05, 0x00,
			0x05, 0x80, 0x06, 0x00, 0x06, 0x80, 0x07, 0x00, 0x07, 0x80, 0x08, 0x00, 0x00, 0x00, 0x00, 0x10,
			0xf9, 0x01, 0x00, 0xE0, 0x00, 0x20, 0x01, 0x00, 0x00, 0x00, 0x01, 0x18, 0x00, 0xE0, 0xE0, 0x00,
			0x30, 0x18, 0x00, 0xE0, 0xE0, 0x00, 0x20, 0x01, 0x00, 0x01, 0x40, 0x03, 0xFF, 0x01, 0x08, 0x01,
			0x08, 0x01, 0x50, 0x7A, 0x80, 0x01, 0x40, 0x50, 0x00, 0x01, 0x00, 0x80, 0x20, 0x00, 0x01, 0x01,
			0x90, 0x01, 0xF4, 0x01, 0x90, 0x01, 0x2c, 0x01, 0x0D, 0x00, 0x00, 0x26, 0x01, 0x28, 0x01, 0x00,
			0x40, 0x6A, 0x9A, 0x3A, 0x1A, 0x16, 0x2A, 0x00, 0x23, 0x4F, 0x00, 0x4E, 0xC5, 0x00, 0x5D, 0x17,
			0x00, 0x30, 0xC3, 0x06, 0x40, 0x40, 0x20, 0x40, 0x00, 0x60, 0x40, 0x60, 0x00, 0x60, 0x30, 0x60,
		},
		[AUTO] = {
			/* DFh register - 224 bytes from rainbow_b0_mdnie_email_table[AUTO] */
			0x01, 0x6a, 0x9a, 0x25, 0x1a, 0x16, 0x2a, 0x00, 0x37, 0x5a, 0x00, 0x4e, 0xc5, 0x00, 0x5d, 0x17,
			0x00, 0x30, 0xc3, 0xff, 0x00, 0x00, 0xff, 0xff, 0x00, 0xff, 0x00, 0xff, 0xff, 0xfb, 0xee, 0x00,
			0xff, 0xff, 0x00, 0xff, 0x00, 0xff, 0x00, 0x00, 0xff, 0xff, 0x00, 0xff, 0x00, 0xff, 0x00, 0x00,
			0xff, 0xff, 0x00, 0xfb, 0x00, 0xee, 0x00, 0x00, 0x00, 0x00, 0x00, 0x80, 0x01, 0x00, 0x01, 0x80,
			0x02, 0x00, 0x02, 0x80, 0x03, 0x00, 0x03, 0x80, 0x04, 0x00, 0x04, 0x80, 0x05, 0x00, 0x05, 0x80,
			0x06, 0x00, 0x06, 0x80, 0x07, 0x00, 0x07, 0x80, 0x08, 0x00, 0x00, 0x00, 0x00, 0x80, 0x01, 0x00,
			0x01, 0x80, 0x02, 0x00, 0x02, 0x80, 0x03, 0x00, 0x03, 0x80, 0x04, 0x00, 0x04, 0x80, 0x05, 0x00,
			0x05, 0x80, 0x06, 0x00, 0x06, 0x80, 0x07, 0x00, 0x07, 0x80, 0x08, 0x00, 0x00, 0x00, 0x00, 0x10,
			0xf9, 0x01, 0x00, 0xE0, 0x00, 0x20, 0x01, 0x00, 0x00, 0x00, 0x01, 0x18, 0x00, 0xE0, 0xE0, 0x00,
			0x30, 0x18, 0x00, 0xE0, 0xE0, 0x00, 0x20, 0x01, 0x00, 0x01, 0x40, 0x03, 0xFF, 0x01, 0x08, 0x01,
			0x08, 0x01, 0x50, 0x7A, 0x80, 0x01, 0x40, 0x50, 0x00, 0x01, 0x00, 0x80, 0x20, 0x00, 0x01, 0x01,
			0x90, 0x01, 0xF4, 0x01, 0x90, 0x01, 0x2c, 0x01, 0x0D, 0x00, 0x00, 0x26, 0x01, 0x28, 0x01, 0x00,
			0x40, 0x6A, 0x9A, 0x3A, 0x1A, 0x16, 0x2A, 0x00, 0x23, 0x4F, 0x00, 0x4E, 0xC5, 0x00, 0x5D, 0x17,
			0x00, 0x30, 0xC3, 0x06, 0x40, 0x40, 0x20, 0x40, 0x00, 0x60, 0x40, 0x60, 0x00, 0x60, 0x30, 0x60,
		},
	},
	[GAME_LOW_MODE] = {},
	[GAME_MID_MODE] = {},
	[GAME_HIGH_MODE] = {},
	[VIDEO_ENHANCER] = {
		[DYNAMIC] = {
			/* DFh register - 224 bytes from rainbow_b0_mdnie_video_enhancer_table[DYNAMIC] */
			0x11, 0x6A, 0x9A, 0x25, 0x1A, 0x16, 0x2A, 0x00, 0x37, 0x5A, 0x00, 0x4E, 0xC5, 0x00, 0x5D, 0x17,
			0x00, 0x30, 0xC3, 0xEB, 0x37, 0x1E, 0xFA, 0xFC, 0x00, 0xFF, 0x00, 0xFF, 0xFF, 0xFC, 0xF6, 0x55,
			0xF6, 0xFC, 0x20, 0xF5, 0x00, 0xF6, 0x43, 0x19, 0xFA, 0xEE, 0x00, 0xFE, 0x36, 0xFA, 0x00, 0x00,
			0xEF, 0xFF, 0x00, 0xFC, 0x00, 0xF6, 0x00, 0x00, 0x00, 0x00, 0x00, 0x80, 0x01, 0x00, 0x01, 0x80,
			0x02, 0x00, 0x02, 0x80, 0x03, 0x00, 0x03, 0x80, 0x04, 0x00, 0x04, 0x80, 0x05, 0x00, 0x05, 0x80,
			0x06, 0x00, 0x06, 0x80, 0x07, 0x00, 0x07, 0x80, 0x08, 0x00, 0x00, 0x00, 0x00, 0x80, 0x01, 0x00,
			0x01, 0x80, 0x02, 0x00, 0x02, 0x80, 0x03, 0x00, 0x03, 0x80, 0x04, 0x00, 0x04, 0x80, 0x05, 0x00,
			0x05, 0x80, 0x06, 0x00, 0x06, 0x80, 0x07, 0x00, 0x07, 0x80, 0x08, 0x00, 0x00, 0x00, 0x00, 0x10,
			0xf9, 0x01, 0x00, 0xE0, 0x00, 0x20, 0x01, 0x00, 0x00, 0x00, 0x01, 0x18, 0x00, 0xE0, 0xE0, 0x00,
			0x30, 0x18, 0x00, 0xE0, 0xE0, 0x00, 0x20, 0x01, 0x00, 0x01, 0x40, 0x03, 0xFF, 0x01, 0x08, 0x01,
			0x08, 0x01, 0x50, 0x7A, 0x80, 0x01, 0x40, 0x50, 0x00, 0x01, 0x00, 0x80, 0x20, 0x00, 0x01, 0x01,
			0x90, 0x01, 0xF4, 0x01, 0x90, 0x01, 0x2c, 0x01, 0x0D, 0x00, 0x00, 0x26, 0x01, 0x28, 0x01, 0x00,
			0x40, 0x6A, 0x9A, 0x3A, 0x1A, 0x16, 0x2A, 0x00, 0x23, 0x4F, 0x00, 0x4E, 0xC5, 0x00, 0x5D, 0x17,
			0x00, 0x30, 0xC3, 0x06, 0x40, 0x40, 0x20, 0x40, 0x00, 0x60, 0x40, 0x60, 0x00, 0x60, 0x30, 0x60,
		},
		[STANDARD] = {
			/* DFh register - 224 bytes from rainbow_b0_mdnie_video_enhancer_table[STANDARD] */
			0x01, 0x6a, 0x9a, 0x25, 0x1a, 0x16, 0x2a, 0x00, 0x37, 0x5a, 0x00, 0x4e, 0xc5, 0x00, 0x5d, 0x17,
			0x00, 0x30, 0xc3, 0xff, 0x40, 0x5c, 0xff, 0xf7, 0x00, 0xff, 0x00, 0xff, 0xff, 0xfc, 0xf6, 0x00,
			0xf0, 0xf0, 0x00, 0xff, 0x00, 0xff, 0x00, 0x00, 0xff, 0xff, 0x00, 0xff, 0x00, 0xf7, 0x00, 0x00,
			0xff, 0xff, 0x00, 0xfc, 0x00, 0xf6, 0x00, 0x08, 0x00, 0x00, 0x00, 0x80, 0x01, 0x00, 0x01, 0x80,
			0x02, 0x00, 0x02, 0x80, 0x03, 0x00, 0x03, 0x80, 0x04, 0x00, 0x04, 0x80, 0x05, 0x00, 0x05, 0x80,
			0x06, 0x00, 0x06, 0x80, 0x07, 0x00, 0x07, 0x80, 0x08, 0x00, 0x00, 0x00, 0x00, 0xe4, 0x01, 0x96,
			0x02, 0x16, 0x02, 0x96, 0x03, 0x16, 0x03, 0x96, 0x04, 0x16, 0x04, 0x96, 0x05, 0x16, 0x05, 0x96,
			0x06, 0x16, 0x06, 0x96, 0x06, 0xf8, 0x07, 0x50, 0x07, 0xa8, 0x08, 0x00, 0x00, 0x01, 0x00, 0x04,
			0xFB, 0x01, 0x00, 0xE0, 0x00, 0x20, 0x01, 0x00, 0x00, 0x00, 0x01, 0x18, 0x00, 0xE0, 0xE0, 0x00,
			0x30, 0x18, 0x00, 0xE0, 0xE0, 0x00, 0x20, 0x01, 0x00, 0x01, 0x40, 0x03, 0xFF, 0x01, 0x05, 0x01,
			0x0A, 0x01, 0x50, 0x7A, 0x80, 0x01, 0x40, 0x60, 0x00, 0x01, 0x00, 0x80, 0x20, 0x00, 0x01, 0x01,
			0xF4, 0x02, 0x58, 0x01, 0xF4, 0x01, 0x90, 0x01, 0x0D, 0x00, 0x00, 0x26, 0x01, 0x28, 0x01, 0x01,
			0x01, 0x40, 0x6A, 0x9A, 0x3A, 0x1A, 0x16, 0x2A, 0x00, 0x23, 0x4F, 0x00, 0x4E, 0xC5, 0x00, 0x5D,
			0x17, 0x00, 0x30, 0xC3, 0x06, 0x40, 0x40, 0x20, 0x40, 0x00, 0x60, 0x40, 0x60, 0x00, 0x60, 0x30,
		},
		[NATURAL] = {
			/* DFh register - 224 bytes from rainbow_b0_mdnie_video_enhancer_table[NATURAL] */
			0x01, 0x6a, 0x9a, 0x25, 0x1a, 0x16, 0x2a, 0x00, 0x37, 0x5a, 0x00, 0x4e, 0xc5, 0x00, 0x5d, 0x17,
			0x00, 0x30, 0xc3, 0xff, 0x40, 0x5c, 0xff, 0xf7, 0x00, 0xff, 0x00, 0xff, 0xff, 0xfc, 0xf6, 0x00,
			0xf0, 0xf0, 0x00, 0xff, 0x00, 0xff, 0x00, 0x00, 0xff, 0xff, 0x00, 0xff, 0x00, 0xf7, 0x00, 0x00,
			0xff, 0xff, 0x00, 0xfc, 0x00, 0xf6, 0x00, 0x08, 0x00, 0x00, 0x00, 0x80, 0x01, 0x00, 0x01, 0x80,
			0x02, 0x00, 0x02, 0x80, 0x03, 0x00, 0x03, 0x80, 0x04, 0x00, 0x04, 0x80, 0x05, 0x00, 0x05, 0x80,
			0x06, 0x00, 0x06, 0x80, 0x07, 0x00, 0x07, 0x80, 0x08, 0x00, 0x00, 0x00, 0x00, 0xe4, 0x01, 0x96,
			0x02, 0x16, 0x02, 0x96, 0x03, 0x16, 0x03, 0x96, 0x04, 0x16, 0x04, 0x96, 0x05, 0x16, 0x05, 0x96,
			0x06, 0x16, 0x06, 0x96, 0x06, 0xf8, 0x07, 0x50, 0x07, 0xa8, 0x08, 0x00, 0x00, 0x01, 0x00, 0x10,
			0xFB, 0x01, 0x00, 0xE0, 0x00, 0x20, 0x01, 0x00, 0x00, 0x00, 0x01, 0x18, 0x00, 0xE0, 0xE0, 0x00,
			0x30, 0x18, 0x00, 0xE0, 0xE0, 0x00, 0x20, 0x01, 0x00, 0x01, 0x40, 0x03, 0xFF, 0x01, 0x05, 0x01,
			0x0A, 0x01, 0x50, 0x7A, 0x80, 0x01, 0x40, 0x60, 0x00, 0x01, 0x00, 0x80, 0x20, 0x00, 0x01, 0x01,
			0xF4, 0x02, 0x58, 0x01, 0xF4, 0x01, 0x90, 0x01, 0x0D, 0x00, 0x00, 0x26, 0x01, 0x28, 0x01, 0x01,
			0x01, 0x40, 0x6A, 0x9A, 0x3A, 0x1A, 0x16, 0x2A, 0x00, 0x23, 0x4F, 0x00, 0x4E, 0xC5, 0x00, 0x5D,
			0x17, 0x00, 0x30, 0xC3, 0x06, 0x40, 0x40, 0x20, 0x40, 0x00, 0x60, 0x40, 0x60, 0x00, 0x60, 0x30,
		},
		[MOVIE] = {},
		[AUTO] = {
			/* DFh register - 224 bytes from rainbow_b0_mdnie_video_enhancer_table[AUTO] */
			0x01, 0x6A, 0x9A, 0x25, 0x1A, 0x16, 0x2A, 0x00, 0x37, 0x5A, 0x00, 0x4E, 0xC5, 0x00, 0x5D, 0x17,
			0x00, 0x30, 0xC3, 0xEB, 0x37, 0x1E, 0xFA, 0xFC, 0x00, 0xFF, 0x00, 0xFF, 0xFF, 0xFF, 0xFF, 0x00,
			0xF8, 0xEF, 0x00, 0xFF, 0x00, 0xFF, 0x4E, 0x00, 0xFF, 0xFF, 0x00, 0xFF, 0x00, 0xF7, 0x00, 0x00,
			0xFF, 0xFF, 0x00, 0xFF, 0x00, 0xFF, 0x00, 0x08, 0x00, 0x00, 0x00, 0x80, 0x01, 0x00, 0x01, 0x80,
			0x02, 0x00, 0x02, 0x80, 0x03, 0x00, 0x03, 0x80, 0x04, 0x00, 0x04, 0x80, 0x05, 0x00, 0x05, 0x80,
			0x06, 0x00, 0x06, 0x80, 0x07, 0x00, 0x07, 0x80, 0x08, 0x00, 0x00, 0x00, 0x00, 0xe4, 0x01, 0x96,
			0x02, 0x16, 0x02, 0x96, 0x03, 0x16, 0x03, 0x96, 0x04, 0x16, 0x04, 0x96, 0x05, 0x16, 0x05, 0x96,
			0x06, 0x16, 0x06, 0x96, 0x06, 0xf8, 0x07, 0x50, 0x07, 0xa8, 0x08, 0x00, 0x00, 0x00, 0x00, 0x10,
			0xf9, 0x01, 0x00, 0xE0, 0x00, 0x20, 0x01, 0x00, 0x00, 0x00, 0x01, 0x18, 0x00, 0xE0, 0xE0, 0x00,
			0x30, 0x18, 0x00, 0xE0, 0xE0, 0x00, 0x20, 0x01, 0x00, 0x01, 0x40, 0x03, 0xFF, 0x01, 0x08, 0x01,
			0x08, 0x01, 0x50, 0x7A, 0x80, 0x01, 0x40, 0x50, 0x00, 0x01, 0x00, 0x80, 0x20, 0x00, 0x01, 0x01,
			0x90, 0x01, 0xF4, 0x01, 0x90, 0x01, 0x2c, 0x01, 0x0D, 0x00, 0x00, 0x26, 0x01, 0x28, 0x01, 0x00,
			0x40, 0x6A, 0x9A, 0x3A, 0x1A, 0x16, 0x2A, 0x00, 0x23, 0x4F, 0x00, 0x4E, 0xC5, 0x00, 0x5D, 0x17,
			0x00, 0x30, 0xC3, 0x06, 0x40, 0x50, 0x20, 0x40, 0x00, 0x60, 0x40, 0x60, 0x00, 0x60, 0x30, 0x60,
		},
	},
	[VIDEO_ENHANCER_THIRD] = {
		[DYNAMIC] = {
			/* DFh register - 224 bytes from rainbow_b0_mdnie_video_enhancer_third_table[DYNAMIC] */
			0x11, 0x6A, 0x9A, 0x25, 0x1A, 0x16, 0x2A, 0x00, 0x37, 0x5A, 0x00, 0x4E, 0xC5, 0x00, 0x5D, 0x17,
			0x00, 0x30, 0xC3, 0xEB, 0x37, 0x1E, 0xFA, 0xFC, 0x00, 0xFF, 0x00, 0xFF, 0xFF, 0xFC, 0xF6, 0x55,
			0xF6, 0xFC, 0x20, 0xF5, 0x00, 0xF6, 0x43, 0x19, 0xFA, 0xEE, 0x00, 0xFE, 0x36, 0xFA, 0x00, 0x00,
			0xEF, 0xFF, 0x00, 0xFC, 0x00, 0xF6, 0x00, 0x00, 0x00, 0x00, 0x00, 0x80, 0x01, 0x00, 0x01, 0x80,
			0x02, 0x00, 0x02, 0x80, 0x03, 0x00, 0x03, 0x80, 0x04, 0x00, 0x04, 0x80, 0x05, 0x00, 0x05, 0x80,
			0x06, 0x00, 0x06, 0x80, 0x07, 0x00, 0x07, 0x80, 0x08, 0x00, 0x00, 0x00, 0x00, 0x80, 0x01, 0x00,
			0x01, 0x80, 0x02, 0x00, 0x02, 0x80, 0x03, 0x00, 0x03, 0x80, 0x04, 0x00, 0x04, 0x80, 0x05, 0x00,
			0x05, 0x80, 0x06, 0x00, 0x06, 0x80, 0x07, 0x00, 0x07, 0x80, 0x08, 0x00, 0x00, 0x00, 0x00, 0x10,
			0xf9, 0x01, 0x00, 0xE0, 0x00, 0x20, 0x01, 0x00, 0x00, 0x00, 0x01, 0x18, 0x00, 0xE0, 0xE0, 0x00,
			0x30, 0x18, 0x00, 0xE0, 0xE0, 0x00, 0x20, 0x01, 0x00, 0x01, 0x40, 0x03, 0xFF, 0x01, 0x08, 0x01,
			0x08, 0x01, 0x50, 0x7A, 0x80, 0x01, 0x40, 0x50, 0x00, 0x01, 0x00, 0x80, 0x20, 0x00, 0x01, 0x01,
			0x90, 0x01, 0xF4, 0x01, 0x90, 0x01, 0x2c, 0x01, 0x0D, 0x00, 0x00, 0x26, 0x01, 0x28, 0x00, 0x10,
			0x40, 0x6A, 0x9A, 0x3A, 0x1A, 0x16, 0x2A, 0x00, 0x23, 0x4F, 0x00, 0x4E, 0xC5, 0x00, 0x5D, 0x17,
			0x00, 0x30, 0xC3, 0x06, 0x40, 0x40, 0x20, 0x40, 0x00, 0x60, 0x40, 0x60, 0x00, 0x60, 0x30, 0x60,
		},
		[STANDARD] = {
			/* DFh register - 224 bytes from rainbow_b0_mdnie_video_enhancer_third_table[STANDARD] */
			0x01, 0x6a, 0x9a, 0x25, 0x1a, 0x16, 0x2a, 0x00, 0x37, 0x5a, 0x00, 0x4e, 0xc5, 0x00, 0x5d, 0x17,
			0x00, 0x30, 0xc3, 0xff, 0x40, 0x5c, 0xff, 0xf7, 0x00, 0xff, 0x00, 0xff, 0xff, 0xfc, 0xf6, 0x00,
			0xf0, 0xf0, 0x00, 0xff, 0x00, 0xff, 0x00, 0x00, 0xff, 0xff, 0x00, 0xff, 0x00, 0xf7, 0x00, 0x00,
			0xff, 0xff, 0x00, 0xfc, 0x00, 0xf6, 0x00, 0x08, 0x00, 0x00, 0x00, 0x80, 0x01, 0x00, 0x01, 0x80,
			0x02, 0x00, 0x02, 0x80, 0x03, 0x00, 0x03, 0x80, 0x04, 0x00, 0x04, 0x80, 0x05, 0x00, 0x05, 0x80,
			0x06, 0x00, 0x06, 0x80, 0x07, 0x00, 0x07, 0x80, 0x08, 0x00, 0x00, 0x00, 0x00, 0xe4, 0x01, 0x96,
			0x02, 0x16, 0x02, 0x96, 0x03, 0x16, 0x03, 0x96, 0x04, 0x16, 0x04, 0x96, 0x05, 0x16, 0x05, 0x96,
			0x06, 0x16, 0x06, 0x96, 0x06, 0xf8, 0x07, 0x50, 0x07, 0xa8, 0x08, 0x00, 0x00, 0x01, 0x00, 0x04,
			0xFB, 0x01, 0x00, 0xE0, 0x00, 0x20, 0x01, 0x00, 0x00, 0x00, 0x01, 0x18, 0x00, 0xE0, 0xE0, 0x00,
			0x30, 0x18, 0x00, 0xE0, 0xE0, 0x00, 0x20, 0x01, 0x00, 0x01, 0x40, 0x03, 0xFF, 0x01, 0x05, 0x01,
			0x0A, 0x01, 0x50, 0x7A, 0x80, 0x01, 0x40, 0x60, 0x00, 0x01, 0x00, 0x80, 0x20, 0x00, 0x01, 0x01,
			0xF4, 0x02, 0x58, 0x01, 0xF4, 0x01, 0x90, 0x01, 0x0D, 0x00, 0x00, 0x26, 0x01, 0x28, 0x01, 0x01,
			0x01, 0x40, 0x6A, 0x9A, 0x3A, 0x1A, 0x16, 0x2A, 0x00, 0x23, 0x4F, 0x00, 0x4E, 0xC5, 0x00, 0x5D,
			0x17, 0x00, 0x30, 0xC3, 0x06, 0x40, 0x40, 0x20, 0x40, 0x00, 0x60, 0x40, 0x60, 0x00, 0x60, 0x30,
		},
		[NATURAL] = {
			/* DFh register - 224 bytes from rainbow_b0_mdnie_video_enhancer_third_table[NATURAL] */
			0x01, 0x6a, 0x9a, 0x25, 0x1a, 0x16, 0x2a, 0x00, 0x37, 0x5a, 0x00, 0x4e, 0xc5, 0x00, 0x5d, 0x17,
			0x00, 0x30, 0xc3, 0xff, 0x40, 0x5c, 0xff, 0xf7, 0x00, 0xff, 0x00, 0xff, 0xff, 0xfc, 0xf6, 0x00,
			0xf0, 0xf0, 0x00, 0xff, 0x00, 0xff, 0x00, 0x00, 0xff, 0xff, 0x00, 0xff, 0x00, 0xf7, 0x00, 0x00,
			0xff, 0xff, 0x00, 0xfc, 0x00, 0xf6, 0x00, 0x08, 0x00, 0x00, 0x00, 0x80, 0x01, 0x00, 0x01, 0x80,
			0x02, 0x00, 0x02, 0x80, 0x03, 0x00, 0x03, 0x80, 0x04, 0x00, 0x04, 0x80, 0x05, 0x00, 0x05, 0x80,
			0x06, 0x00, 0x06, 0x80, 0x07, 0x00, 0x07, 0x80, 0x08, 0x00, 0x00, 0x00, 0x00, 0xe4, 0x01, 0x96,
			0x02, 0x16, 0x02, 0x96, 0x03, 0x16, 0x03, 0x96, 0x04, 0x16, 0x04, 0x96, 0x05, 0x16, 0x05, 0x96,
			0x06, 0x16, 0x06, 0x96, 0x06, 0xf8, 0x07, 0x50, 0x07, 0xa8, 0x08, 0x00, 0x00, 0x01, 0x00, 0x04,
			0xFB, 0x01, 0x00, 0xE0, 0x00, 0x20, 0x01, 0x00, 0x00, 0x00, 0x01, 0x18, 0x00, 0xE0, 0xE0, 0x00,
			0x30, 0x18, 0x00, 0xE0, 0xE0, 0x00, 0x20, 0x01, 0x00, 0x01, 0x40, 0x03, 0xFF, 0x01, 0x05, 0x01,
			0x0A, 0x01, 0x50, 0x7A, 0x80, 0x01, 0x40, 0x60, 0x00, 0x01, 0x00, 0x80, 0x20, 0x00, 0x01, 0x01,
			0xF4, 0x02, 0x58, 0x01, 0xF4, 0x01, 0x90, 0x01, 0x0D, 0x00, 0x00, 0x26, 0x01, 0x28, 0x01, 0x01,
			0x01, 0x40, 0x6A, 0x9A, 0x3A, 0x1A, 0x16, 0x2A, 0x00, 0x23, 0x4F, 0x00, 0x4E, 0xC5, 0x00, 0x5D,
			0x17, 0x00, 0x30, 0xC3, 0x06, 0x40, 0x40, 0x20, 0x40, 0x00, 0x60, 0x40, 0x60, 0x00, 0x60, 0x30,
		},
		[MOVIE] = {},
		[AUTO] = {
			/* DFh register - 224 bytes from rainbow_b0_mdnie_video_enhancer_third_table[AUTO] */
			0x01, 0x6A, 0x9A, 0x25, 0x1A, 0x16, 0x2A, 0x00, 0x37, 0x5A, 0x00, 0x4E, 0xC5, 0x00, 0x5D, 0x17,
			0x00, 0x30, 0xC3, 0xEB, 0x37, 0x1E, 0xFA, 0xFC, 0x00, 0xFF, 0x00, 0xFF, 0xFF, 0xFF, 0xFF, 0x00,
			0xF8, 0xEF, 0x00, 0xFF, 0x00, 0xFF, 0x4E, 0x00, 0xFF, 0xFF, 0x00, 0xFF, 0x00, 0xF7, 0x00, 0x00,
			0xFF, 0xFF, 0x00, 0xFF, 0x00, 0xFF, 0x00, 0x08, 0x00, 0x00, 0x00, 0x80, 0x01, 0x00, 0x01, 0x80,
			0x02, 0x00, 0x02, 0x80, 0x03, 0x00, 0x03, 0x80, 0x04, 0x00, 0x04, 0x80, 0x05, 0x00, 0x05, 0x80,
			0x06, 0x00, 0x06, 0x80, 0x07, 0x00, 0x07, 0x80, 0x08, 0x00, 0x00, 0x00, 0x00, 0xe4, 0x01, 0x96,
			0x02, 0x16, 0x02, 0x96, 0x03, 0x16, 0x03, 0x96, 0x04, 0x16, 0x04, 0x96, 0x05, 0x16, 0x05, 0x96,
			0x06, 0x16, 0x06, 0x96, 0x06, 0xf8, 0x07, 0x50, 0x07, 0xa8, 0x08, 0x00, 0x00, 0x00, 0x00, 0x10,
			0xf9, 0x01, 0x00, 0xE0, 0x00, 0x20, 0x01, 0x00, 0x00, 0x00, 0x01, 0x18, 0x00, 0xE0, 0xE0, 0x00,
			0x30, 0x18, 0x00, 0xE0, 0xE0, 0x00, 0x20, 0x01, 0x00, 0x01, 0x40, 0x03, 0xFF, 0x01, 0x08, 0x01,
			0x08, 0x01, 0x50, 0x7A, 0x80, 0x01, 0x40, 0x50, 0x00, 0x01, 0x00, 0x80, 0x20, 0x00, 0x01, 0x01,
			0x90, 0x01, 0xF4, 0x01, 0x90, 0x01, 0x2c, 0x01, 0x0D, 0x00, 0x00, 0x26, 0x01, 0x28, 0x01, 0x00,
			0x40, 0x6A, 0x9A, 0x3A, 0x1A, 0x16, 0x2A, 0x00, 0x23, 0x4F, 0x00, 0x4E, 0xC5, 0x00, 0x5D, 0x17,
			0x00, 0x30, 0xC3, 0x06, 0x40, 0x40, 0x20, 0x40, 0x00, 0x60, 0x40, 0x60, 0x00, 0x60, 0x30, 0x60,
		},
	},
	[HMD_8_MODE] = {},
	[HMD_16_MODE] = {},
};


static unsigned char rainbow_b0_mdnie_scenario_1_table[SCENARIO_MAX][MODE_MAX][S6E3HAE_MDNIE_1_LEN] = {	[UI_MODE] = {
		[DYNAMIC] = {
			/* DEh register - 196 bytes from rainbow_b0_mdnie_ui_table[DYNAMIC] */
			0x00, 0x40, 0x04, 0x00, 0x00, 0x00, 0x00, 0x00, 0x00, 0x00, 0x04, 0x00, 0x00, 0x00, 0x00, 0x00,
			0x00, 0x00, 0x04, 0x00, 0x00, 0x00, 0x15, 0x01, 0x00, 0x70, 0x01, 0x34, 0x01, 0x40, 0x66, 0x03,
			0x01, 0x11, 0x00, 0x20, 0x00, 0x08, 0x08, 0x00, 0x0a, 0x0a, 0x06, 0xae, 0x00, 0x00, 0x10, 0x20,
			0x40, 0x60, 0x00, 0x40, 0x00, 0x50, 0x00, 0x60, 0x00, 0x70, 0x00, 0x80, 0x00, 0x80, 0x00, 0x80,
			0x00, 0x00, 0x20, 0x40, 0x60, 0x01, 0x40, 0x01, 0x80, 0x01, 0x80, 0x01, 0x80, 0x02, 0x00, 0x00,
			0x00, 0x00, 0x00, 0x00, 0x00, 0x00, 0x40, 0x03, 0xB6, 0x23, 0x24, 0x00, 0x72, 0x01, 0x00, 0x0D,
			0x00, 0x04, 0x07, 0x40, 0x00, 0x6e, 0x82, 0xe6, 0xff, 0x00, 0xff, 0x00, 0x00, 0x02, 0x00, 0x02,
			0x00, 0x14, 0x00, 0x01, 0x00, 0x01, 0x00, 0x10, 0x00, 0x00, 0x28, 0x3c, 0x04, 0x0f, 0x01, 0x08,
			0x00, 0x08, 0x10, 0x18, 0x20, 0x28, 0x30, 0x38, 0x40, 0x48, 0x50, 0x58, 0x60, 0x68, 0x70, 0x78,
			0x80, 0x88, 0x90, 0x98, 0xa0, 0xa8, 0xb0, 0xb8, 0xc0, 0xc8, 0xd0, 0xd8, 0xe0, 0xe8, 0xf0, 0xf8,
			0x01, 0x00, 0x00, 0x08, 0x10, 0x18, 0x20, 0x28, 0x30, 0x38, 0x40, 0x48, 0x50, 0x58, 0x60, 0x68,
			0x70, 0x78, 0x80, 0x88, 0x90, 0x98, 0xa0, 0xa8, 0xb0, 0xb8, 0xc0, 0xc8, 0xd0, 0xd8, 0xe0, 0xe8,
			0xf0, 0xf8, 0x01, 0x00,
		},
		[STANDARD] = {
			/* DEh register - 196 bytes from rainbow_b0_mdnie_ui_table[STANDARD] */
			0x00, 0x40, 0x04, 0x00, 0x00, 0x00, 0x00, 0x00, 0x00, 0x00, 0x04, 0x00, 0x00, 0x00, 0x00, 0x00,
			0x00, 0x00, 0x04, 0x00, 0x00, 0x00, 0x30, 0x01, 0x00, 0x70, 0x01, 0x34, 0x01, 0x40, 0x66, 0x03,
			0x01, 0x11, 0x00, 0x20, 0x00, 0x08, 0x08, 0x00, 0x0a, 0x0a, 0x06, 0xae, 0x00, 0x00, 0x10, 0x20,
			0x40, 0x60, 0x00, 0x40, 0x00, 0x50, 0x00, 0x60, 0x00, 0x70, 0x00, 0x80, 0x00, 0x80, 0x00, 0x80,
			0x00, 0x00, 0x20, 0x40, 0x60, 0x01, 0x40, 0x01, 0x80, 0x01, 0x80, 0x01, 0x80, 0x02, 0x00, 0x00,
			0x00, 0x00, 0x00, 0x00, 0x00, 0x00, 0x40, 0x03, 0xB6, 0x23, 0x24, 0x00, 0x72, 0x01, 0x00, 0x0D,
			0x00, 0x04, 0x07, 0x40, 0x00, 0x6e, 0x82, 0xe6, 0xff, 0x02, 0xff, 0x00, 0x00, 0x02, 0x00, 0x02,
			0x00, 0x14, 0x00, 0x01, 0x00, 0x01, 0x00, 0x10, 0x00, 0x00, 0x28, 0x3c, 0x04, 0x0f, 0x01, 0x18,
			0x00, 0x08, 0x10, 0x18, 0x20, 0x28, 0x30, 0x38, 0x40, 0x48, 0x50, 0x58, 0x60, 0x68, 0x70, 0x78,
			0x80, 0x88, 0x90, 0x98, 0xa0, 0xa8, 0xb0, 0xb8, 0xc0, 0xc8, 0xd0, 0xd8, 0xe0, 0xe8, 0xf0, 0xf8,
			0x01, 0x00, 0x00, 0x08, 0x10, 0x18, 0x20, 0x28, 0x30, 0x38, 0x40, 0x48, 0x50, 0x58, 0x60, 0x68,
			0x70, 0x78, 0x80, 0x88, 0x90, 0x98, 0xa0, 0xa8, 0xb0, 0xb8, 0xc0, 0xc8, 0xd0, 0xd8, 0xe0, 0xe8,
			0xf0, 0xf8, 0x01, 0x00,
		},
		[NATURAL] = {
			/* DEh register - 196 bytes from rainbow_b0_mdnie_ui_table[NATURAL] */
			0x00, 0x40, 0x04, 0x00, 0x00, 0x00, 0x00, 0x00, 0x00, 0x00, 0x04, 0x00, 0x00, 0x00, 0x00, 0x00,
			0x00, 0x00, 0x04, 0x00, 0x00, 0x00, 0x30, 0x01, 0x00, 0x70, 0x01, 0x34, 0x01, 0x40, 0x66, 0x03,
			0x01, 0x11, 0x00, 0x20, 0x00, 0x08, 0x08, 0x00, 0x0a, 0x0a, 0x06, 0xae, 0x00, 0x00, 0x10, 0x20,
			0x40, 0x60, 0x00, 0x40, 0x00, 0x50, 0x00, 0x60, 0x00, 0x70, 0x00, 0x80, 0x00, 0x80, 0x00, 0x80,
			0x00, 0x00, 0x20, 0x40, 0x60, 0x01, 0x40, 0x01, 0x80, 0x01, 0x80, 0x01, 0x80, 0x02, 0x00, 0x00,
			0x00, 0x00, 0x00, 0x00, 0x00, 0x00, 0x40, 0x03, 0xB6, 0x23, 0x24, 0x00, 0x72, 0x01, 0x00, 0x0D,
			0x00, 0x04, 0x07, 0x40, 0x00, 0x6e, 0x82, 0xe6, 0xff, 0x00, 0xff, 0x00, 0x00, 0x02, 0x00, 0x02,
			0x00, 0x14, 0x00, 0x01, 0x00, 0x01, 0x00, 0x10, 0x00, 0x00, 0x28, 0x3c, 0x04, 0x0f, 0x01, 0x00,
			0x00, 0x08, 0x10, 0x18, 0x20, 0x28, 0x30, 0x38, 0x40, 0x48, 0x50, 0x58, 0x60, 0x68, 0x70, 0x78,
			0x80, 0x88, 0x90, 0x98, 0xa0, 0xa8, 0xb0, 0xb8, 0xc0, 0xc8, 0xd0, 0xd8, 0xe0, 0xe8, 0xf0, 0xf8,
			0x01, 0x00, 0x00, 0x08, 0x10, 0x18, 0x20, 0x28, 0x30, 0x38, 0x40, 0x48, 0x50, 0x58, 0x60, 0x68,
			0x70, 0x78, 0x80, 0x88, 0x90, 0x98, 0xa0, 0xa8, 0xb0, 0xb8, 0xc0, 0xc8, 0xd0, 0xd8, 0xe0, 0xe8,
			0xf0, 0xf8, 0x01, 0x00,
		},
		[MOVIE] = {},
		[AUTO] = {
			/* DEh register - 196 bytes from rainbow_b0_mdnie_ui_table[AUTO] */
			0x00, 0x40, 0x04, 0x00, 0x00, 0x00, 0x00, 0x00, 0x00, 0x00, 0x04, 0x00, 0x00, 0x00, 0x00, 0x00,
			0x00, 0x00, 0x04, 0x00, 0x00, 0x00, 0x15, 0x01, 0x00, 0x70, 0x01, 0x34, 0x01, 0x40, 0x66, 0x03,
			0x01, 0x11, 0x00, 0x20, 0x00, 0x08, 0x08, 0x00, 0x0a, 0x0a, 0x06, 0xae, 0x00, 0x00, 0x10, 0x20,
			0x40, 0x60, 0x00, 0x40, 0x00, 0x50, 0x00, 0x60, 0x00, 0x70, 0x00, 0x80, 0x00, 0x80, 0x00, 0x80,
			0x00, 0x00, 0x20, 0x40, 0x60, 0x01, 0x40, 0x01, 0x80, 0x01, 0x80, 0x01, 0x80, 0x02, 0x00, 0x00,
			0x00, 0x00, 0x00, 0x00, 0x00, 0x00, 0x40, 0x03, 0xB6, 0x23, 0x24, 0x00, 0x72, 0x01, 0x00, 0x0D,
			0x00, 0x04, 0x07, 0x40, 0x00, 0x6e, 0x82, 0xe6, 0xff, 0x00, 0xff, 0x00, 0x00, 0x02, 0x00, 0x02,
			0x00, 0x14, 0x00, 0x01, 0x00, 0x01, 0x00, 0x10, 0x00, 0x00, 0x28, 0x3c, 0x04, 0x0f, 0x01, 0x00,
			0x00, 0x08, 0x10, 0x18, 0x20, 0x28, 0x30, 0x38, 0x40, 0x48, 0x50, 0x58, 0x60, 0x68, 0x70, 0x78,
			0x80, 0x88, 0x90, 0x98, 0xa0, 0xa8, 0xb0, 0xb8, 0xc0, 0xc8, 0xd0, 0xd8, 0xe0, 0xe8, 0xf0, 0xf8,
			0x01, 0x00, 0x00, 0x08, 0x10, 0x18, 0x20, 0x28, 0x30, 0x38, 0x40, 0x48, 0x50, 0x58, 0x60, 0x68,
			0x70, 0x78, 0x80, 0x88, 0x90, 0x98, 0xa0, 0xa8, 0xb0, 0xb8, 0xc0, 0xc8, 0xd0, 0xd8, 0xe0, 0xe8,
			0xf0, 0xf8, 0x01, 0x00,
		},
	},
	[VIDEO_NORMAL_MODE] = {
		[DYNAMIC] = {
			/* DEh register - 196 bytes from rainbow_b0_mdnie_video_table[DYNAMIC] */
			0x00, 0x40, 0x04, 0x00, 0x00, 0x00, 0x00, 0x00, 0x00, 0x00, 0x04, 0x00, 0x00, 0x00, 0x00, 0x00,
			0x00, 0x00, 0x04, 0x00, 0x00, 0x00, 0x15, 0x01, 0x00, 0x70, 0x01, 0x34, 0x01, 0x40, 0x66, 0x03,
			0x01, 0x11, 0x00, 0x20, 0x00, 0x08, 0x08, 0x00, 0x0a, 0x0a, 0x06, 0xae, 0x00, 0x00, 0x10, 0x20,
			0x40, 0x60, 0x00, 0x40, 0x00, 0x50, 0x00, 0x60, 0x00, 0x70, 0x00, 0x80, 0x00, 0x80, 0x00, 0x80,
			0x00, 0x00, 0x20, 0x40, 0x60, 0x01, 0x40, 0x01, 0x80, 0x01, 0x80, 0x01, 0x80, 0x02, 0x00, 0x00,
			0x00, 0x00, 0x00, 0x00, 0x00, 0x00, 0x40, 0x03, 0xB6, 0x23, 0x24, 0x00, 0x72, 0x01, 0x00, 0x0D,
			0x00, 0x04, 0x07, 0x40, 0x00, 0x6e, 0x82, 0xe6, 0xff, 0x04, 0xff, 0x00, 0x20, 0x00, 0x40, 0x00,
			0x40, 0x14, 0x00, 0x01, 0x00, 0x01, 0x00, 0x20, 0x00, 0x00, 0x28, 0x3c, 0x04, 0x0f, 0x01, 0x08,
			0x00, 0x08, 0x10, 0x18, 0x20, 0x28, 0x30, 0x38, 0x40, 0x48, 0x50, 0x58, 0x60, 0x68, 0x70, 0x78,
			0x80, 0x88, 0x90, 0x98, 0xa0, 0xa8, 0xb0, 0xb8, 0xc0, 0xc8, 0xd0, 0xd8, 0xe0, 0xe8, 0xf0, 0xf8,
			0x01, 0x00, 0x00, 0x08, 0x10, 0x18, 0x20, 0x28, 0x30, 0x38, 0x40, 0x48, 0x50, 0x58, 0x60, 0x68,
			0x70, 0x78, 0x80, 0x88, 0x90, 0x98, 0xa0, 0xa8, 0xb0, 0xb8, 0xc0, 0xc8, 0xd0, 0xd8, 0xe0, 0xe8,
			0xf0, 0xf8, 0x01, 0x00,
		},
		[STANDARD] = {
			/* DEh register - 196 bytes from rainbow_b0_mdnie_video_table[STANDARD] */
			0x00, 0x40, 0x04, 0x00, 0x00, 0x00, 0x00, 0x00, 0x00, 0x00, 0x04, 0x00, 0x00, 0x00, 0x00, 0x00,
			0x00, 0x00, 0x04, 0x00, 0x00, 0x00, 0x30, 0x01, 0x00, 0x70, 0x01, 0x34, 0x01, 0x40, 0x66, 0x03,
			0x01, 0x11, 0x00, 0x20, 0x00, 0x08, 0x08, 0x00, 0x0a, 0x0a, 0x06, 0xae, 0x00, 0x00, 0x10, 0x20,
			0x40, 0x60, 0x00, 0x40, 0x00, 0x50, 0x00, 0x60, 0x00, 0x70, 0x00, 0x80, 0x00, 0x80, 0x00, 0x80,
			0x00, 0x00, 0x20, 0x40, 0x60, 0x01, 0x40, 0x01, 0x80, 0x01, 0x80, 0x01, 0x80, 0x02, 0x00, 0x00,
			0x00, 0x00, 0x00, 0x00, 0x00, 0x00, 0x40, 0x03, 0xB6, 0x23, 0x24, 0x00, 0x72, 0x01, 0x00, 0x0D,
			0x00, 0x04, 0x07, 0x40, 0x00, 0x6e, 0x82, 0xe6, 0xff, 0x06, 0xff, 0x00, 0x10, 0x00, 0x40, 0x00,
			0x40, 0x14, 0x00, 0x01, 0x00, 0x01, 0x00, 0x10, 0x00, 0x00, 0x28, 0x3c, 0x04, 0x0f, 0x01, 0x18,
			0x00, 0x08, 0x10, 0x18, 0x20, 0x28, 0x30, 0x38, 0x40, 0x48, 0x50, 0x58, 0x60, 0x68, 0x70, 0x78,
			0x80, 0x88, 0x90, 0x98, 0xa0, 0xa8, 0xb0, 0xb8, 0xc0, 0xc8, 0xd0, 0xd8, 0xe0, 0xe8, 0xf0, 0xf8,
			0x01, 0x00, 0x00, 0x08, 0x10, 0x18, 0x20, 0x28, 0x30, 0x38, 0x40, 0x48, 0x50, 0x58, 0x60, 0x68,
			0x70, 0x78, 0x80, 0x88, 0x90, 0x98, 0xa0, 0xa8, 0xb0, 0xb8, 0xc0, 0xc8, 0xd0, 0xd8, 0xe0, 0xe8,
			0xf0, 0xf8, 0x01, 0x00,
		},
		[NATURAL] = {
			/* DEh register - 196 bytes from rainbow_b0_mdnie_video_table[NATURAL] */
			0x00, 0x40, 0x04, 0x00, 0x00, 0x00, 0x00, 0x00, 0x00, 0x00, 0x04, 0x00, 0x00, 0x00, 0x00, 0x00,
			0x00, 0x00, 0x04, 0x00, 0x00, 0x00, 0x30, 0x01, 0x00, 0x70, 0x01, 0x34, 0x01, 0x40, 0x66, 0x03,
			0x01, 0x11, 0x00, 0x20, 0x00, 0x08, 0x08, 0x00, 0x0a, 0x0a, 0x06, 0xae, 0x00, 0x00, 0x10, 0x20,
			0x40, 0x60, 0x00, 0x40, 0x00, 0x50, 0x00, 0x60, 0x00, 0x70, 0x00, 0x80, 0x00, 0x80, 0x00, 0x80,
			0x00, 0x00, 0x20, 0x40, 0x60, 0x01, 0x40, 0x01, 0x80, 0x01, 0x80, 0x01, 0x80, 0x02, 0x00, 0x00,
			0x00, 0x00, 0x00, 0x00, 0x00, 0x00, 0x40, 0x03, 0xB6, 0x23, 0x24, 0x00, 0x72, 0x01, 0x00, 0x0D,
			0x00, 0x04, 0x07, 0x40, 0x00, 0x6e, 0x82, 0xe6, 0xff, 0x04, 0xff, 0x00, 0x10, 0x00, 0x40, 0x00,
			0x40, 0x14, 0x00, 0x01, 0x00, 0x01, 0x00, 0x10, 0x00, 0x00, 0x28, 0x3c, 0x04, 0x0f, 0x01, 0x00,
			0x00, 0x08, 0x10, 0x18, 0x20, 0x28, 0x30, 0x38, 0x40, 0x48, 0x50, 0x58, 0x60, 0x68, 0x70, 0x78,
			0x80, 0x88, 0x90, 0x98, 0xa0, 0xa8, 0xb0, 0xb8, 0xc0, 0xc8, 0xd0, 0xd8, 0xe0, 0xe8, 0xf0, 0xf8,
			0x01, 0x00, 0x00, 0x08, 0x10, 0x18, 0x20, 0x28, 0x30, 0x38, 0x40, 0x48, 0x50, 0x58, 0x60, 0x68,
			0x70, 0x78, 0x80, 0x88, 0x90, 0x98, 0xa0, 0xa8, 0xb0, 0xb8, 0xc0, 0xc8, 0xd0, 0xd8, 0xe0, 0xe8,
			0xf0, 0xf8, 0x01, 0x00,
		},
		[MOVIE] = {},
		[AUTO] = {
			/* DEh register - 196 bytes from rainbow_b0_mdnie_video_table[AUTO] */
			0x00, 0x40, 0x04, 0x00, 0x00, 0x00, 0x00, 0x00, 0x00, 0x00, 0x04, 0x00, 0x00, 0x00, 0x00, 0x00,
			0x00, 0x00, 0x04, 0x00, 0x00, 0x00, 0x15, 0x01, 0x00, 0x70, 0x01, 0x34, 0x01, 0x40, 0x66, 0x03,
			0x01, 0x11, 0x00, 0x20, 0x00, 0x08, 0x08, 0x00, 0x0a, 0x0a, 0x06, 0xae, 0x00, 0x00, 0x10, 0x20,
			0x40, 0x60, 0x00, 0x40, 0x00, 0x50, 0x00, 0x60, 0x00, 0x70, 0x00, 0x80, 0x00, 0x80, 0x00, 0x80,
			0x00, 0x00, 0x20, 0x40, 0x60, 0x01, 0x40, 0x01, 0x80, 0x01, 0x80, 0x01, 0x80, 0x02, 0x00, 0x00,
			0x00, 0x00, 0x00, 0x00, 0x00, 0x00, 0x40, 0x03, 0xB6, 0x23, 0x24, 0x00, 0x72, 0x01, 0x00, 0x0D,
			0x00, 0x04, 0x07, 0x40, 0x00, 0x6e, 0x82, 0xe6, 0xff, 0x0e, 0xff, 0x00, 0x20, 0x00, 0x40, 0x00,
			0x40, 0x14, 0x00, 0x01, 0x00, 0x01, 0x00, 0x20, 0x00, 0x00, 0x28, 0x3c, 0x04, 0x0f, 0x01, 0x20,
			0x00, 0x08, 0x10, 0x18, 0x20, 0x28, 0x30, 0x38, 0x40, 0x48, 0x50, 0x58, 0x60, 0x68, 0x70, 0x78,
			0x80, 0x88, 0x90, 0x98, 0xa0, 0xa8, 0xb0, 0xb8, 0xc0, 0xc8, 0xd0, 0xd8, 0xe0, 0xe8, 0xf0, 0xf8,
			0x01, 0x00, 0x00, 0x08, 0x10, 0x18, 0x20, 0x28, 0x30, 0x38, 0x40, 0x48, 0x50, 0x58, 0x60, 0x68,
			0x70, 0x78, 0x80, 0x88, 0x90, 0x98, 0xa0, 0xa8, 0xb0, 0xb8, 0xc0, 0xc8, 0xd0, 0xd8, 0xe0, 0xe8,
			0xf0, 0xf8, 0x01, 0x00,
		},
	},
	[CAMERA_MODE] = {
		[DYNAMIC] = {
			/* DEh register - 196 bytes from rainbow_b0_mdnie_camera_table[DYNAMIC] */
			0x00, 0x40, 0x04, 0x00, 0x00, 0x00, 0x00, 0x00, 0x00, 0x00, 0x04, 0x00, 0x00, 0x00, 0x00, 0x00,
			0x00, 0x00, 0x04, 0x00, 0x00, 0x00, 0x15, 0x01, 0x00, 0x70, 0x01, 0x34, 0x01, 0x40, 0x66, 0x03,
			0x01, 0x11, 0x00, 0x20, 0x00, 0x08, 0x08, 0x00, 0x0a, 0x0a, 0x06, 0xae, 0x00, 0x00, 0x10, 0x20,
			0x40, 0x60, 0x00, 0x40, 0x00, 0x50, 0x00, 0x60, 0x00, 0x70, 0x00, 0x80, 0x00, 0x80, 0x00, 0x80,
			0x00, 0x00, 0x20, 0x40, 0x60, 0x01, 0x40, 0x01, 0x80, 0x01, 0x80, 0x01, 0x80, 0x02, 0x00, 0x00,
			0x00, 0x00, 0x00, 0x00, 0x00, 0x00, 0x40, 0x03, 0xB6, 0x23, 0x24, 0x00, 0x72, 0x01, 0x00, 0x0D,
			0x00, 0x04, 0x07, 0x40, 0x00, 0x6e, 0x82, 0xe6, 0xff, 0x00, 0xff, 0x00, 0x00, 0x02, 0x00, 0x02,
			0x00, 0x14, 0x00, 0x01, 0x00, 0x01, 0x00, 0x10, 0x00, 0x00, 0x28, 0x3c, 0x04, 0x0f, 0x01, 0x08,
			0x00, 0x08, 0x10, 0x18, 0x20, 0x28, 0x30, 0x38, 0x40, 0x48, 0x50, 0x58, 0x60, 0x68, 0x70, 0x78,
			0x80, 0x88, 0x90, 0x98, 0xa0, 0xa8, 0xb0, 0xb8, 0xc0, 0xc8, 0xd0, 0xd8, 0xe0, 0xe8, 0xf0, 0xf8,
			0x01, 0x00, 0x00, 0x08, 0x10, 0x18, 0x20, 0x28, 0x30, 0x38, 0x40, 0x48, 0x50, 0x58, 0x60, 0x68,
			0x70, 0x78, 0x80, 0x88, 0x90, 0x98, 0xa0, 0xa8, 0xb0, 0xb8, 0xc0, 0xc8, 0xd0, 0xd8, 0xe0, 0xe8,
			0xf0, 0xf8, 0x01, 0x00,
		},
		[STANDARD] = {
			/* DEh register - 196 bytes from rainbow_b0_mdnie_camera_table[STANDARD] */
			0x00, 0x40, 0x04, 0x00, 0x00, 0x00, 0x00, 0x00, 0x00, 0x00, 0x04, 0x00, 0x00, 0x00, 0x00, 0x00,
			0x00, 0x00, 0x04, 0x00, 0x00, 0x00, 0x30, 0x01, 0x00, 0x70, 0x01, 0x34, 0x01, 0x40, 0x66, 0x03,
			0x01, 0x11, 0x00, 0x20, 0x00, 0x08, 0x08, 0x00, 0x0a, 0x0a, 0x06, 0xae, 0x00, 0x00, 0x10, 0x20,
			0x40, 0x60, 0x00, 0x40, 0x00, 0x50, 0x00, 0x60, 0x00, 0x70, 0x00, 0x80, 0x00, 0x80, 0x00, 0x80,
			0x00, 0x00, 0x20, 0x40, 0x60, 0x01, 0x40, 0x01, 0x80, 0x01, 0x80, 0x01, 0x80, 0x02, 0x00, 0x00,
			0x00, 0x00, 0x00, 0x00, 0x00, 0x00, 0x40, 0x03, 0xB6, 0x23, 0x24, 0x00, 0x72, 0x01, 0x00, 0x0D,
			0x00, 0x04, 0x07, 0x40, 0x00, 0x6e, 0x82, 0xe6, 0xff, 0x02, 0xff, 0x00, 0x00, 0x02, 0x00, 0x02,
			0x00, 0x14, 0x00, 0x01, 0x00, 0x01, 0x00, 0x10, 0x00, 0x00, 0x28, 0x3c, 0x04, 0x0f, 0x01, 0x18,
			0x00, 0x08, 0x10, 0x18, 0x20, 0x28, 0x30, 0x38, 0x40, 0x48, 0x50, 0x58, 0x60, 0x68, 0x70, 0x78,
			0x80, 0x88, 0x90, 0x98, 0xa0, 0xa8, 0xb0, 0xb8, 0xc0, 0xc8, 0xd0, 0xd8, 0xe0, 0xe8, 0xf0, 0xf8,
			0x01, 0x00, 0x00, 0x08, 0x10, 0x18, 0x20, 0x28, 0x30, 0x38, 0x40, 0x48, 0x50, 0x58, 0x60, 0x68,
			0x70, 0x78, 0x80, 0x88, 0x90, 0x98, 0xa0, 0xa8, 0xb0, 0xb8, 0xc0, 0xc8, 0xd0, 0xd8, 0xe0, 0xe8,
			0xf0, 0xf8, 0x01, 0x00,
		},
		[NATURAL] = {
			/* DEh register - 196 bytes from rainbow_b0_mdnie_camera_table[NATURAL] */
			0x00, 0x40, 0x04, 0x00, 0x00, 0x00, 0x00, 0x00, 0x00, 0x00, 0x04, 0x00, 0x00, 0x00, 0x00, 0x00,
			0x00, 0x00, 0x04, 0x00, 0x00, 0x00, 0x30, 0x01, 0x00, 0x70, 0x01, 0x34, 0x01, 0x40, 0x66, 0x03,
			0x01, 0x11, 0x00, 0x20, 0x00, 0x08, 0x08, 0x00, 0x0a, 0x0a, 0x06, 0xae, 0x00, 0x00, 0x10, 0x20,
			0x40, 0x60, 0x00, 0x40, 0x00, 0x50, 0x00, 0x60, 0x00, 0x70, 0x00, 0x80, 0x00, 0x80, 0x00, 0x80,
			0x00, 0x00, 0x20, 0x40, 0x60, 0x01, 0x40, 0x01, 0x80, 0x01, 0x80, 0x01, 0x80, 0x02, 0x00, 0x00,
			0x00, 0x00, 0x00, 0x00, 0x00, 0x00, 0x40, 0x03, 0xB6, 0x23, 0x24, 0x00, 0x72, 0x01, 0x00, 0x0D,
			0x00, 0x04, 0x07, 0x40, 0x00, 0x6e, 0x82, 0xe6, 0xff, 0x00, 0xff, 0x00, 0x00, 0x02, 0x00, 0x02,
			0x00, 0x14, 0x00, 0x01, 0x00, 0x01, 0x00, 0x10, 0x00, 0x00, 0x28, 0x3c, 0x04, 0x0f, 0x01, 0x00,
			0x00, 0x08, 0x10, 0x18, 0x20, 0x28, 0x30, 0x38, 0x40, 0x48, 0x50, 0x58, 0x60, 0x68, 0x70, 0x78,
			0x80, 0x88, 0x90, 0x98, 0xa0, 0xa8, 0xb0, 0xb8, 0xc0, 0xc8, 0xd0, 0xd8, 0xe0, 0xe8, 0xf0, 0xf8,
			0x01, 0x00, 0x00, 0x08, 0x10, 0x18, 0x20, 0x28, 0x30, 0x38, 0x40, 0x48, 0x50, 0x58, 0x60, 0x68,
			0x70, 0x78, 0x80, 0x88, 0x90, 0x98, 0xa0, 0xa8, 0xb0, 0xb8, 0xc0, 0xc8, 0xd0, 0xd8, 0xe0, 0xe8,
			0xf0, 0xf8, 0x01, 0x00,
		},
		[MOVIE] = {},
		[AUTO] = {
			/* DEh register - 196 bytes from rainbow_b0_mdnie_camera_table[AUTO] */
			0x00, 0x40, 0x04, 0x00, 0x00, 0x00, 0x00, 0x00, 0x00, 0x00, 0x04, 0x00, 0x00, 0x00, 0x00, 0x00,
			0x00, 0x00, 0x04, 0x00, 0x00, 0x00, 0x15, 0x01, 0x00, 0x70, 0x01, 0x34, 0x01, 0x40, 0x66, 0x03,
			0x01, 0x11, 0x00, 0x20, 0x00, 0x08, 0x08, 0x00, 0x0a, 0x0a, 0x06, 0xae, 0x00, 0x00, 0x10, 0x20,
			0x40, 0x60, 0x00, 0x40, 0x00, 0x50, 0x00, 0x60, 0x00, 0x70, 0x00, 0x80, 0x00, 0x80, 0x00, 0x80,
			0x00, 0x00, 0x20, 0x40, 0x60, 0x01, 0x40, 0x01, 0x80, 0x01, 0x80, 0x01, 0x80, 0x02, 0x00, 0x00,
			0x00, 0x00, 0x00, 0x00, 0x00, 0x00, 0x40, 0x03, 0xB6, 0x23, 0x24, 0x00, 0x72, 0x01, 0x00, 0x0D,
			0x00, 0x04, 0x07, 0x40, 0x00, 0x6e, 0x82, 0xe6, 0xff, 0x00, 0xff, 0x00, 0x00, 0x02, 0x00, 0x02,
			0x00, 0x14, 0x00, 0x01, 0x00, 0x01, 0x00, 0x10, 0x00, 0x00, 0x28, 0x3c, 0x04, 0x0f, 0x01, 0x00,
			0x00, 0x08, 0x10, 0x18, 0x20, 0x28, 0x30, 0x38, 0x40, 0x48, 0x50, 0x58, 0x60, 0x68, 0x70, 0x78,
			0x80, 0x88, 0x90, 0x98, 0xa0, 0xa8, 0xb0, 0xb8, 0xc0, 0xc8, 0xd0, 0xd8, 0xe0, 0xe8, 0xf0, 0xf8,
			0x01, 0x00, 0x00, 0x08, 0x10, 0x18, 0x20, 0x28, 0x30, 0x38, 0x40, 0x48, 0x50, 0x58, 0x60, 0x68,
			0x70, 0x78, 0x80, 0x88, 0x90, 0x98, 0xa0, 0xa8, 0xb0, 0xb8, 0xc0, 0xc8, 0xd0, 0xd8, 0xe0, 0xe8,
			0xf0, 0xf8, 0x01, 0x00,
		},
	},
	[NAVI_MODE] = {},
	[GALLERY_MODE] = {
		[DYNAMIC] = {
			/* DEh register - 196 bytes from rainbow_b0_mdnie_gallery_table[DYNAMIC] */
			0x00, 0x40, 0x04, 0x00, 0x00, 0x00, 0x00, 0x00, 0x00, 0x00, 0x04, 0x00, 0x00, 0x00, 0x00, 0x00,
			0x00, 0x00, 0x04, 0x00, 0x00, 0x00, 0x15, 0x01, 0x00, 0x70, 0x01, 0x34, 0x01, 0x40, 0x66, 0x03,
			0x01, 0x11, 0x00, 0x20, 0x00, 0x08, 0x08, 0x00, 0x0a, 0x0a, 0x06, 0xae, 0x00, 0x00, 0x10, 0x20,
			0x40, 0x60, 0x00, 0x40, 0x00, 0x50, 0x00, 0x60, 0x00, 0x70, 0x00, 0x80, 0x00, 0x80, 0x00, 0x80,
			0x00, 0x00, 0x20, 0x40, 0x60, 0x01, 0x40, 0x01, 0x80, 0x01, 0x80, 0x01, 0x80, 0x02, 0x00, 0x00,
			0x00, 0x00, 0x00, 0x00, 0x00, 0x00, 0x40, 0x03, 0xB6, 0x23, 0x24, 0x00, 0x72, 0x01, 0x00, 0x0D,
			0x00, 0x04, 0x07, 0x40, 0x00, 0x6e, 0x82, 0xe6, 0xff, 0x04, 0xff, 0x00, 0x20, 0x02, 0x00, 0x02,
			0x00, 0x14, 0x00, 0x01, 0x00, 0x01, 0x00, 0x20, 0x00, 0x00, 0x28, 0x3c, 0x04, 0x0f, 0x01, 0x08,
			0x00, 0x08, 0x10, 0x18, 0x20, 0x28, 0x30, 0x38, 0x40, 0x48, 0x50, 0x58, 0x60, 0x68, 0x70, 0x78,
			0x80, 0x88, 0x90, 0x98, 0xa0, 0xa8, 0xb0, 0xb8, 0xc0, 0xc8, 0xd0, 0xd8, 0xe0, 0xe8, 0xf0, 0xf8,
			0x01, 0x00, 0x00, 0x08, 0x10, 0x18, 0x20, 0x28, 0x30, 0x38, 0x40, 0x48, 0x50, 0x58, 0x60, 0x68,
			0x70, 0x78, 0x80, 0x88, 0x90, 0x98, 0xa0, 0xa8, 0xb0, 0xb8, 0xc0, 0xc8, 0xd0, 0xd8, 0xe0, 0xe8,
			0xf0, 0xf8, 0x01, 0x00,
		},
		[STANDARD] = {
			/* DEh register - 196 bytes from rainbow_b0_mdnie_gallery_table[STANDARD] */
			0x00, 0x40, 0x04, 0x00, 0x00, 0x00, 0x00, 0x00, 0x00, 0x00, 0x04, 0x00, 0x00, 0x00, 0x00, 0x00,
			0x00, 0x00, 0x04, 0x00, 0x00, 0x00, 0x30, 0x01, 0x00, 0x70, 0x01, 0x34, 0x01, 0x40, 0x66, 0x03,
			0x01, 0x11, 0x00, 0x20, 0x00, 0x08, 0x08, 0x00, 0x0a, 0x0a, 0x06, 0xae, 0x00, 0x00, 0x10, 0x20,
			0x40, 0x60, 0x00, 0x40, 0x00, 0x50, 0x00, 0x60, 0x00, 0x70, 0x00, 0x80, 0x00, 0x80, 0x00, 0x80,
			0x00, 0x00, 0x20, 0x40, 0x60, 0x01, 0x40, 0x01, 0x80, 0x01, 0x80, 0x01, 0x80, 0x02, 0x00, 0x00,
			0x00, 0x00, 0x00, 0x00, 0x00, 0x00, 0x40, 0x03, 0xB6, 0x23, 0x24, 0x00, 0x72, 0x01, 0x00, 0x0D,
			0x00, 0x04, 0x07, 0x40, 0x00, 0x6e, 0x82, 0xe6, 0xff, 0x06, 0xff, 0x00, 0x10, 0x02, 0x00, 0x02,
			0x00, 0x14, 0x00, 0x01, 0x00, 0x01, 0x00, 0x10, 0x00, 0x00, 0x28, 0x3c, 0x04, 0x0f, 0x01, 0x18,
			0x00, 0x08, 0x10, 0x18, 0x20, 0x28, 0x30, 0x38, 0x40, 0x48, 0x50, 0x58, 0x60, 0x68, 0x70, 0x78,
			0x80, 0x88, 0x90, 0x98, 0xa0, 0xa8, 0xb0, 0xb8, 0xc0, 0xc8, 0xd0, 0xd8, 0xe0, 0xe8, 0xf0, 0xf8,
			0x01, 0x00, 0x00, 0x08, 0x10, 0x18, 0x20, 0x28, 0x30, 0x38, 0x40, 0x48, 0x50, 0x58, 0x60, 0x68,
			0x70, 0x78, 0x80, 0x88, 0x90, 0x98, 0xa0, 0xa8, 0xb0, 0xb8, 0xc0, 0xc8, 0xd0, 0xd8, 0xe0, 0xe8,
			0xf0, 0xf8, 0x01, 0x00,
		},
		[NATURAL] = {
			/* DEh register - 196 bytes from rainbow_b0_mdnie_gallery_table[NATURAL] */
			0x00, 0x40, 0x04, 0x00, 0x00, 0x00, 0x00, 0x00, 0x00, 0x00, 0x04, 0x00, 0x00, 0x00, 0x00, 0x00,
			0x00, 0x00, 0x04, 0x00, 0x00, 0x00, 0x30, 0x01, 0x00, 0x70, 0x01, 0x34, 0x01, 0x40, 0x66, 0x03,
			0x01, 0x11, 0x00, 0x20, 0x00, 0x08, 0x08, 0x00, 0x0a, 0x0a, 0x06, 0xae, 0x00, 0x00, 0x10, 0x20,
			0x40, 0x60, 0x00, 0x40, 0x00, 0x50, 0x00, 0x60, 0x00, 0x70, 0x00, 0x80, 0x00, 0x80, 0x00, 0x80,
			0x00, 0x00, 0x20, 0x40, 0x60, 0x01, 0x40, 0x01, 0x80, 0x01, 0x80, 0x01, 0x80, 0x02, 0x00, 0x00,
			0x00, 0x00, 0x00, 0x00, 0x00, 0x00, 0x40, 0x03, 0xB6, 0x23, 0x24, 0x00, 0x72, 0x01, 0x00, 0x0D,
			0x00, 0x04, 0x07, 0x40, 0x00, 0x6e, 0x82, 0xe6, 0xff, 0x04, 0xff, 0x00, 0x10, 0x02, 0x00, 0x02,
			0x00, 0x14, 0x00, 0x01, 0x00, 0x01, 0x00, 0x10, 0x00, 0x00, 0x28, 0x3c, 0x04, 0x0f, 0x01, 0x00,
			0x00, 0x08, 0x10, 0x18, 0x20, 0x28, 0x30, 0x38, 0x40, 0x48, 0x50, 0x58, 0x60, 0x68, 0x70, 0x78,
			0x80, 0x88, 0x90, 0x98, 0xa0, 0xa8, 0xb0, 0xb8, 0xc0, 0xc8, 0xd0, 0xd8, 0xe0, 0xe8, 0xf0, 0xf8,
			0x01, 0x00, 0x00, 0x08, 0x10, 0x18, 0x20, 0x28, 0x30, 0x38, 0x40, 0x48, 0x50, 0x58, 0x60, 0x68,
			0x70, 0x78, 0x80, 0x88, 0x90, 0x98, 0xa0, 0xa8, 0xb0, 0xb8, 0xc0, 0xc8, 0xd0, 0xd8, 0xe0, 0xe8,
			0xf0, 0xf8, 0x01, 0x00,
		},
		[MOVIE] = {},
		[AUTO] = {
			/* DEh register - 196 bytes from rainbow_b0_mdnie_gallery_table[AUTO] */
			0x00, 0x40, 0x04, 0x00, 0x00, 0x00, 0x00, 0x00, 0x00, 0x00, 0x04, 0x00, 0x00, 0x00, 0x00, 0x00,
			0x00, 0x00, 0x04, 0x00, 0x00, 0x00, 0x15, 0x01, 0x00, 0x70, 0x01, 0x34, 0x01, 0x40, 0x66, 0x03,
			0x01, 0x11, 0x00, 0x20, 0x00, 0x08, 0x08, 0x00, 0x0a, 0x0a, 0x06, 0xae, 0x00, 0x00, 0x10, 0x20,
			0x40, 0x60, 0x00, 0x40, 0x00, 0x50, 0x00, 0x60, 0x00, 0x70, 0x00, 0x80, 0x00, 0x80, 0x00, 0x80,
			0x00, 0x00, 0x20, 0x40, 0x60, 0x01, 0x40, 0x01, 0x80, 0x01, 0x80, 0x01, 0x80, 0x02, 0x00, 0x00,
			0x00, 0x00, 0x00, 0x00, 0x00, 0x00, 0x40, 0x03, 0xB6, 0x23, 0x24, 0x00, 0x72, 0x01, 0x00, 0x0D,
			0x00, 0x04, 0x07, 0x40, 0x00, 0x6e, 0x82, 0xe6, 0xff, 0x0c, 0xff, 0x00, 0x20, 0x02, 0x00, 0x02,
			0x00, 0x14, 0x00, 0x01, 0x00, 0x01, 0x00, 0x20, 0x00, 0x00, 0x28, 0x3c, 0x04, 0x0f, 0x01, 0x00,
			0x00, 0x08, 0x10, 0x18, 0x20, 0x28, 0x30, 0x38, 0x40, 0x48, 0x50, 0x58, 0x60, 0x68, 0x70, 0x78,
			0x80, 0x88, 0x90, 0x98, 0xa0, 0xa8, 0xb0, 0xb8, 0xc0, 0xc8, 0xd0, 0xd8, 0xe0, 0xe8, 0xf0, 0xf8,
			0x01, 0x00, 0x00, 0x08, 0x10, 0x18, 0x20, 0x28, 0x30, 0x38, 0x40, 0x48, 0x50, 0x58, 0x60, 0x68,
			0x70, 0x78, 0x80, 0x88, 0x90, 0x98, 0xa0, 0xa8, 0xb0, 0xb8, 0xc0, 0xc8, 0xd0, 0xd8, 0xe0, 0xe8,
			0xf0, 0xf8, 0x01, 0x00,
		},
	},
	[VT_MODE] = {},
	[BROWSER_MODE] = {
		[DYNAMIC] = {
			/* DEh register - 196 bytes from rainbow_b0_mdnie_browser_table[DYNAMIC] */
			0x00, 0x40, 0x04, 0x00, 0x00, 0x00, 0x00, 0x00, 0x00, 0x00, 0x04, 0x00, 0x00, 0x00, 0x00, 0x00,
			0x00, 0x00, 0x04, 0x00, 0x00, 0x00, 0x15, 0x01, 0x00, 0x70, 0x01, 0x34, 0x01, 0x40, 0x66, 0x03,
			0x01, 0x11, 0x00, 0x20, 0x00, 0x08, 0x08, 0x00, 0x0a, 0x0a, 0x06, 0xae, 0x00, 0x00, 0x10, 0x20,
			0x40, 0x60, 0x00, 0x40, 0x00, 0x50, 0x00, 0x60, 0x00, 0x70, 0x00, 0x80, 0x00, 0x80, 0x00, 0x80,
			0x00, 0x00, 0x20, 0x40, 0x60, 0x01, 0x40, 0x01, 0x80, 0x01, 0x80, 0x01, 0x80, 0x02, 0x00, 0x00,
			0x00, 0x00, 0x00, 0x00, 0x00, 0x00, 0x40, 0x03, 0xB6, 0x23, 0x24, 0x00, 0x72, 0x01, 0x00, 0x0D,
			0x00, 0x04, 0x07, 0x40, 0x00, 0x6e, 0x82, 0xe6, 0xff, 0x00, 0xff, 0x00, 0x00, 0x02, 0x00, 0x02,
			0x00, 0x14, 0x00, 0x01, 0x00, 0x01, 0x00, 0x10, 0x00, 0x00, 0x28, 0x3c, 0x04, 0x0f, 0x01, 0x08,
			0x00, 0x08, 0x10, 0x18, 0x20, 0x28, 0x30, 0x38, 0x40, 0x48, 0x50, 0x58, 0x60, 0x68, 0x70, 0x78,
			0x80, 0x88, 0x90, 0x98, 0xa0, 0xa8, 0xb0, 0xb8, 0xc0, 0xc8, 0xd0, 0xd8, 0xe0, 0xe8, 0xf0, 0xf8,
			0x01, 0x00, 0x00, 0x08, 0x10, 0x18, 0x20, 0x28, 0x30, 0x38, 0x40, 0x48, 0x50, 0x58, 0x60, 0x68,
			0x70, 0x78, 0x80, 0x88, 0x90, 0x98, 0xa0, 0xa8, 0xb0, 0xb8, 0xc0, 0xc8, 0xd0, 0xd8, 0xe0, 0xe8,
			0xf0, 0xf8, 0x01, 0x00,
		},
		[STANDARD] = {
			/* DEh register - 196 bytes from rainbow_b0_mdnie_browser_table[STANDARD] */
			0x00, 0x40, 0x04, 0x00, 0x00, 0x00, 0x00, 0x00, 0x00, 0x00, 0x04, 0x00, 0x00, 0x00, 0x00, 0x00,
			0x00, 0x00, 0x04, 0x00, 0x00, 0x00, 0x30, 0x01, 0x00, 0x70, 0x01, 0x34, 0x01, 0x40, 0x66, 0x03,
			0x01, 0x11, 0x00, 0x20, 0x00, 0x08, 0x08, 0x00, 0x0a, 0x0a, 0x06, 0xae, 0x00, 0x00, 0x10, 0x20,
			0x40, 0x60, 0x00, 0x40, 0x00, 0x50, 0x00, 0x60, 0x00, 0x70, 0x00, 0x80, 0x00, 0x80, 0x00, 0x80,
			0x00, 0x00, 0x20, 0x40, 0x60, 0x01, 0x40, 0x01, 0x80, 0x01, 0x80, 0x01, 0x80, 0x02, 0x00, 0x00,
			0x00, 0x00, 0x00, 0x00, 0x00, 0x00, 0x40, 0x03, 0xB6, 0x23, 0x24, 0x00, 0x72, 0x01, 0x00, 0x0D,
			0x00, 0x04, 0x07, 0x40, 0x00, 0x6e, 0x82, 0xe6, 0xff, 0x02, 0xff, 0x00, 0x00, 0x02, 0x00, 0x02,
			0x00, 0x14, 0x00, 0x01, 0x00, 0x01, 0x00, 0x10, 0x00, 0x00, 0x28, 0x3c, 0x04, 0x0f, 0x01, 0x18,
			0x00, 0x08, 0x10, 0x18, 0x20, 0x28, 0x30, 0x38, 0x40, 0x48, 0x50, 0x58, 0x60, 0x68, 0x70, 0x78,
			0x80, 0x88, 0x90, 0x98, 0xa0, 0xa8, 0xb0, 0xb8, 0xc0, 0xc8, 0xd0, 0xd8, 0xe0, 0xe8, 0xf0, 0xf8,
			0x01, 0x00, 0x00, 0x08, 0x10, 0x18, 0x20, 0x28, 0x30, 0x38, 0x40, 0x48, 0x50, 0x58, 0x60, 0x68,
			0x70, 0x78, 0x80, 0x88, 0x90, 0x98, 0xa0, 0xa8, 0xb0, 0xb8, 0xc0, 0xc8, 0xd0, 0xd8, 0xe0, 0xe8,
			0xf0, 0xf8, 0x01, 0x00,
		},
		[NATURAL] = {
			/* DEh register - 196 bytes from rainbow_b0_mdnie_browser_table[NATURAL] */
			0x00, 0x40, 0x04, 0x00, 0x00, 0x00, 0x00, 0x00, 0x00, 0x00, 0x04, 0x00, 0x00, 0x00, 0x00, 0x00,
			0x00, 0x00, 0x04, 0x00, 0x00, 0x00, 0x30, 0x01, 0x00, 0x70, 0x01, 0x34, 0x01, 0x40, 0x66, 0x03,
			0x01, 0x11, 0x00, 0x20, 0x00, 0x08, 0x08, 0x00, 0x0a, 0x0a, 0x06, 0xae, 0x00, 0x00, 0x10, 0x20,
			0x40, 0x60, 0x00, 0x40, 0x00, 0x50, 0x00, 0x60, 0x00, 0x70, 0x00, 0x80, 0x00, 0x80, 0x00, 0x80,
			0x00, 0x00, 0x20, 0x40, 0x60, 0x01, 0x40, 0x01, 0x80, 0x01, 0x80, 0x01, 0x80, 0x02, 0x00, 0x00,
			0x00, 0x00, 0x00, 0x00, 0x00, 0x00, 0x40, 0x03, 0xB6, 0x23, 0x24, 0x00, 0x72, 0x01, 0x00, 0x0D,
			0x00, 0x04, 0x07, 0x40, 0x00, 0x6e, 0x82, 0xe6, 0xff, 0x00, 0xff, 0x00, 0x00, 0x02, 0x00, 0x02,
			0x00, 0x14, 0x00, 0x01, 0x00, 0x01, 0x00, 0x10, 0x00, 0x00, 0x28, 0x3c, 0x04, 0x0f, 0x01, 0x00,
			0x00, 0x08, 0x10, 0x18, 0x20, 0x28, 0x30, 0x38, 0x40, 0x48, 0x50, 0x58, 0x60, 0x68, 0x70, 0x78,
			0x80, 0x88, 0x90, 0x98, 0xa0, 0xa8, 0xb0, 0xb8, 0xc0, 0xc8, 0xd0, 0xd8, 0xe0, 0xe8, 0xf0, 0xf8,
			0x01, 0x00, 0x00, 0x08, 0x10, 0x18, 0x20, 0x28, 0x30, 0x38, 0x40, 0x48, 0x50, 0x58, 0x60, 0x68,
			0x70, 0x78, 0x80, 0x88, 0x90, 0x98, 0xa0, 0xa8, 0xb0, 0xb8, 0xc0, 0xc8, 0xd0, 0xd8, 0xe0, 0xe8,
			0xf0, 0xf8, 0x01, 0x00,
		},
		[MOVIE] = {},
		[AUTO] = {
			/* DEh register - 196 bytes from rainbow_b0_mdnie_browser_table[AUTO] */
			0x00, 0x40, 0x04, 0x00, 0x00, 0x00, 0x00, 0x00, 0x00, 0x00, 0x04, 0x00, 0x00, 0x00, 0x00, 0x00,
			0x00, 0x00, 0x04, 0x00, 0x00, 0x00, 0x15, 0x01, 0x00, 0x70, 0x01, 0x34, 0x01, 0x40, 0x66, 0x03,
			0x01, 0x11, 0x00, 0x20, 0x00, 0x08, 0x08, 0x00, 0x0a, 0x0a, 0x06, 0xae, 0x00, 0x00, 0x10, 0x20,
			0x40, 0x60, 0x00, 0x40, 0x00, 0x50, 0x00, 0x60, 0x00, 0x70, 0x00, 0x80, 0x00, 0x80, 0x00, 0x80,
			0x00, 0x00, 0x20, 0x40, 0x60, 0x01, 0x40, 0x01, 0x80, 0x01, 0x80, 0x01, 0x80, 0x02, 0x00, 0x00,
			0x00, 0x00, 0x00, 0x00, 0x00, 0x00, 0x40, 0x03, 0xB6, 0x23, 0x24, 0x00, 0x72, 0x01, 0x00, 0x0D,
			0x00, 0x04, 0x07, 0x40, 0x00, 0x6e, 0x82, 0xe6, 0xff, 0x00, 0xff, 0x00, 0x00, 0x02, 0x00, 0x02,
			0x00, 0x14, 0x00, 0x01, 0x00, 0x01, 0x00, 0x10, 0x00, 0x00, 0x28, 0x3c, 0x04, 0x0f, 0x01, 0x00,
			0x00, 0x08, 0x10, 0x18, 0x20, 0x28, 0x30, 0x38, 0x40, 0x48, 0x50, 0x58, 0x60, 0x68, 0x70, 0x78,
			0x80, 0x88, 0x90, 0x98, 0xa0, 0xa8, 0xb0, 0xb8, 0xc0, 0xc8, 0xd0, 0xd8, 0xe0, 0xe8, 0xf0, 0xf8,
			0x01, 0x00, 0x00, 0x08, 0x10, 0x18, 0x20, 0x28, 0x30, 0x38, 0x40, 0x48, 0x50, 0x58, 0x60, 0x68,
			0x70, 0x78, 0x80, 0x88, 0x90, 0x98, 0xa0, 0xa8, 0xb0, 0xb8, 0xc0, 0xc8, 0xd0, 0xd8, 0xe0, 0xe8,
			0xf0, 0xf8, 0x01, 0x00,
		},
	},
	[EBOOK_MODE] = {
		[DYNAMIC] = {
			/* DEh register - 196 bytes from rainbow_b0_mdnie_ebook_table[DYNAMIC] */
			0x00, 0x40, 0x04, 0x00, 0x00, 0x00, 0x00, 0x00, 0x00, 0x00, 0x04, 0x00, 0x00, 0x00, 0x00, 0x00,
			0x00, 0x00, 0x04, 0x00, 0x00, 0x00, 0x15, 0x01, 0x00, 0x70, 0x01, 0x34, 0x01, 0x40, 0x66, 0x03,
			0x01, 0x11, 0x00, 0x20, 0x00, 0x08, 0x08, 0x00, 0x0a, 0x0a, 0x06, 0xae, 0x00, 0x00, 0x10, 0x20,
			0x40, 0x60, 0x00, 0x40, 0x00, 0x50, 0x00, 0x60, 0x00, 0x70, 0x00, 0x80, 0x00, 0x80, 0x00, 0x80,
			0x00, 0x00, 0x20, 0x40, 0x60, 0x01, 0x40, 0x01, 0x80, 0x01, 0x80, 0x01, 0x80, 0x02, 0x00, 0x00,
			0x00, 0x00, 0x00, 0x00, 0x00, 0x00, 0x40, 0x03, 0xB6, 0x23, 0x24, 0x00, 0x72, 0x01, 0x00, 0x0D,
			0x00, 0x04, 0x07, 0x40, 0x00, 0x6e, 0x82, 0xe6, 0xff, 0x00, 0xff, 0x00, 0x00, 0x02, 0x00, 0x02,
			0x00, 0x14, 0x00, 0x01, 0x00, 0x01, 0x00, 0x10, 0x00, 0x00, 0x28, 0x3c, 0x04, 0x0f, 0x01, 0x08,
			0x00, 0x08, 0x10, 0x18, 0x20, 0x28, 0x30, 0x38, 0x40, 0x48, 0x50, 0x58, 0x60, 0x68, 0x70, 0x78,
			0x80, 0x88, 0x90, 0x98, 0xa0, 0xa8, 0xb0, 0xb8, 0xc0, 0xc8, 0xd0, 0xd8, 0xe0, 0xe8, 0xf0, 0xf8,
			0x01, 0x00, 0x00, 0x08, 0x10, 0x18, 0x20, 0x28, 0x30, 0x38, 0x40, 0x48, 0x50, 0x58, 0x60, 0x68,
			0x70, 0x78, 0x80, 0x88, 0x90, 0x98, 0xa0, 0xa8, 0xb0, 0xb8, 0xc0, 0xc8, 0xd0, 0xd8, 0xe0, 0xe8,
			0xf0, 0xf8, 0x01, 0x00,
		},
		[STANDARD] = {
			/* DEh register - 196 bytes from rainbow_b0_mdnie_ebook_table[STANDARD] */
			0x00, 0x40, 0x04, 0x00, 0x00, 0x00, 0x00, 0x00, 0x00, 0x00, 0x04, 0x00, 0x00, 0x00, 0x00, 0x00,
			0x00, 0x00, 0x04, 0x00, 0x00, 0x00, 0x30, 0x01, 0x00, 0x70, 0x01, 0x34, 0x01, 0x40, 0x66, 0x03,
			0x01, 0x11, 0x00, 0x20, 0x00, 0x08, 0x08, 0x00, 0x0a, 0x0a, 0x06, 0xae, 0x00, 0x00, 0x10, 0x20,
			0x40, 0x60, 0x00, 0x40, 0x00, 0x50, 0x00, 0x60, 0x00, 0x70, 0x00, 0x80, 0x00, 0x80, 0x00, 0x80,
			0x00, 0x00, 0x20, 0x40, 0x60, 0x01, 0x40, 0x01, 0x80, 0x01, 0x80, 0x01, 0x80, 0x02, 0x00, 0x00,
			0x00, 0x00, 0x00, 0x00, 0x00, 0x00, 0x40, 0x03, 0xB6, 0x23, 0x24, 0x00, 0x72, 0x01, 0x00, 0x0D,
			0x00, 0x04, 0x07, 0x40, 0x00, 0x6e, 0x82, 0xe6, 0xff, 0x02, 0xff, 0x00, 0x00, 0x02, 0x00, 0x02,
			0x00, 0x14, 0x00, 0x01, 0x00, 0x01, 0x00, 0x10, 0x00, 0x00, 0x28, 0x3c, 0x04, 0x0f, 0x01, 0x18,
			0x00, 0x08, 0x10, 0x18, 0x20, 0x28, 0x30, 0x38, 0x40, 0x48, 0x50, 0x58, 0x60, 0x68, 0x70, 0x78,
			0x80, 0x88, 0x90, 0x98, 0xa0, 0xa8, 0xb0, 0xb8, 0xc0, 0xc8, 0xd0, 0xd8, 0xe0, 0xe8, 0xf0, 0xf8,
			0x01, 0x00, 0x00, 0x08, 0x10, 0x18, 0x20, 0x28, 0x30, 0x38, 0x40, 0x48, 0x50, 0x58, 0x60, 0x68,
			0x70, 0x78, 0x80, 0x88, 0x90, 0x98, 0xa0, 0xa8, 0xb0, 0xb8, 0xc0, 0xc8, 0xd0, 0xd8, 0xe0, 0xe8,
			0xf0, 0xf8, 0x01, 0x00,
		},
		[NATURAL] = {
			/* DEh register - 196 bytes from rainbow_b0_mdnie_ebook_table[NATURAL] */
			0x00, 0x40, 0x04, 0x00, 0x00, 0x00, 0x00, 0x00, 0x00, 0x00, 0x04, 0x00, 0x00, 0x00, 0x00, 0x00,
			0x00, 0x00, 0x04, 0x00, 0x00, 0x00, 0x30, 0x01, 0x00, 0x70, 0x01, 0x34, 0x01, 0x40, 0x66, 0x03,
			0x01, 0x11, 0x00, 0x20, 0x00, 0x08, 0x08, 0x00, 0x0a, 0x0a, 0x06, 0xae, 0x00, 0x00, 0x10, 0x20,
			0x40, 0x60, 0x00, 0x40, 0x00, 0x50, 0x00, 0x60, 0x00, 0x70, 0x00, 0x80, 0x00, 0x80, 0x00, 0x80,
			0x00, 0x00, 0x20, 0x40, 0x60, 0x01, 0x40, 0x01, 0x80, 0x01, 0x80, 0x01, 0x80, 0x02, 0x00, 0x00,
			0x00, 0x00, 0x00, 0x00, 0x00, 0x00, 0x40, 0x03, 0xB6, 0x23, 0x24, 0x00, 0x72, 0x01, 0x00, 0x0D,
			0x00, 0x04, 0x07, 0x40, 0x00, 0x6e, 0x82, 0xe6, 0xff, 0x00, 0xff, 0x00, 0x00, 0x02, 0x00, 0x02,
			0x00, 0x14, 0x00, 0x01, 0x00, 0x01, 0x00, 0x10, 0x00, 0x00, 0x28, 0x3c, 0x04, 0x0f, 0x01, 0x00,
			0x00, 0x08, 0x10, 0x18, 0x20, 0x28, 0x30, 0x38, 0x40, 0x48, 0x50, 0x58, 0x60, 0x68, 0x70, 0x78,
			0x80, 0x88, 0x90, 0x98, 0xa0, 0xa8, 0xb0, 0xb8, 0xc0, 0xc8, 0xd0, 0xd8, 0xe0, 0xe8, 0xf0, 0xf8,
			0x01, 0x00, 0x00, 0x08, 0x10, 0x18, 0x20, 0x28, 0x30, 0x38, 0x40, 0x48, 0x50, 0x58, 0x60, 0x68,
			0x70, 0x78, 0x80, 0x88, 0x90, 0x98, 0xa0, 0xa8, 0xb0, 0xb8, 0xc0, 0xc8, 0xd0, 0xd8, 0xe0, 0xe8,
			0xf0, 0xf8, 0x01, 0x00,
		},
		[MOVIE] = {},
		[AUTO] = {
			/* DEh register - 196 bytes from rainbow_b0_mdnie_ebook_table[AUTO] */
			0x00, 0x40, 0x04, 0x00, 0x00, 0x00, 0x00, 0x00, 0x00, 0x00, 0x04, 0x00, 0x00, 0x00, 0x00, 0x00,
			0x00, 0x00, 0x04, 0x00, 0x00, 0x00, 0x15, 0x01, 0x00, 0x70, 0x01, 0x34, 0x01, 0x40, 0x66, 0x03,
			0x01, 0x11, 0x00, 0x20, 0x00, 0x08, 0x08, 0x00, 0x0a, 0x0a, 0x06, 0xae, 0x00, 0x00, 0x10, 0x20,
			0x40, 0x60, 0x00, 0x40, 0x00, 0x50, 0x00, 0x60, 0x00, 0x70, 0x00, 0x80, 0x00, 0x80, 0x00, 0x80,
			0x00, 0x00, 0x20, 0x40, 0x60, 0x01, 0x40, 0x01, 0x80, 0x01, 0x80, 0x01, 0x80, 0x02, 0x00, 0x00,
			0x00, 0x00, 0x00, 0x00, 0x00, 0x00, 0x40, 0x03, 0xB6, 0x23, 0x24, 0x00, 0x72, 0x01, 0x00, 0x0D,
			0x00, 0x04, 0x07, 0x40, 0x00, 0x6e, 0x82, 0xe6, 0xff, 0x00, 0xff, 0x00, 0x00, 0x02, 0x00, 0x02,
			0x00, 0x14, 0x00, 0x01, 0x00, 0x01, 0x00, 0x10, 0x00, 0x00, 0x28, 0x3c, 0x04, 0x0f, 0x01, 0x00,
			0x00, 0x08, 0x10, 0x18, 0x20, 0x28, 0x30, 0x38, 0x40, 0x48, 0x50, 0x58, 0x60, 0x68, 0x70, 0x78,
			0x80, 0x88, 0x90, 0x98, 0xa0, 0xa8, 0xb0, 0xb8, 0xc0, 0xc8, 0xd0, 0xd8, 0xe0, 0xe8, 0xf0, 0xf8,
			0x01, 0x00, 0x00, 0x08, 0x10, 0x18, 0x20, 0x28, 0x30, 0x38, 0x40, 0x48, 0x50, 0x58, 0x60, 0x68,
			0x70, 0x78, 0x80, 0x88, 0x90, 0x98, 0xa0, 0xa8, 0xb0, 0xb8, 0xc0, 0xc8, 0xd0, 0xd8, 0xe0, 0xe8,
			0xf0, 0xf8, 0x01, 0x00,
		},
	},
	[EMAIL_MODE] = {
		[DYNAMIC] = {
			/* DEh register - 196 bytes from rainbow_b0_mdnie_email_table[DYNAMIC] */
			0x00, 0x40, 0x04, 0x00, 0x00, 0x00, 0x00, 0x00, 0x00, 0x00, 0x04, 0x00, 0x00, 0x00, 0x00, 0x00,
			0x00, 0x00, 0x04, 0x00, 0x00, 0x00, 0x15, 0x01, 0x00, 0x70, 0x01, 0x34, 0x01, 0x40, 0x66, 0x03,
			0x01, 0x11, 0x00, 0x20, 0x00, 0x08, 0x08, 0x00, 0x0a, 0x0a, 0x06, 0xae, 0x00, 0x00, 0x10, 0x20,
			0x40, 0x60, 0x00, 0x40, 0x00, 0x50, 0x00, 0x60, 0x00, 0x70, 0x00, 0x80, 0x00, 0x80, 0x00, 0x80,
			0x00, 0x00, 0x20, 0x40, 0x60, 0x01, 0x40, 0x01, 0x80, 0x01, 0x80, 0x01, 0x80, 0x02, 0x00, 0x00,
			0x00, 0x00, 0x00, 0x00, 0x00, 0x00, 0x40, 0x03, 0xB6, 0x23, 0x24, 0x00, 0x72, 0x01, 0x00, 0x0D,
			0x00, 0x04, 0x07, 0x40, 0x00, 0x6e, 0x82, 0xe6, 0xff, 0x00, 0xff, 0x00, 0x00, 0x02, 0x00, 0x02,
			0x00, 0x14, 0x00, 0x01, 0x00, 0x01, 0x00, 0x10, 0x00, 0x00, 0x28, 0x3c, 0x04, 0x0f, 0x01, 0x00,
			0x00, 0x08, 0x10, 0x18, 0x20, 0x28, 0x30, 0x38, 0x40, 0x48, 0x50, 0x58, 0x60, 0x68, 0x70, 0x78,
			0x80, 0x88, 0x90, 0x98, 0xa0, 0xa8, 0xb0, 0xb8, 0xc0, 0xc8, 0xd0, 0xd8, 0xe0, 0xe8, 0xf0, 0xf8,
			0x01, 0x00, 0x00, 0x08, 0x10, 0x18, 0x20, 0x28, 0x30, 0x38, 0x40, 0x48, 0x50, 0x58, 0x60, 0x68,
			0x70, 0x78, 0x80, 0x88, 0x90, 0x98, 0xa0, 0xa8, 0xb0, 0xb8, 0xc0, 0xc8, 0xd0, 0xd8, 0xe0, 0xe8,
			0xf0, 0xf8, 0x01, 0x00,
		},
		[STANDARD] = {
			/* DEh register - 196 bytes from rainbow_b0_mdnie_email_table[STANDARD] */
			0x00, 0x40, 0x04, 0x00, 0x00, 0x00, 0x00, 0x00, 0x00, 0x00, 0x04, 0x00, 0x00, 0x00, 0x00, 0x00,
			0x00, 0x00, 0x04, 0x00, 0x00, 0x00, 0x15, 0x01, 0x00, 0x70, 0x01, 0x34, 0x01, 0x40, 0x66, 0x03,
			0x01, 0x11, 0x00, 0x20, 0x00, 0x08, 0x08, 0x00, 0x0a, 0x0a, 0x06, 0xae, 0x00, 0x00, 0x10, 0x20,
			0x40, 0x60, 0x00, 0x40, 0x00, 0x50, 0x00, 0x60, 0x00, 0x70, 0x00, 0x80, 0x00, 0x80, 0x00, 0x80,
			0x00, 0x00, 0x20, 0x40, 0x60, 0x01, 0x40, 0x01, 0x80, 0x01, 0x80, 0x01, 0x80, 0x02, 0x00, 0x00,
			0x00, 0x00, 0x00, 0x00, 0x00, 0x00, 0x40, 0x03, 0xB6, 0x23, 0x24, 0x00, 0x72, 0x01, 0x00, 0x0D,
			0x00, 0x04, 0x07, 0x40, 0x00, 0x6e, 0x82, 0xe6, 0xff, 0x00, 0xff, 0x00, 0x00, 0x02, 0x00, 0x02,
			0x00, 0x14, 0x00, 0x01, 0x00, 0x01, 0x00, 0x10, 0x00, 0x00, 0x28, 0x3c, 0x04, 0x0f, 0x01, 0x00,
			0x00, 0x08, 0x10, 0x18, 0x20, 0x28, 0x30, 0x38, 0x40, 0x48, 0x50, 0x58, 0x60, 0x68, 0x70, 0x78,
			0x80, 0x88, 0x90, 0x98, 0xa0, 0xa8, 0xb0, 0xb8, 0xc0, 0xc8, 0xd0, 0xd8, 0xe0, 0xe8, 0xf0, 0xf8,
			0x01, 0x00, 0x00, 0x08, 0x10, 0x18, 0x20, 0x28, 0x30, 0x38, 0x40, 0x48, 0x50, 0x58, 0x60, 0x68,
			0x70, 0x78, 0x80, 0x88, 0x90, 0x98, 0xa0, 0xa8, 0xb0, 0xb8, 0xc0, 0xc8, 0xd0, 0xd8, 0xe0, 0xe8,
			0xf0, 0xf8, 0x01, 0x00,
		},
		[NATURAL] = {
			/* DEh register - 196 bytes from rainbow_b0_mdnie_email_table[NATURAL] */
			0x00, 0x40, 0x04, 0x00, 0x00, 0x00, 0x00, 0x00, 0x00, 0x00, 0x04, 0x00, 0x00, 0x00, 0x00, 0x00,
			0x00, 0x00, 0x04, 0x00, 0x00, 0x00, 0x15, 0x01, 0x00, 0x70, 0x01, 0x34, 0x01, 0x40, 0x66, 0x03,
			0x01, 0x11, 0x00, 0x20, 0x00, 0x08, 0x08, 0x00, 0x0a, 0x0a, 0x06, 0xae, 0x00, 0x00, 0x10, 0x20,
			0x40, 0x60, 0x00, 0x40, 0x00, 0x50, 0x00, 0x60, 0x00, 0x70, 0x00, 0x80, 0x00, 0x80, 0x00, 0x80,
			0x00, 0x00, 0x20, 0x40, 0x60, 0x01, 0x40, 0x01, 0x80, 0x01, 0x80, 0x01, 0x80, 0x02, 0x00, 0x00,
			0x00, 0x00, 0x00, 0x00, 0x00, 0x00, 0x40, 0x03, 0xB6, 0x23, 0x24, 0x00, 0x72, 0x01, 0x00, 0x0D,
			0x00, 0x04, 0x07, 0x40, 0x00, 0x6e, 0x82, 0xe6, 0xff, 0x00, 0xff, 0x00, 0x00, 0x02, 0x00, 0x02,
			0x00, 0x14, 0x00, 0x01, 0x00, 0x01, 0x00, 0x10, 0x00, 0x00, 0x28, 0x3c, 0x04, 0x0f, 0x01, 0x00,
			0x00, 0x08, 0x10, 0x18, 0x20, 0x28, 0x30, 0x38, 0x40, 0x48, 0x50, 0x58, 0x60, 0x68, 0x70, 0x78,
			0x80, 0x88, 0x90, 0x98, 0xa0, 0xa8, 0xb0, 0xb8, 0xc0, 0xc8, 0xd0, 0xd8, 0xe0, 0xe8, 0xf0, 0xf8,
			0x01, 0x00, 0x00, 0x08, 0x10, 0x18, 0x20, 0x28, 0x30, 0x38, 0x40, 0x48, 0x50, 0x58, 0x60, 0x68,
			0x70, 0x78, 0x80, 0x88, 0x90, 0x98, 0xa0, 0xa8, 0xb0, 0xb8, 0xc0, 0xc8, 0xd0, 0xd8, 0xe0, 0xe8,
			0xf0, 0xf8, 0x01, 0x00,
		},
		[MOVIE] = {
			/* DEh register - 196 bytes from rainbow_b0_mdnie_email_table[MOVIE] */
			0x00, 0x40, 0x04, 0x00, 0x00, 0x00, 0x00, 0x00, 0x00, 0x00, 0x04, 0x00, 0x00, 0x00, 0x00, 0x00,
			0x00, 0x00, 0x04, 0x00, 0x00, 0x00, 0x15, 0x01, 0x00, 0x70, 0x01, 0x34, 0x01, 0x40, 0x66, 0x03,
			0x01, 0x11, 0x00, 0x20, 0x00, 0x08, 0x08, 0x00, 0x0a, 0x0a, 0x06, 0xae, 0x00, 0x00, 0x10, 0x20,
			0x40, 0x60, 0x00, 0x40, 0x00, 0x50, 0x00, 0x60, 0x00, 0x70, 0x00, 0x80, 0x00, 0x80, 0x00, 0x80,
			0x00, 0x00, 0x20, 0x40, 0x60, 0x01, 0x40, 0x01, 0x80, 0x01, 0x80, 0x01, 0x80, 0x02, 0x00, 0x00,
			0x00, 0x00, 0x00, 0x00, 0x00, 0x00, 0x40, 0x03, 0xB6, 0x23, 0x24, 0x00, 0x72, 0x01, 0x00, 0x0D,
			0x00, 0x04, 0x07, 0x40, 0x00, 0x6e, 0x82, 0xe6, 0xff, 0x00, 0xff, 0x00, 0x00, 0x02, 0x00, 0x02,
			0x00, 0x14, 0x00, 0x01, 0x00, 0x01, 0x00, 0x10, 0x00, 0x00, 0x28, 0x3c, 0x04, 0x0f, 0x01, 0x00,
			0x00, 0x08, 0x10, 0x18, 0x20, 0x28, 0x30, 0x38, 0x40, 0x48, 0x50, 0x58, 0x60, 0x68, 0x70, 0x78,
			0x80, 0x88, 0x90, 0x98, 0xa0, 0xa8, 0xb0, 0xb8, 0xc0, 0xc8, 0xd0, 0xd8, 0xe0, 0xe8, 0xf0, 0xf8,
			0x01, 0x00, 0x00, 0x08, 0x10, 0x18, 0x20, 0x28, 0x30, 0x38, 0x40, 0x48, 0x50, 0x58, 0x60, 0x68,
			0x70, 0x78, 0x80, 0x88, 0x90, 0x98, 0xa0, 0xa8, 0xb0, 0xb8, 0xc0, 0xc8, 0xd0, 0xd8, 0xe0, 0xe8,
			0xf0, 0xf8, 0x01, 0x00,
		},
		[AUTO] = {
			/* DEh register - 196 bytes from rainbow_b0_mdnie_email_table[AUTO] */
			0x00, 0x40, 0x04, 0x00, 0x00, 0x00, 0x00, 0x00, 0x00, 0x00, 0x04, 0x00, 0x00, 0x00, 0x00, 0x00,
			0x00, 0x00, 0x04, 0x00, 0x00, 0x00, 0x15, 0x01, 0x00, 0x70, 0x01, 0x34, 0x01, 0x40, 0x66, 0x03,
			0x01, 0x11, 0x00, 0x20, 0x00, 0x08, 0x08, 0x00, 0x0a, 0x0a, 0x06, 0xae, 0x00, 0x00, 0x10, 0x20,
			0x40, 0x60, 0x00, 0x40, 0x00, 0x50, 0x00, 0x60, 0x00, 0x70, 0x00, 0x80, 0x00, 0x80, 0x00, 0x80,
			0x00, 0x00, 0x20, 0x40, 0x60, 0x01, 0x40, 0x01, 0x80, 0x01, 0x80, 0x01, 0x80, 0x02, 0x00, 0x00,
			0x00, 0x00, 0x00, 0x00, 0x00, 0x00, 0x40, 0x03, 0xB6, 0x23, 0x24, 0x00, 0x72, 0x01, 0x00, 0x0D,
			0x00, 0x04, 0x07, 0x40, 0x00, 0x6e, 0x82, 0xe6, 0xff, 0x00, 0xff, 0x00, 0x00, 0x02, 0x00, 0x02,
			0x00, 0x14, 0x00, 0x01, 0x00, 0x01, 0x00, 0x10, 0x00, 0x00, 0x28, 0x3c, 0x04, 0x0f, 0x01, 0x00,
			0x00, 0x08, 0x10, 0x18, 0x20, 0x28, 0x30, 0x38, 0x40, 0x48, 0x50, 0x58, 0x60, 0x68, 0x70, 0x78,
			0x80, 0x88, 0x90, 0x98, 0xa0, 0xa8, 0xb0, 0xb8, 0xc0, 0xc8, 0xd0, 0xd8, 0xe0, 0xe8, 0xf0, 0xf8,
			0x01, 0x00, 0x00, 0x08, 0x10, 0x18, 0x20, 0x28, 0x30, 0x38, 0x40, 0x48, 0x50, 0x58, 0x60, 0x68,
			0x70, 0x78, 0x80, 0x88, 0x90, 0x98, 0xa0, 0xa8, 0xb0, 0xb8, 0xc0, 0xc8, 0xd0, 0xd8, 0xe0, 0xe8,
			0xf0, 0xf8, 0x01, 0x00,
		},
	},
	[GAME_LOW_MODE] = {},
	[GAME_MID_MODE] = {},
	[GAME_HIGH_MODE] = {},
	[VIDEO_ENHANCER] = {
		[DYNAMIC] = {
			/* DEh register - 196 bytes from rainbow_b0_mdnie_video_enhancer_table[DYNAMIC] */
			0x00, 0x40, 0x04, 0x00, 0x00, 0x00, 0x00, 0x00, 0x00, 0x00, 0x04, 0x00, 0x00, 0x00, 0x00, 0x00,
			0x00, 0x00, 0x04, 0x00, 0x11, 0x08, 0x18, 0x00, 0xff, 0xa0, 0x01, 0x40, 0x01, 0x00, 0x66, 0x05,
			0x01, 0x10, 0x00, 0x40, 0x04, 0x06, 0x06, 0x04, 0x00, 0x0a, 0x06, 0xae, 0x00, 0x00, 0x1b, 0x20,
			0x40, 0x60, 0x00, 0xd0, 0x00, 0xc0, 0x00, 0xb0, 0x00, 0xa0, 0x07, 0x80, 0x07, 0x80, 0x07, 0x80,
			0x00, 0x00, 0x20, 0x40, 0x60, 0x01, 0x60, 0x01, 0x50, 0x01, 0x40, 0x01, 0x30, 0x07, 0x80, 0x07,
			0x80, 0x07, 0x80, 0x00, 0x00, 0x01, 0x40, 0x03, 0x84, 0x3c, 0x28, 0x00, 0x40, 0xff, 0x00, 0x80,
			0x01, 0x00, 0x07, 0x40, 0x00, 0x6e, 0x82, 0xe6, 0xff, 0x07, 0xff, 0x00, 0x20, 0x00, 0x40, 0x00,
			0x40, 0x14, 0x00, 0x01, 0x00, 0x01, 0x00, 0x20, 0x00, 0x00, 0x28, 0x3c, 0x04, 0x0f, 0x01, 0x20,
			0x00, 0x08, 0x10, 0x18, 0x20, 0x28, 0x30, 0x38, 0x40, 0x48, 0x50, 0x58, 0x60, 0x68, 0x70, 0x78,
			0x80, 0x88, 0x90, 0x98, 0xa0, 0xa8, 0xb0, 0xb8, 0xc0, 0xc8, 0xd0, 0xd8, 0xe0, 0xe8, 0xf0, 0xf8,
			0x01, 0x00, 0x00, 0x08, 0x10, 0x18, 0x20, 0x28, 0x30, 0x38, 0x40, 0x48, 0x50, 0x58, 0x60, 0x68,
			0x70, 0x78, 0x80, 0x88, 0x90, 0x98, 0xa0, 0xa8, 0xb0, 0xb8, 0xc0, 0xc8, 0xd0, 0xd8, 0xe0, 0xe8,
			0xf0, 0xf8, 0x01, 0x00,
		},
		[STANDARD] = {
			/* DEh register - 196 bytes from rainbow_b0_mdnie_video_enhancer_table[STANDARD] */
			0x00, 0x40, 0x04, 0x00, 0x00, 0x00, 0x00, 0x00, 0x00, 0x00, 0x04, 0x00, 0x00, 0x00, 0x00, 0x00,
			0x00, 0x00, 0x04, 0x00, 0x11, 0x08, 0x18, 0x00, 0xff, 0xa0, 0x01, 0x40, 0x01, 0x00, 0x66, 0x05,
			0x01, 0x10, 0x00, 0x40, 0x04, 0x06, 0x06, 0x04, 0x00, 0x0a, 0x06, 0xae, 0x00, 0x00, 0x1b, 0x20,
			0x40, 0x60, 0x00, 0xd0, 0x00, 0xc0, 0x00, 0xb0, 0x00, 0xa0, 0x07, 0x80, 0x07, 0x80, 0x07, 0x80,
			0x00, 0x00, 0x20, 0x40, 0x60, 0x01, 0x60, 0x01, 0x50, 0x01, 0x40, 0x01, 0x30, 0x07, 0x80, 0x07,
			0x80, 0x07, 0x80, 0x00, 0x00, 0x01, 0x40, 0x03, 0x84, 0x3c, 0x28, 0x00, 0x40, 0xff, 0x00, 0x80,
			0x01, 0x00, 0x07, 0x40, 0x00, 0x6e, 0x82, 0xe6, 0xff, 0x07, 0xff, 0x00, 0x10, 0x00, 0x40, 0x00,
			0x40, 0x14, 0x00, 0x01, 0x00, 0x01, 0x00, 0x10, 0x00, 0x00, 0x28, 0x3c, 0x04, 0x0f, 0x01, 0x20,
			0x00, 0x08, 0x10, 0x18, 0x20, 0x28, 0x30, 0x38, 0x40, 0x48, 0x50, 0x58, 0x60, 0x68, 0x70, 0x78,
			0x80, 0x88, 0x90, 0x98, 0xa0, 0xa8, 0xb0, 0xb8, 0xc0, 0xc8, 0xd0, 0xd8, 0xe0, 0xe8, 0xf0, 0xf8,
			0x01, 0x00, 0x00, 0x08, 0x10, 0x18, 0x20, 0x28, 0x30, 0x38, 0x40, 0x48, 0x50, 0x58, 0x60, 0x68,
			0x70, 0x78, 0x80, 0x88, 0x90, 0x98, 0xa0, 0xa8, 0xb0, 0xb8, 0xc0, 0xc8, 0xd0, 0xd8, 0xe0, 0xe8,
			0xf0, 0xf8, 0x01, 0x00,
		},
		[NATURAL] = {
			/* DEh register - 196 bytes from rainbow_b0_mdnie_video_enhancer_table[NATURAL] */
			0x00, 0x40, 0x04, 0x00, 0x00, 0x00, 0x00, 0x00, 0x00, 0x00, 0x04, 0x00, 0x00, 0x00, 0x00, 0x00,
			0x00, 0x00, 0x04, 0x00, 0x11, 0x08, 0x18, 0x00, 0xff, 0xa0, 0x01, 0x40, 0x01, 0x00, 0x66, 0x05,
			0x01, 0x10, 0x00, 0x40, 0x04, 0x06, 0x06, 0x04, 0x00, 0x0a, 0x06, 0xae, 0x00, 0x00, 0x1b, 0x20,
			0x40, 0x60, 0x00, 0xd0, 0x00, 0xc0, 0x00, 0xb0, 0x00, 0xa0, 0x07, 0x80, 0x07, 0x80, 0x07, 0x80,
			0x00, 0x00, 0x20, 0x40, 0x60, 0x01, 0x60, 0x01, 0x50, 0x01, 0x40, 0x01, 0x30, 0x07, 0x80, 0x07,
			0x80, 0x07, 0x80, 0x00, 0x00, 0x01, 0x40, 0x03, 0x84, 0x3c, 0x28, 0x00, 0x40, 0xff, 0x00, 0x80,
			0x01, 0x00, 0x07, 0x40, 0x00, 0x6e, 0x82, 0xe6, 0xff, 0x07, 0xff, 0x00, 0x10, 0x00, 0x40, 0x00,
			0x40, 0x14, 0x00, 0x01, 0x00, 0x01, 0x00, 0x10, 0x00, 0x00, 0x28, 0x3c, 0x04, 0x0f, 0x01, 0x20,
			0x00, 0x08, 0x10, 0x18, 0x20, 0x28, 0x30, 0x38, 0x40, 0x48, 0x50, 0x58, 0x60, 0x68, 0x70, 0x78,
			0x80, 0x88, 0x90, 0x98, 0xa0, 0xa8, 0xb0, 0xb8, 0xc0, 0xc8, 0xd0, 0xd8, 0xe0, 0xe8, 0xf0, 0xf8,
			0x01, 0x00, 0x00, 0x08, 0x10, 0x18, 0x20, 0x28, 0x30, 0x38, 0x40, 0x48, 0x50, 0x58, 0x60, 0x68,
			0x70, 0x78, 0x80, 0x88, 0x90, 0x98, 0xa0, 0xa8, 0xb0, 0xb8, 0xc0, 0xc8, 0xd0, 0xd8, 0xe0, 0xe8,
			0xf0, 0xf8, 0x01, 0x00,
		},
		[MOVIE] = {},
		[AUTO] = {
			/* DEh register - 196 bytes from rainbow_b0_mdnie_video_enhancer_table[AUTO] */
			0x00, 0x40, 0x04, 0x00, 0x00, 0x00, 0x00, 0x00, 0x00, 0x00, 0x04, 0x00, 0x00, 0x00, 0x00, 0x00,
			0x00, 0x00, 0x04, 0x00, 0x11, 0x08, 0x18, 0x00, 0xff, 0xa0, 0x01, 0x40, 0x01, 0x00, 0x66, 0x05,
			0x01, 0x10, 0x00, 0x40, 0x04, 0x06, 0x06, 0x04, 0x00, 0x0a, 0x06, 0xae, 0x00, 0x00, 0x1b, 0x20,
			0x40, 0x60, 0x00, 0xd0, 0x00, 0xc0, 0x00, 0xb0, 0x00, 0xa0, 0x07, 0x80, 0x07, 0x80, 0x07, 0x80,
			0x00, 0x00, 0x20, 0x40, 0x60, 0x01, 0x60, 0x01, 0x50, 0x01, 0x40, 0x01, 0x30, 0x07, 0x80, 0x07,
			0x80, 0x07, 0x80, 0x00, 0x00, 0x01, 0x40, 0x03, 0x84, 0x3c, 0x28, 0x00, 0x40, 0xff, 0x00, 0x80,
			0x01, 0x00, 0x07, 0x40, 0x00, 0x6e, 0x82, 0xe6, 0xff, 0x07, 0xff, 0x00, 0x20, 0x00, 0x40, 0x00,
			0x40, 0x14, 0x00, 0x01, 0x00, 0x01, 0x00, 0x20, 0x00, 0x00, 0x28, 0x3c, 0x04, 0x0f, 0x01, 0x20,
			0x00, 0x08, 0x10, 0x18, 0x20, 0x28, 0x30, 0x38, 0x40, 0x48, 0x50, 0x58, 0x60, 0x68, 0x70, 0x78,
			0x80, 0x88, 0x90, 0x98, 0xa0, 0xa8, 0xb0, 0xb8, 0xc0, 0xc8, 0xd0, 0xd8, 0xe0, 0xe8, 0xf0, 0xf8,
			0x01, 0x00, 0x00, 0x08, 0x10, 0x18, 0x20, 0x28, 0x30, 0x38, 0x40, 0x48, 0x50, 0x58, 0x60, 0x68,
			0x70, 0x78, 0x80, 0x88, 0x90, 0x98, 0xa0, 0xa8, 0xb0, 0xb8, 0xc0, 0xc8, 0xd0, 0xd8, 0xe0, 0xe8,
			0xf0, 0xf8, 0x01, 0x00,
		},
	},
	[VIDEO_ENHANCER_THIRD] = {
		[DYNAMIC] = {
			/* DEh register - 196 bytes from rainbow_b0_mdnie_video_enhancer_third_table[DYNAMIC] */
			0x00, 0x40, 0x04, 0x00, 0x00, 0x00, 0x00, 0x00, 0x00, 0x00, 0x04, 0x00, 0x00, 0x00, 0x00, 0x00,
			0x00, 0x00, 0x04, 0x00, 0x11, 0x01, 0x18, 0x00, 0xff, 0xa0, 0x01, 0x40, 0x01, 0x00, 0x66, 0x05,
			0x01, 0x10, 0x00, 0x40, 0x04, 0x06, 0x06, 0x04, 0x00, 0x0a, 0x06, 0xae, 0x00, 0x00, 0x1b, 0x20,
			0x40, 0x60, 0x00, 0xd0, 0x00, 0xc0, 0x00, 0xb0, 0x00, 0xa0, 0x07, 0x80, 0x07, 0x80, 0x07, 0x80,
			0x00, 0x00, 0x20, 0x40, 0x60, 0x01, 0x60, 0x01, 0x50, 0x01, 0x40, 0x01, 0x30, 0x07, 0x80, 0x07,
			0x80, 0x07, 0x80, 0x00, 0x00, 0x01, 0x40, 0x03, 0x84, 0x3c, 0x28, 0x00, 0x40, 0xff, 0x00, 0x80,
			0x01, 0x00, 0x07, 0x40, 0x00, 0x6e, 0x82, 0xe6, 0xff, 0x07, 0xff, 0x00, 0x20, 0x00, 0x40, 0x00,
			0x40, 0x14, 0x00, 0x01, 0x00, 0x01, 0x00, 0x20, 0x00, 0x00, 0x28, 0x3c, 0x04, 0x0f, 0x01, 0x20,
			0x00, 0x08, 0x10, 0x18, 0x20, 0x28, 0x30, 0x38, 0x40, 0x48, 0x50, 0x58, 0x60, 0x68, 0x70, 0x78,
			0x80, 0x88, 0x90, 0x98, 0xa0, 0xa8, 0xb0, 0xb8, 0xc0, 0xc8, 0xd0, 0xd8, 0xe0, 0xe8, 0xf0, 0xf8,
			0x01, 0x00, 0x00, 0x0b, 0x15, 0x1e, 0x27, 0x2f, 0x38, 0x40, 0x49, 0x51, 0x59, 0x61, 0x69, 0x71,
			0x79, 0x81, 0x88, 0x8e, 0x95, 0x9c, 0xa3, 0xaa, 0xb1, 0xb8, 0xc0, 0xc8, 0xd0, 0xd8, 0xe0, 0xe8,
			0xf0, 0xf8, 0x01, 0x00,
		},
		[STANDARD] = {
			/* DEh register - 196 bytes from rainbow_b0_mdnie_video_enhancer_third_table[STANDARD] */
			0x00, 0x40, 0x04, 0x00, 0x00, 0x00, 0x00, 0x00, 0x00, 0x00, 0x04, 0x00, 0x00, 0x00, 0x00, 0x00,
			0x00, 0x00, 0x04, 0x00, 0x11, 0x01, 0x18, 0x00, 0xff, 0xa0, 0x01, 0x40, 0x01, 0x00, 0x66, 0x05,
			0x01, 0x10, 0x00, 0x40, 0x04, 0x06, 0x06, 0x04, 0x00, 0x0a, 0x06, 0xae, 0x00, 0x00, 0x1b, 0x20,
			0x40, 0x60, 0x00, 0xd0, 0x00, 0xc0, 0x00, 0xb0, 0x00, 0xa0, 0x07, 0x80, 0x07, 0x80, 0x07, 0x80,
			0x00, 0x00, 0x20, 0x40, 0x60, 0x01, 0x60, 0x01, 0x50, 0x01, 0x40, 0x01, 0x30, 0x07, 0x80, 0x07,
			0x80, 0x07, 0x80, 0x00, 0x00, 0x01, 0x40, 0x03, 0x84, 0x3c, 0x28, 0x00, 0x40, 0xff, 0x00, 0x80,
			0x01, 0x00, 0x07, 0x40, 0x00, 0x6e, 0x82, 0xe6, 0xff, 0x07, 0xff, 0x00, 0x10, 0x00, 0x40, 0x00,
			0x40, 0x14, 0x00, 0x01, 0x00, 0x01, 0x00, 0x10, 0x00, 0x00, 0x28, 0x3c, 0x04, 0x0f, 0x01, 0x20,
			0x00, 0x08, 0x10, 0x18, 0x20, 0x28, 0x30, 0x38, 0x40, 0x48, 0x50, 0x58, 0x60, 0x68, 0x70, 0x78,
			0x80, 0x88, 0x90, 0x98, 0xa0, 0xa8, 0xb0, 0xb8, 0xc0, 0xc8, 0xd0, 0xd8, 0xe0, 0xe8, 0xf0, 0xf8,
			0x01, 0x00, 0x00, 0x0b, 0x15, 0x1e, 0x27, 0x2f, 0x38, 0x40, 0x49, 0x51, 0x59, 0x61, 0x69, 0x71,
			0x79, 0x81, 0x88, 0x8e, 0x95, 0x9c, 0xa3, 0xaa, 0xb1, 0xb8, 0xc0, 0xc8, 0xd0, 0xd8, 0xe0, 0xe8,
			0xf0, 0xf8, 0x01, 0x00,
		},
		[NATURAL] = {
			/* DEh register - 196 bytes from rainbow_b0_mdnie_video_enhancer_third_table[NATURAL] */
			0x00, 0x40, 0x04, 0x00, 0x00, 0x00, 0x00, 0x00, 0x00, 0x00, 0x04, 0x00, 0x00, 0x00, 0x00, 0x00,
			0x00, 0x00, 0x04, 0x00, 0x11, 0x01, 0x18, 0x00, 0xff, 0xa0, 0x01, 0x40, 0x01, 0x00, 0x66, 0x05,
			0x01, 0x10, 0x00, 0x40, 0x04, 0x06, 0x06, 0x04, 0x00, 0x0a, 0x06, 0xae, 0x00, 0x00, 0x1b, 0x20,
			0x40, 0x60, 0x00, 0xd0, 0x00, 0xc0, 0x00, 0xb0, 0x00, 0xa0, 0x07, 0x80, 0x07, 0x80, 0x07, 0x80,
			0x00, 0x00, 0x20, 0x40, 0x60, 0x01, 0x60, 0x01, 0x50, 0x01, 0x40, 0x01, 0x30, 0x07, 0x80, 0x07,
			0x80, 0x07, 0x80, 0x00, 0x00, 0x01, 0x40, 0x03, 0x84, 0x3c, 0x28, 0x00, 0x40, 0xff, 0x00, 0x80,
			0x01, 0x00, 0x07, 0x40, 0x00, 0x6e, 0x82, 0xe6, 0xff, 0x07, 0xff, 0x00, 0x10, 0x00, 0x40, 0x00,
			0x40, 0x14, 0x00, 0x01, 0x00, 0x01, 0x00, 0x10, 0x00, 0x00, 0x28, 0x3c, 0x04, 0x0f, 0x01, 0x20,
			0x00, 0x08, 0x10, 0x18, 0x20, 0x28, 0x30, 0x38, 0x40, 0x48, 0x50, 0x58, 0x60, 0x68, 0x70, 0x78,
			0x80, 0x88, 0x90, 0x98, 0xa0, 0xa8, 0xb0, 0xb8, 0xc0, 0xc8, 0xd0, 0xd8, 0xe0, 0xe8, 0xf0, 0xf8,
			0x01, 0x00, 0x00, 0x0b, 0x15, 0x1e, 0x27, 0x2f, 0x38, 0x40, 0x49, 0x51, 0x59, 0x61, 0x69, 0x71,
			0x79, 0x81, 0x88, 0x8e, 0x95, 0x9c, 0xa3, 0xaa, 0xb1, 0xb8, 0xc0, 0xc8, 0xd0, 0xd8, 0xe0, 0xe8,
			0xf0, 0xf8, 0x01, 0x00,
		},
		[MOVIE] = {},
		[AUTO] = {
			/* DEh register - 196 bytes from rainbow_b0_mdnie_video_enhancer_third_table[AUTO] */
			0x00, 0x40, 0x04, 0x00, 0x00, 0x00, 0x00, 0x00, 0x00, 0x00, 0x04, 0x00, 0x00, 0x00, 0x00, 0x00,
			0x00, 0x00, 0x04, 0x00, 0x11, 0x01, 0x18, 0x00, 0xff, 0xa0, 0x01, 0x40, 0x01, 0x00, 0x66, 0x05,
			0x01, 0x10, 0x00, 0x40, 0x04, 0x06, 0x06, 0x04, 0x00, 0x0a, 0x06, 0xae, 0x00, 0x00, 0x1b, 0x20,
			0x40, 0x60, 0x00, 0xd0, 0x00, 0xc0, 0x00, 0xb0, 0x00, 0xa0, 0x07, 0x80, 0x07, 0x80, 0x07, 0x80,
			0x00, 0x00, 0x20, 0x40, 0x60, 0x01, 0x60, 0x01, 0x50, 0x01, 0x40, 0x01, 0x30, 0x07, 0x80, 0x07,
			0x80, 0x07, 0x80, 0x00, 0x00, 0x01, 0x40, 0x03, 0x84, 0x3c, 0x28, 0x00, 0x40, 0xff, 0x00, 0x80,
			0x01, 0x00, 0x07, 0x40, 0x00, 0x6e, 0x82, 0xe6, 0xff, 0x07, 0xff, 0x00, 0x20, 0x00, 0x40, 0x00,
			0x40, 0x14, 0x00, 0x01, 0x00, 0x01, 0x00, 0x20, 0x00, 0x00, 0x28, 0x3c, 0x04, 0x0f, 0x01, 0x20,
			0x00, 0x08, 0x10, 0x18, 0x20, 0x28, 0x30, 0x38, 0x40, 0x48, 0x50, 0x58, 0x60, 0x68, 0x70, 0x78,
			0x80, 0x88, 0x90, 0x98, 0xa0, 0xa8, 0xb0, 0xb8, 0xc0, 0xc8, 0xd0, 0xd8, 0xe0, 0xe8, 0xf0, 0xf8,
			0x01, 0x00, 0x00, 0x0b, 0x15, 0x1e, 0x27, 0x2f, 0x38, 0x40, 0x49, 0x51, 0x59, 0x61, 0x69, 0x71,
			0x79, 0x81, 0x88, 0x8e, 0x95, 0x9c, 0xa3, 0xaa, 0xb1, 0xb8, 0xc0, 0xc8, 0xd0, 0xd8, 0xe0, 0xe8,
			0xf0, 0xf8, 0x01, 0x00,
		},
	},
	[HMD_8_MODE] = {},
	[HMD_16_MODE] = {},
};


static unsigned char rainbow_b0_mdnie_scenario_2_table[SCENARIO_MAX][MODE_MAX][S6E3HAE_MDNIE_2_LEN] = {	[UI_MODE] = {
		[DYNAMIC] = {
			/* DDh register - 21 bytes from rainbow_b0_mdnie_ui_table[DYNAMIC] */
			0x01, 0x00, 0x00, 0xf0, 0x07, 0x7f, 0x7f, 0x00, 0x00, 0x00, 0x00, 0x00, 0x00, 0x00, 0x00, 0x00,
			0x00, 0x01, 0xff, 0x04, 0x01,
		},
		[STANDARD] = {
			/* DDh register - 21 bytes from rainbow_b0_mdnie_ui_table[STANDARD] */
			0x01, 0x00, 0x00, 0xf0, 0x07, 0x7f, 0x7f, 0x00, 0x00, 0x00, 0x00, 0x00, 0x00, 0x00, 0x00, 0x00,
			0x00, 0x01, 0xff, 0x04, 0x01,
		},
		[NATURAL] = {
			/* DDh register - 21 bytes from rainbow_b0_mdnie_ui_table[NATURAL] */
			0x01, 0x00, 0x00, 0xf0, 0x07, 0x7f, 0x7f, 0x00, 0x00, 0x00, 0x00, 0x00, 0x00, 0x00, 0x00, 0x00,
			0x00, 0x01, 0xff, 0x04, 0x01,
		},
		[MOVIE] = {},
		[AUTO] = {
			/* DDh register - 21 bytes from rainbow_b0_mdnie_ui_table[AUTO] */
			0x01, 0x00, 0x00, 0xf0, 0x07, 0x7f, 0x7f, 0x00, 0x00, 0x00, 0x00, 0x00, 0x00, 0x00, 0x00, 0x00,
			0x00, 0x01, 0xff, 0x04, 0x01,
		},
	},
	[VIDEO_NORMAL_MODE] = {
		[DYNAMIC] = {
			/* DDh register - 21 bytes from rainbow_b0_mdnie_video_table[DYNAMIC] */
			0x01, 0x00, 0x00, 0xf0, 0x07, 0x7f, 0x7f, 0x00, 0x00, 0x00, 0x00, 0x00, 0x00, 0x00, 0x00, 0x00,
			0x00, 0x01, 0xff, 0x04, 0x01,
		},
		[STANDARD] = {
			/* DDh register - 21 bytes from rainbow_b0_mdnie_video_table[STANDARD] */
			0x01, 0x00, 0x00, 0xf0, 0x07, 0x7f, 0x7f, 0x00, 0x00, 0x00, 0x00, 0x00, 0x00, 0x00, 0x00, 0x00,
			0x00, 0x01, 0xff, 0x04, 0x01,
		},
		[NATURAL] = {
			/* DDh register - 21 bytes from rainbow_b0_mdnie_video_table[NATURAL] */
			0x01, 0x00, 0x00, 0xf0, 0x07, 0x7f, 0x7f, 0x00, 0x00, 0x00, 0x00, 0x00, 0x00, 0x00, 0x00, 0x00,
			0x00, 0x01, 0xff, 0x04, 0x01,
		},
		[MOVIE] = {},
		[AUTO] = {
			/* DDh register - 21 bytes from rainbow_b0_mdnie_video_table[AUTO] */
			0x01, 0x00, 0x00, 0xf0, 0x07, 0x7f, 0x7f, 0x00, 0x00, 0x00, 0x00, 0x00, 0x00, 0x00, 0x00, 0x00,
			0x00, 0x01, 0xff, 0x04, 0x01,
		},
	},
	[CAMERA_MODE] = {
		[DYNAMIC] = {
			/* DDh register - 21 bytes from rainbow_b0_mdnie_camera_table[DYNAMIC] */
			0x01, 0x00, 0x00, 0xf0, 0x07, 0x7f, 0x7f, 0x00, 0x00, 0x00, 0x00, 0x00, 0x00, 0x00, 0x00, 0x00,
			0x00, 0x01, 0xff, 0x04, 0x01,
		},
		[STANDARD] = {
			/* DDh register - 21 bytes from rainbow_b0_mdnie_camera_table[STANDARD] */
			0x01, 0x00, 0x00, 0xf0, 0x07, 0x7f, 0x7f, 0x00, 0x00, 0x00, 0x00, 0x00, 0x00, 0x00, 0x00, 0x00,
			0x00, 0x01, 0xff, 0x04, 0x01,
		},
		[NATURAL] = {
			/* DDh register - 21 bytes from rainbow_b0_mdnie_camera_table[NATURAL] */
			0x01, 0x00, 0x00, 0xf0, 0x07, 0x7f, 0x7f, 0x00, 0x00, 0x00, 0x00, 0x00, 0x00, 0x00, 0x00, 0x00,
			0x00, 0x01, 0xff, 0x04, 0x01,
		},
		[MOVIE] = {},
		[AUTO] = {
			/* DDh register - 21 bytes from rainbow_b0_mdnie_camera_table[AUTO] */
			0x01, 0x00, 0x00, 0xf0, 0x07, 0x7f, 0x7f, 0x00, 0x00, 0x00, 0x00, 0x00, 0x00, 0x00, 0x00, 0x00,
			0x00, 0x01, 0xff, 0x04, 0x01,
		},
	},
	[NAVI_MODE] = {},
	[GALLERY_MODE] = {
		[DYNAMIC] = {
			/* DDh register - 21 bytes from rainbow_b0_mdnie_gallery_table[DYNAMIC] */
			0x01, 0x00, 0x00, 0xf0, 0x07, 0x7f, 0x7f, 0x00, 0x00, 0x00, 0x00, 0x00, 0x00, 0x00, 0x00, 0x00,
			0x00, 0x01, 0xff, 0x04, 0x01,
		},
		[STANDARD] = {
			/* DDh register - 21 bytes from rainbow_b0_mdnie_gallery_table[STANDARD] */
			0x01, 0x00, 0x00, 0xf0, 0x07, 0x7f, 0x7f, 0x00, 0x00, 0x00, 0x00, 0x00, 0x00, 0x00, 0x00, 0x00,
			0x00, 0x01, 0xff, 0x04, 0x01,
		},
		[NATURAL] = {
			/* DDh register - 21 bytes from rainbow_b0_mdnie_gallery_table[NATURAL] */
			0x01, 0x00, 0x00, 0xf0, 0x07, 0x7f, 0x7f, 0x00, 0x00, 0x00, 0x00, 0x00, 0x00, 0x00, 0x00, 0x00,
			0x00, 0x01, 0xff, 0x04, 0x01,
		},
		[MOVIE] = {},
		[AUTO] = {
			/* DDh register - 21 bytes from rainbow_b0_mdnie_gallery_table[AUTO] */
			0x01, 0x00, 0x00, 0xf0, 0x07, 0x7f, 0x7f, 0x00, 0x00, 0x00, 0x00, 0x00, 0x00, 0x00, 0x00, 0x00,
			0x00, 0x01, 0xff, 0x04, 0x01,
		},
	},
	[VT_MODE] = {},
	[BROWSER_MODE] = {
		[DYNAMIC] = {
			/* DDh register - 21 bytes from rainbow_b0_mdnie_browser_table[DYNAMIC] */
			0x01, 0x00, 0x00, 0xf0, 0x07, 0x7f, 0x7f, 0x00, 0x00, 0x00, 0x00, 0x00, 0x00, 0x00, 0x00, 0x00,
			0x00, 0x01, 0xff, 0x04, 0x01,
		},
		[STANDARD] = {
			/* DDh register - 21 bytes from rainbow_b0_mdnie_browser_table[STANDARD] */
			0x01, 0x00, 0x00, 0xf0, 0x07, 0x7f, 0x7f, 0x00, 0x00, 0x00, 0x00, 0x00, 0x00, 0x00, 0x00, 0x00,
			0x00, 0x01, 0xff, 0x04, 0x01,
		},
		[NATURAL] = {
			/* DDh register - 21 bytes from rainbow_b0_mdnie_browser_table[NATURAL] */
			0x01, 0x00, 0x00, 0xf0, 0x07, 0x7f, 0x7f, 0x00, 0x00, 0x00, 0x00, 0x00, 0x00, 0x00, 0x00, 0x00,
			0x00, 0x01, 0xff, 0x04, 0x01,
		},
		[MOVIE] = {},
		[AUTO] = {
			/* DDh register - 21 bytes from rainbow_b0_mdnie_browser_table[AUTO] */
			0x01, 0x00, 0x00, 0xf0, 0x07, 0x7f, 0x7f, 0x00, 0x00, 0x00, 0x00, 0x00, 0x00, 0x00, 0x00, 0x00,
			0x00, 0x01, 0xff, 0x04, 0x01,
		},
	},
	[EBOOK_MODE] = {
		[DYNAMIC] = {
			/* DDh register - 21 bytes from rainbow_b0_mdnie_ebook_table[DYNAMIC] */
			0x01, 0x00, 0x00, 0xf0, 0x07, 0x7f, 0x7f, 0x00, 0x00, 0x00, 0x00, 0x00, 0x00, 0x00, 0x00, 0x00,
			0x00, 0x01, 0xff, 0x04, 0x01,
		},
		[STANDARD] = {
			/* DDh register - 21 bytes from rainbow_b0_mdnie_ebook_table[STANDARD] */
			0x01, 0x00, 0x00, 0xf0, 0x07, 0x7f, 0x7f, 0x00, 0x00, 0x00, 0x00, 0x00, 0x00, 0x00, 0x00, 0x00,
			0x00, 0x01, 0xff, 0x04, 0x01,
		},
		[NATURAL] = {
			/* DDh register - 21 bytes from rainbow_b0_mdnie_ebook_table[NATURAL] */
			0x01, 0x00, 0x00, 0xf0, 0x07, 0x7f, 0x7f, 0x00, 0x00, 0x00, 0x00, 0x00, 0x00, 0x00, 0x00, 0x00,
			0x00, 0x01, 0xff, 0x04, 0x01,
		},
		[MOVIE] = {},
		[AUTO] = {
			/* DDh register - 21 bytes from rainbow_b0_mdnie_ebook_table[AUTO] */
			0x01, 0x00, 0x00, 0xf0, 0x07, 0x7f, 0x7f, 0x00, 0x00, 0x00, 0x00, 0x00, 0x00, 0x00, 0x00, 0x00,
			0x00, 0x01, 0xff, 0x04, 0x01,
		},
	},
	[EMAIL_MODE] = {
		[DYNAMIC] = {
			/* DDh register - 21 bytes from rainbow_b0_mdnie_email_table[DYNAMIC] */
			0x01, 0x00, 0x00, 0xf0, 0x07, 0x7f, 0x7f, 0x00, 0x00, 0x00, 0x00, 0x00, 0x00, 0x00, 0x00, 0x00,
			0x00, 0x01, 0xff, 0x04, 0x01,
		},
		[STANDARD] = {
			/* DDh register - 21 bytes from rainbow_b0_mdnie_email_table[STANDARD] */
			0x01, 0x00, 0x00, 0xf0, 0x07, 0x7f, 0x7f, 0x00, 0x00, 0x00, 0x00, 0x00, 0x00, 0x00, 0x00, 0x00,
			0x00, 0x01, 0xff, 0x04, 0x01,
		},
		[NATURAL] = {
			/* DDh register - 21 bytes from rainbow_b0_mdnie_email_table[NATURAL] */
			0x01, 0x00, 0x00, 0xf0, 0x07, 0x7f, 0x7f, 0x00, 0x00, 0x00, 0x00, 0x00, 0x00, 0x00, 0x00, 0x00,
			0x00, 0x01, 0xff, 0x04, 0x01,
		},
		[MOVIE] = {
			/* DDh register - 21 bytes from rainbow_b0_mdnie_email_table[MOVIE] */
			0x01, 0x00, 0x00, 0xf0, 0x07, 0x7f, 0x7f, 0x00, 0x00, 0x00, 0x00, 0x00, 0x00, 0x00, 0x00, 0x00,
			0x00, 0x01, 0xff, 0x04, 0x01,
		},
		[AUTO] = {
			/* DDh register - 21 bytes from rainbow_b0_mdnie_email_table[AUTO] */
			0x01, 0x00, 0x00, 0xf0, 0x07, 0x7f, 0x7f, 0x00, 0x00, 0x00, 0x00, 0x00, 0x00, 0x00, 0x00, 0x00,
			0x00, 0x01, 0xff, 0x04, 0x01,
		},
	},
	[GAME_LOW_MODE] = {},
	[GAME_MID_MODE] = {},
	[GAME_HIGH_MODE] = {},
	[VIDEO_ENHANCER] = {
		[DYNAMIC] = {
			/* DDh register - 21 bytes from rainbow_b0_mdnie_video_enhancer_table[DYNAMIC] */
			0x01, 0x00, 0x00, 0xfc, 0x07, 0x7f, 0x7f, 0x00, 0x00, 0x00, 0x00, 0x00, 0x00, 0x00, 0x00, 0x00,
			0x00, 0x01, 0xff, 0x04, 0x01,
		},
		[STANDARD] = {
			/* DDh register - 21 bytes from rainbow_b0_mdnie_video_enhancer_table[STANDARD] */
			0x01, 0x00, 0x00, 0xfc, 0x07, 0x7f, 0x7f, 0x00, 0x00, 0x00, 0x00, 0x00, 0x00, 0x00, 0x00, 0x00,
			0x00, 0x01, 0xff, 0x04, 0x01,
		},
		[NATURAL] = {
			/* DDh register - 21 bytes from rainbow_b0_mdnie_video_enhancer_table[NATURAL] */
			0x01, 0x00, 0x00, 0xfc, 0x07, 0x7f, 0x7f, 0x00, 0x00, 0x00, 0x00, 0x00, 0x00, 0x00, 0x00, 0x00,
			0x00, 0x01, 0xff, 0x04, 0x01,
		},
		[MOVIE] = {},
		[AUTO] = {
			/* DDh register - 21 bytes from rainbow_b0_mdnie_video_enhancer_table[AUTO] */
			0x01, 0x00, 0x00, 0xfc, 0x07, 0x7f, 0x7f, 0x00, 0x00, 0x00, 0x00, 0x00, 0x00, 0x00, 0x00, 0x00,
			0x00, 0x01, 0xff, 0x04, 0x01,
		},
	},
	[VIDEO_ENHANCER_THIRD] = {
		[DYNAMIC] = {
			/* DDh register - 21 bytes from rainbow_b0_mdnie_video_enhancer_third_table[DYNAMIC] */
			0x01, 0x00, 0x00, 0xfc, 0x07, 0x7f, 0x7f, 0x00, 0x00, 0x00, 0x00, 0x00, 0x00, 0x00, 0x00, 0x00,
			0x00, 0x01, 0xff, 0x04, 0x01,
		},
		[STANDARD] = {
			/* DDh register - 21 bytes from rainbow_b0_mdnie_video_enhancer_third_table[STANDARD] */
			0x01, 0x00, 0x00, 0xfc, 0x07, 0x7f, 0x7f, 0x00, 0x00, 0x00, 0x00, 0x00, 0x00, 0x00, 0x00, 0x00,
			0x00, 0x01, 0xff, 0x04, 0x01,
		},
		[NATURAL] = {
			/* DDh register - 21 bytes from rainbow_b0_mdnie_video_enhancer_third_table[NATURAL] */
			0x01, 0x00, 0x00, 0xfc, 0x07, 0x7f, 0x7f, 0x00, 0x00, 0x00, 0x00, 0x00, 0x00, 0x00, 0x00, 0x00,
			0x00, 0x01, 0xff, 0x04, 0x01,
		},
		[MOVIE] = {},
		[AUTO] = {
			/* DDh register - 21 bytes from rainbow_b0_mdnie_video_enhancer_third_table[AUTO] */
			0x01, 0x00, 0x00, 0xfc, 0x07, 0x7f, 0x7f, 0x00, 0x00, 0x00, 0x00, 0x00, 0x00, 0x00, 0x00, 0x00,
			0x00, 0x01, 0xff, 0x04, 0x01,
		},
	},
	[HMD_8_MODE] = {},
	[HMD_16_MODE] = {},
};


/* #################################################################################################### */
/* ############################################ DATA TABLES (SCR WHITE / NIGHT MODE / COLOR LENS / TRANS MODE) ############################################ */
/* #################################################################################################### */

static unsigned char rainbow_b0_color_coordinate_table[][3] = {
	{ 0xff, 0xff, 0xff },	/* adaptive default white rgb */
	{ 0xff, 0xfc, 0xf6 },	/* d65 default white rgb */
};

/* color coordination order is WR, WG, WB */

static unsigned char rainbow_b0_night_mode_table[S6E3HAE_RAINBOW_B0_MAX_NIGHT_MODE][S6E3HAE_RAINBOW_B0_MAX_NIGHT_LEVEL][S6E3HAE_NIGHT_MODE_LEN] = {
	{
		{ 0x00, 0xff, 0xfc, 0x00, 0xf6, 0x00, 0xff, 0x00, 0x00, 0xfc, 0xf6, 0x00, 0xff, 0x00, 0xfc, 0x00, 0x00, 0xf6, 0xff, 0x00, 0xfc, 0x00, 0xf6, 0x00, /* 6500K */ },
		{ 0x00, 0xff, 0xfb, 0x00, 0xf3, 0x00, 0xff, 0x00, 0x00, 0xfb, 0xf3, 0x00, 0xff, 0x00, 0xfb, 0x00, 0x00, 0xf3, 0xff, 0x00, 0xfb, 0x00, 0xf3, 0x00, /* 6300K */ },
		{ 0x00, 0xff, 0xfa, 0x00, 0xef, 0x00, 0xff, 0x00, 0x00, 0xfa, 0xef, 0x00, 0xff, 0x00, 0xfa, 0x00, 0x00, 0xef, 0xff, 0x00, 0xfa, 0x00, 0xef, 0x00, /* 6100K */ },
		{ 0x00, 0xff, 0xf8, 0x00, 0xeb, 0x00, 0xff, 0x00, 0x00, 0xf8, 0xeb, 0x00, 0xff, 0x00, 0xf8, 0x00, 0x00, 0xeb, 0xff, 0x00, 0xf8, 0x00, 0xeb, 0x00, /* 5900K */ },
		{ 0x00, 0xff, 0xf7, 0x00, 0xe7, 0x00, 0xff, 0x00, 0x00, 0xf7, 0xe7, 0x00, 0xff, 0x00, 0xf7, 0x00, 0x00, 0xe7, 0xff, 0x00, 0xf7, 0x00, 0xe7, 0x00, /* 5700K */ },
		{ 0x00, 0xff, 0xf5, 0x00, 0xe2, 0x00, 0xff, 0x00, 0x00, 0xf5, 0xe2, 0x00, 0xff, 0x00, 0xf5, 0x00, 0x00, 0xe2, 0xff, 0x00, 0xf5, 0x00, 0xe2, 0x00, /* 5500K */ },
		{ 0x00, 0xff, 0xf0, 0x00, 0xd3, 0x00, 0xff, 0x00, 0x00, 0xf0, 0xd3, 0x00, 0xff, 0x00, 0xf0, 0x00, 0x00, 0xd3, 0xff, 0x00, 0xf0, 0x00, 0xd3, 0x00, /* 4900K */ },
		{ 0x00, 0xff, 0xe9, 0x00, 0xbe, 0x00, 0xff, 0x00, 0x00, 0xe9, 0xbe, 0x00, 0xff, 0x00, 0xe9, 0x00, 0x00, 0xbe, 0xff, 0x00, 0xe9, 0x00, 0xbe, 0x00, /* 4300K */ },
		{ 0x00, 0xff, 0xe0, 0x00, 0xa4, 0x00, 0xff, 0x00, 0x00, 0xe0, 0xa4, 0x00, 0xff, 0x00, 0xe0, 0x00, 0x00, 0xa4, 0xff, 0x00, 0xe0, 0x00, 0xa4, 0x00, /* 3700K */ },
		{ 0x00, 0xff, 0xd3, 0x00, 0x86, 0x00, 0xff, 0x00, 0x00, 0xd3, 0x86, 0x00, 0xff, 0x00, 0xd3, 0x00, 0x00, 0x86, 0xff, 0x00, 0xd3, 0x00, 0x86, 0x00, /* 3100K */ },
		{ 0x00, 0xff, 0xb8, 0x00, 0x58, 0x00, 0xff, 0x00, 0x00, 0xb8, 0x58, 0x00, 0xff, 0x00, 0xb8, 0x00, 0x00, 0x58, 0xff, 0x00, 0xb8, 0x00, 0x58, 0x00, /* 2300K */ },
		{ 0x00, 0xff, 0xf9, 0x00, 0xed, 0x00, 0xff, 0x00, 0x00, 0xf9, 0xed, 0x00, 0xff, 0x00, 0xf9, 0x00, 0x00, 0xed, 0xff, 0x00, 0xf9, 0x00, 0xed, 0x00, },
		{ 0x00, 0xff, 0xf9, 0x00, 0xed, 0x00, 0xff, 0x00, 0x00, 0xf9, 0xed, 0x00, 0xff, 0x00, 0xf9, 0x00, 0x00, 0xed, 0xff, 0x00, 0xf9, 0x00, 0xed, 0x00, },
		{ 0x00, 0xff, 0xf9, 0x00, 0xec, 0x00, 0xff, 0x00, 0x00, 0xf9, 0xec, 0x00, 0xff, 0x00, 0xf9, 0x00, 0x00, 0xec, 0xff, 0x00, 0xf9, 0x00, 0xec, 0x00, },
		{ 0x00, 0xff, 0xf9, 0x00, 0xec, 0x00, 0xff, 0x00, 0x00, 0xf9, 0xec, 0x00, 0xff, 0x00, 0xf9, 0x00, 0x00, 0xec, 0xff, 0x00, 0xf9, 0x00, 0xec, 0x00, },
		{ 0x00, 0xff, 0xf8, 0x00, 0xeb, 0x00, 0xff, 0x00, 0x00, 0xf8, 0xeb, 0x00, 0xff, 0x00, 0xf8, 0x00, 0x00, 0xeb, 0xff, 0x00, 0xf8, 0x00, 0xeb, 0x00, },
		{ 0x00, 0xff, 0xf8, 0x00, 0xeb, 0x00, 0xff, 0x00, 0x00, 0xf8, 0xeb, 0x00, 0xff, 0x00, 0xf8, 0x00, 0x00, 0xeb, 0xff, 0x00, 0xf8, 0x00, 0xeb, 0x00, },
		{ 0x00, 0xff, 0xf8, 0x00, 0xea, 0x00, 0xff, 0x00, 0x00, 0xf8, 0xea, 0x00, 0xff, 0x00, 0xf8, 0x00, 0x00, 0xea, 0xff, 0x00, 0xf8, 0x00, 0xea, 0x00, },
		{ 0x00, 0xff, 0xf8, 0x00, 0xea, 0x00, 0xff, 0x00, 0x00, 0xf8, 0xea, 0x00, 0xff, 0x00, 0xf8, 0x00, 0x00, 0xea, 0xff, 0x00, 0xf8, 0x00, 0xea, 0x00, },
		{ 0x00, 0xff, 0xf8, 0x00, 0xe9, 0x00, 0xff, 0x00, 0x00, 0xf8, 0xe9, 0x00, 0xff, 0x00, 0xf8, 0x00, 0x00, 0xe9, 0xff, 0x00, 0xf8, 0x00, 0xe9, 0x00, },
		{ 0x00, 0xff, 0xf8, 0x00, 0xe9, 0x00, 0xff, 0x00, 0x00, 0xf8, 0xe9, 0x00, 0xff, 0x00, 0xf8, 0x00, 0x00, 0xe9, 0xff, 0x00, 0xf8, 0x00, 0xe9, 0x00, },
		{ 0x00, 0xff, 0xf7, 0x00, 0xe8, 0x00, 0xff, 0x00, 0x00, 0xf7, 0xe8, 0x00, 0xff, 0x00, 0xf7, 0x00, 0x00, 0xe8, 0xff, 0x00, 0xf7, 0x00, 0xe8, 0x00, },
		{ 0x00, 0xff, 0xf7, 0x00, 0xe8, 0x00, 0xff, 0x00, 0x00, 0xf7, 0xe8, 0x00, 0xff, 0x00, 0xf7, 0x00, 0x00, 0xe8, 0xff, 0x00, 0xf7, 0x00, 0xe8, 0x00, },
		{ 0x00, 0xff, 0xf7, 0x00, 0xe7, 0x00, 0xff, 0x00, 0x00, 0xf7, 0xe7, 0x00, 0xff, 0x00, 0xf7, 0x00, 0x00, 0xe7, 0xff, 0x00, 0xf7, 0x00, 0xe7, 0x00, },
		{ 0x00, 0xff, 0xf7, 0x00, 0xe7, 0x00, 0xff, 0x00, 0x00, 0xf7, 0xe7, 0x00, 0xff, 0x00, 0xf7, 0x00, 0x00, 0xe7, 0xff, 0x00, 0xf7, 0x00, 0xe7, 0x00, },
		{ 0x00, 0xff, 0xf7, 0x00, 0xe6, 0x00, 0xff, 0x00, 0x00, 0xf7, 0xe6, 0x00, 0xff, 0x00, 0xf7, 0x00, 0x00, 0xe6, 0xff, 0x00, 0xf7, 0x00, 0xe6, 0x00, },
		{ 0x00, 0xff, 0xf7, 0x00, 0xe6, 0x00, 0xff, 0x00, 0x00, 0xf7, 0xe6, 0x00, 0xff, 0x00, 0xf7, 0x00, 0x00, 0xe6, 0xff, 0x00, 0xf7, 0x00, 0xe6, 0x00, },
		{ 0x00, 0xff, 0xf6, 0x00, 0xe5, 0x00, 0xff, 0x00, 0x00, 0xf6, 0xe5, 0x00, 0xff, 0x00, 0xf6, 0x00, 0x00, 0xe5, 0xff, 0x00, 0xf6, 0x00, 0xe5, 0x00, },
		{ 0x00, 0xff, 0xf6, 0x00, 0xe5, 0x00, 0xff, 0x00, 0x00, 0xf6, 0xe5, 0x00, 0xff, 0x00, 0xf6, 0x00, 0x00, 0xe5, 0xff, 0x00, 0xf6, 0x00, 0xe5, 0x00, },
		{ 0x00, 0xff, 0xf6, 0x00, 0xe4, 0x00, 0xff, 0x00, 0x00, 0xf6, 0xe4, 0x00, 0xff, 0x00, 0xf6, 0x00, 0x00, 0xe4, 0xff, 0x00, 0xf6, 0x00, 0xe4, 0x00, },
		{ 0x00, 0xff, 0xf6, 0x00, 0xe4, 0x00, 0xff, 0x00, 0x00, 0xf6, 0xe4, 0x00, 0xff, 0x00, 0xf6, 0x00, 0x00, 0xe4, 0xff, 0x00, 0xf6, 0x00, 0xe4, 0x00, },
		{ 0x00, 0xff, 0xf6, 0x00, 0xe3, 0x00, 0xff, 0x00, 0x00, 0xf6, 0xe3, 0x00, 0xff, 0x00, 0xf6, 0x00, 0x00, 0xe3, 0xff, 0x00, 0xf6, 0x00, 0xe3, 0x00, },
		{ 0x00, 0xff, 0xf5, 0x00, 0xe3, 0x00, 0xff, 0x00, 0x00, 0xf5, 0xe3, 0x00, 0xff, 0x00, 0xf5, 0x00, 0x00, 0xe3, 0xff, 0x00, 0xf5, 0x00, 0xe3, 0x00, },
		{ 0x00, 0xff, 0xf5, 0x00, 0xe2, 0x00, 0xff, 0x00, 0x00, 0xf5, 0xe2, 0x00, 0xff, 0x00, 0xf5, 0x00, 0x00, 0xe2, 0xff, 0x00, 0xf5, 0x00, 0xe2, 0x00, },
		{ 0x00, 0xff, 0xf5, 0x00, 0xe2, 0x00, 0xff, 0x00, 0x00, 0xf5, 0xe2, 0x00, 0xff, 0x00, 0xf5, 0x00, 0x00, 0xe2, 0xff, 0x00, 0xf5, 0x00, 0xe2, 0x00, },
		{ 0x00, 0xff, 0xf5, 0x00, 0xe1, 0x00, 0xff, 0x00, 0x00, 0xf5, 0xe1, 0x00, 0xff, 0x00, 0xf5, 0x00, 0x00, 0xe1, 0xff, 0x00, 0xf5, 0x00, 0xe1, 0x00, },
		{ 0x00, 0xff, 0xf4, 0x00, 0xe1, 0x00, 0xff, 0x00, 0x00, 0xf4, 0xe1, 0x00, 0xff, 0x00, 0xf4, 0x00, 0x00, 0xe1, 0xff, 0x00, 0xf4, 0x00, 0xe1, 0x00, },
		{ 0x00, 0xff, 0xf4, 0x00, 0xe0, 0x00, 0xff, 0x00, 0x00, 0xf4, 0xe0, 0x00, 0xff, 0x00, 0xf4, 0x00, 0x00, 0xe0, 0xff, 0x00, 0xf4, 0x00, 0xe0, 0x00, },
		{ 0x00, 0xff, 0xf4, 0x00, 0xe0, 0x00, 0xff, 0x00, 0x00, 0xf4, 0xe0, 0x00, 0xff, 0x00, 0xf4, 0x00, 0x00, 0xe0, 0xff, 0x00, 0xf4, 0x00, 0xe0, 0x00, },
		{ 0x00, 0xff, 0xf4, 0x00, 0xdf, 0x00, 0xff, 0x00, 0x00, 0xf4, 0xdf, 0x00, 0xff, 0x00, 0xf4, 0x00, 0x00, 0xdf, 0xff, 0x00, 0xf4, 0x00, 0xdf, 0x00, },
		{ 0x00, 0xff, 0xf4, 0x00, 0xdf, 0x00, 0xff, 0x00, 0x00, 0xf4, 0xdf, 0x00, 0xff, 0x00, 0xf4, 0x00, 0x00, 0xdf, 0xff, 0x00, 0xf4, 0x00, 0xdf, 0x00, },
		{ 0x00, 0xff, 0xf3, 0x00, 0xde, 0x00, 0xff, 0x00, 0x00, 0xf3, 0xde, 0x00, 0xff, 0x00, 0xf3, 0x00, 0x00, 0xde, 0xff, 0x00, 0xf3, 0x00, 0xde, 0x00, },
		{ 0x00, 0xff, 0xf3, 0x00, 0xde, 0x00, 0xff, 0x00, 0x00, 0xf3, 0xde, 0x00, 0xff, 0x00, 0xf3, 0x00, 0x00, 0xde, 0xff, 0x00, 0xf3, 0x00, 0xde, 0x00, },
		{ 0x00, 0xff, 0xf3, 0x00, 0xdd, 0x00, 0xff, 0x00, 0x00, 0xf3, 0xdd, 0x00, 0xff, 0x00, 0xf3, 0x00, 0x00, 0xdd, 0xff, 0x00, 0xf3, 0x00, 0xdd, 0x00, },
		{ 0x00, 0xff, 0xf3, 0x00, 0xdd, 0x00, 0xff, 0x00, 0x00, 0xf3, 0xdd, 0x00, 0xff, 0x00, 0xf3, 0x00, 0x00, 0xdd, 0xff, 0x00, 0xf3, 0x00, 0xdd, 0x00, },
		{ 0x00, 0xff, 0xf2, 0x00, 0xdc, 0x00, 0xff, 0x00, 0x00, 0xf2, 0xdc, 0x00, 0xff, 0x00, 0xf2, 0x00, 0x00, 0xdc, 0xff, 0x00, 0xf2, 0x00, 0xdc, 0x00, },
		{ 0x00, 0xff, 0xf2, 0x00, 0xdc, 0x00, 0xff, 0x00, 0x00, 0xf2, 0xdc, 0x00, 0xff, 0x00, 0xf2, 0x00, 0x00, 0xdc, 0xff, 0x00, 0xf2, 0x00, 0xdc, 0x00, },
		{ 0x00, 0xff, 0xf2, 0x00, 0xdb, 0x00, 0xff, 0x00, 0x00, 0xf2, 0xdb, 0x00, 0xff, 0x00, 0xf2, 0x00, 0x00, 0xdb, 0xff, 0x00, 0xf2, 0x00, 0xdb, 0x00, },
		{ 0x00, 0xff, 0xf2, 0x00, 0xda, 0x00, 0xff, 0x00, 0x00, 0xf2, 0xda, 0x00, 0xff, 0x00, 0xf2, 0x00, 0x00, 0xda, 0xff, 0x00, 0xf2, 0x00, 0xda, 0x00, },
		{ 0x00, 0xff, 0xf2, 0x00, 0xda, 0x00, 0xff, 0x00, 0x00, 0xf2, 0xda, 0x00, 0xff, 0x00, 0xf2, 0x00, 0x00, 0xda, 0xff, 0x00, 0xf2, 0x00, 0xda, 0x00, },
		{ 0x00, 0xff, 0xf2, 0x00, 0xd9, 0x00, 0xff, 0x00, 0x00, 0xf2, 0xd9, 0x00, 0xff, 0x00, 0xf2, 0x00, 0x00, 0xd9, 0xff, 0x00, 0xf2, 0x00, 0xd9, 0x00, },
		{ 0x00, 0xff, 0xf1, 0x00, 0xd9, 0x00, 0xff, 0x00, 0x00, 0xf1, 0xd9, 0x00, 0xff, 0x00, 0xf1, 0x00, 0x00, 0xd9, 0xff, 0x00, 0xf1, 0x00, 0xd9, 0x00, },
		{ 0x00, 0xff, 0xf1, 0x00, 0xd8, 0x00, 0xff, 0x00, 0x00, 0xf1, 0xd8, 0x00, 0xff, 0x00, 0xf1, 0x00, 0x00, 0xd8, 0xff, 0x00, 0xf1, 0x00, 0xd8, 0x00, },
		{ 0x00, 0xff, 0xf1, 0x00, 0xd8, 0x00, 0xff, 0x00, 0x00, 0xf1, 0xd8, 0x00, 0xff, 0x00, 0xf1, 0x00, 0x00, 0xd8, 0xff, 0x00, 0xf1, 0x00, 0xd8, 0x00, },
		{ 0x00, 0xff, 0xf1, 0x00, 0xd7, 0x00, 0xff, 0x00, 0x00, 0xf1, 0xd7, 0x00, 0xff, 0x00, 0xf1, 0x00, 0x00, 0xd7, 0xff, 0x00, 0xf1, 0x00, 0xd7, 0x00, },
		{ 0x00, 0xff, 0xf1, 0x00, 0xd7, 0x00, 0xff, 0x00, 0x00, 0xf1, 0xd7, 0x00, 0xff, 0x00, 0xf1, 0x00, 0x00, 0xd7, 0xff, 0x00, 0xf1, 0x00, 0xd7, 0x00, },
		{ 0x00, 0xff, 0xf1, 0x00, 0xd6, 0x00, 0xff, 0x00, 0x00, 0xf1, 0xd6, 0x00, 0xff, 0x00, 0xf1, 0x00, 0x00, 0xd6, 0xff, 0x00, 0xf1, 0x00, 0xd6, 0x00, },
		{ 0x00, 0xff, 0xf0, 0x00, 0xd5, 0x00, 0xff, 0x00, 0x00, 0xf0, 0xd5, 0x00, 0xff, 0x00, 0xf0, 0x00, 0x00, 0xd5, 0xff, 0x00, 0xf0, 0x00, 0xd5, 0x00, },
		{ 0x00, 0xff, 0xf0, 0x00, 0xd5, 0x00, 0xff, 0x00, 0x00, 0xf0, 0xd5, 0x00, 0xff, 0x00, 0xf0, 0x00, 0x00, 0xd5, 0xff, 0x00, 0xf0, 0x00, 0xd5, 0x00, },
		{ 0x00, 0xff, 0xf0, 0x00, 0xd4, 0x00, 0xff, 0x00, 0x00, 0xf0, 0xd4, 0x00, 0xff, 0x00, 0xf0, 0x00, 0x00, 0xd4, 0xff, 0x00, 0xf0, 0x00, 0xd4, 0x00, },
		{ 0x00, 0xff, 0xf0, 0x00, 0xd4, 0x00, 0xff, 0x00, 0x00, 0xf0, 0xd4, 0x00, 0xff, 0x00, 0xf0, 0x00, 0x00, 0xd4, 0xff, 0x00, 0xf0, 0x00, 0xd4, 0x00, },
		{ 0x00, 0xff, 0xf0, 0x00, 0xd3, 0x00, 0xff, 0x00, 0x00, 0xf0, 0xd3, 0x00, 0xff, 0x00, 0xf0, 0x00, 0x00, 0xd3, 0xff, 0x00, 0xf0, 0x00, 0xd3, 0x00, },
		{ 0x00, 0xff, 0xf0, 0x00, 0xd3, 0x00, 0xff, 0x00, 0x00, 0xf0, 0xd3, 0x00, 0xff, 0x00, 0xf0, 0x00, 0x00, 0xd3, 0xff, 0x00, 0xf0, 0x00, 0xd3, 0x00, },
		{ 0x00, 0xff, 0xef, 0x00, 0xd2, 0x00, 0xff, 0x00, 0x00, 0xef, 0xd2, 0x00, 0xff, 0x00, 0xef, 0x00, 0x00, 0xd2, 0xff, 0x00, 0xef, 0x00, 0xd2, 0x00, },
		{ 0x00, 0xff, 0xef, 0x00, 0xd2, 0x00, 0xff, 0x00, 0x00, 0xef, 0xd2, 0x00, 0xff, 0x00, 0xef, 0x00, 0x00, 0xd2, 0xff, 0x00, 0xef, 0x00, 0xd2, 0x00, },
		{ 0x00, 0xff, 0xef, 0x00, 0xd1, 0x00, 0xff, 0x00, 0x00, 0xef, 0xd1, 0x00, 0xff, 0x00, 0xef, 0x00, 0x00, 0xd1, 0xff, 0x00, 0xef, 0x00, 0xd1, 0x00, },
		{ 0x00, 0xff, 0xef, 0x00, 0xd0, 0x00, 0xff, 0x00, 0x00, 0xef, 0xd0, 0x00, 0xff, 0x00, 0xef, 0x00, 0x00, 0xd0, 0xff, 0x00, 0xef, 0x00, 0xd0, 0x00, },
		{ 0x00, 0xff, 0xee, 0x00, 0xd0, 0x00, 0xff, 0x00, 0x00, 0xee, 0xd0, 0x00, 0xff, 0x00, 0xee, 0x00, 0x00, 0xd0, 0xff, 0x00, 0xee, 0x00, 0xd0, 0x00, },
		{ 0x00, 0xff, 0xee, 0x00, 0xcf, 0x00, 0xff, 0x00, 0x00, 0xee, 0xcf, 0x00, 0xff, 0x00, 0xee, 0x00, 0x00, 0xcf, 0xff, 0x00, 0xee, 0x00, 0xcf, 0x00, },
		{ 0x00, 0xff, 0xee, 0x00, 0xce, 0x00, 0xff, 0x00, 0x00, 0xee, 0xce, 0x00, 0xff, 0x00, 0xee, 0x00, 0x00, 0xce, 0xff, 0x00, 0xee, 0x00, 0xce, 0x00, },
		{ 0x00, 0xff, 0xee, 0x00, 0xcd, 0x00, 0xff, 0x00, 0x00, 0xee, 0xcd, 0x00, 0xff, 0x00, 0xee, 0x00, 0x00, 0xcd, 0xff, 0x00, 0xee, 0x00, 0xcd, 0x00, },
		{ 0x00, 0xff, 0xed, 0x00, 0xcd, 0x00, 0xff, 0x00, 0x00, 0xed, 0xcd, 0x00, 0xff, 0x00, 0xed, 0x00, 0x00, 0xcd, 0xff, 0x00, 0xed, 0x00, 0xcd, 0x00, },
		{ 0x00, 0xff, 0xed, 0x00, 0xcc, 0x00, 0xff, 0x00, 0x00, 0xed, 0xcc, 0x00, 0xff, 0x00, 0xed, 0x00, 0x00, 0xcc, 0xff, 0x00, 0xed, 0x00, 0xcc, 0x00, },
		{ 0x00, 0xff, 0xed, 0x00, 0xcb, 0x00, 0xff, 0x00, 0x00, 0xed, 0xcb, 0x00, 0xff, 0x00, 0xed, 0x00, 0x00, 0xcb, 0xff, 0x00, 0xed, 0x00, 0xcb, 0x00, },
		{ 0x00, 0xff, 0xed, 0x00, 0xcb, 0x00, 0xff, 0x00, 0x00, 0xed, 0xcb, 0x00, 0xff, 0x00, 0xed, 0x00, 0x00, 0xcb, 0xff, 0x00, 0xed, 0x00, 0xcb, 0x00, },
		{ 0x00, 0xff, 0xec, 0x00, 0xca, 0x00, 0xff, 0x00, 0x00, 0xec, 0xca, 0x00, 0xff, 0x00, 0xec, 0x00, 0x00, 0xca, 0xff, 0x00, 0xec, 0x00, 0xca, 0x00, },
		{ 0x00, 0xff, 0xec, 0x00, 0xc9, 0x00, 0xff, 0x00, 0x00, 0xec, 0xc9, 0x00, 0xff, 0x00, 0xec, 0x00, 0x00, 0xc9, 0xff, 0x00, 0xec, 0x00, 0xc9, 0x00, },
		{ 0x00, 0xff, 0xec, 0x00, 0xc8, 0x00, 0xff, 0x00, 0x00, 0xec, 0xc8, 0x00, 0xff, 0x00, 0xec, 0x00, 0x00, 0xc8, 0xff, 0x00, 0xec, 0x00, 0xc8, 0x00, },
		{ 0x00, 0xff, 0xeb, 0x00, 0xc8, 0x00, 0xff, 0x00, 0x00, 0xeb, 0xc8, 0x00, 0xff, 0x00, 0xeb, 0x00, 0x00, 0xc8, 0xff, 0x00, 0xeb, 0x00, 0xc8, 0x00, },
		{ 0x00, 0xff, 0xeb, 0x00, 0xc7, 0x00, 0xff, 0x00, 0x00, 0xeb, 0xc7, 0x00, 0xff, 0x00, 0xeb, 0x00, 0x00, 0xc7, 0xff, 0x00, 0xeb, 0x00, 0xc7, 0x00, },
		{ 0x00, 0xff, 0xeb, 0x00, 0xc6, 0x00, 0xff, 0x00, 0x00, 0xeb, 0xc6, 0x00, 0xff, 0x00, 0xeb, 0x00, 0x00, 0xc6, 0xff, 0x00, 0xeb, 0x00, 0xc6, 0x00, },
		{ 0x00, 0xff, 0xeb, 0x00, 0xc5, 0x00, 0xff, 0x00, 0x00, 0xeb, 0xc5, 0x00, 0xff, 0x00, 0xeb, 0x00, 0x00, 0xc5, 0xff, 0x00, 0xeb, 0x00, 0xc5, 0x00, },
		{ 0x00, 0xff, 0xea, 0x00, 0xc5, 0x00, 0xff, 0x00, 0x00, 0xea, 0xc5, 0x00, 0xff, 0x00, 0xea, 0x00, 0x00, 0xc5, 0xff, 0x00, 0xea, 0x00, 0xc5, 0x00, },
		{ 0x00, 0xff, 0xea, 0x00, 0xc4, 0x00, 0xff, 0x00, 0x00, 0xea, 0xc4, 0x00, 0xff, 0x00, 0xea, 0x00, 0x00, 0xc4, 0xff, 0x00, 0xea, 0x00, 0xc4, 0x00, },
		{ 0x00, 0xff, 0xea, 0x00, 0xc3, 0x00, 0xff, 0x00, 0x00, 0xea, 0xc3, 0x00, 0xff, 0x00, 0xea, 0x00, 0x00, 0xc3, 0xff, 0x00, 0xea, 0x00, 0xc3, 0x00, },
		{ 0x00, 0xff, 0xe9, 0x00, 0xc2, 0x00, 0xff, 0x00, 0x00, 0xe9, 0xc2, 0x00, 0xff, 0x00, 0xe9, 0x00, 0x00, 0xc2, 0xff, 0x00, 0xe9, 0x00, 0xc2, 0x00, },
		{ 0x00, 0xff, 0xe9, 0x00, 0xc1, 0x00, 0xff, 0x00, 0x00, 0xe9, 0xc1, 0x00, 0xff, 0x00, 0xe9, 0x00, 0x00, 0xc1, 0xff, 0x00, 0xe9, 0x00, 0xc1, 0x00, },
		{ 0x00, 0xff, 0xe9, 0x00, 0xc0, 0x00, 0xff, 0x00, 0x00, 0xe9, 0xc0, 0x00, 0xff, 0x00, 0xe9, 0x00, 0x00, 0xc0, 0xff, 0x00, 0xe9, 0x00, 0xc0, 0x00, },
		{ 0x00, 0xff, 0xe8, 0x00, 0xc0, 0x00, 0xff, 0x00, 0x00, 0xe8, 0xc0, 0x00, 0xff, 0x00, 0xe8, 0x00, 0x00, 0xc0, 0xff, 0x00, 0xe8, 0x00, 0xc0, 0x00, },
		{ 0x00, 0xff, 0xe8, 0x00, 0xbf, 0x00, 0xff, 0x00, 0x00, 0xe8, 0xbf, 0x00, 0xff, 0x00, 0xe8, 0x00, 0x00, 0xbf, 0xff, 0x00, 0xe8, 0x00, 0xbf, 0x00, },
		{ 0x00, 0xff, 0xe8, 0x00, 0xbe, 0x00, 0xff, 0x00, 0x00, 0xe8, 0xbe, 0x00, 0xff, 0x00, 0xe8, 0x00, 0x00, 0xbe, 0xff, 0x00, 0xe8, 0x00, 0xbe, 0x00, },
		{ 0x00, 0xff, 0xe7, 0x00, 0xbd, 0x00, 0xff, 0x00, 0x00, 0xe7, 0xbd, 0x00, 0xff, 0x00, 0xe7, 0x00, 0x00, 0xbd, 0xff, 0x00, 0xe7, 0x00, 0xbd, 0x00, },
		{ 0x00, 0xff, 0xe7, 0x00, 0xbc, 0x00, 0xff, 0x00, 0x00, 0xe7, 0xbc, 0x00, 0xff, 0x00, 0xe7, 0x00, 0x00, 0xbc, 0xff, 0x00, 0xe7, 0x00, 0xbc, 0x00, },
		{ 0x00, 0xff, 0xe7, 0x00, 0xbb, 0x00, 0xff, 0x00, 0x00, 0xe7, 0xbb, 0x00, 0xff, 0x00, 0xe7, 0x00, 0x00, 0xbb, 0xff, 0x00, 0xe7, 0x00, 0xbb, 0x00, },
		{ 0x00, 0xff, 0xe6, 0x00, 0xba, 0x00, 0xff, 0x00, 0x00, 0xe6, 0xba, 0x00, 0xff, 0x00, 0xe6, 0x00, 0x00, 0xba, 0xff, 0x00, 0xe6, 0x00, 0xba, 0x00, },
		{ 0x00, 0xff, 0xe6, 0x00, 0xb9, 0x00, 0xff, 0x00, 0x00, 0xe6, 0xb9, 0x00, 0xff, 0x00, 0xe6, 0x00, 0x00, 0xb9, 0xff, 0x00, 0xe6, 0x00, 0xb9, 0x00, },
		{ 0x00, 0xff, 0xe6, 0x00, 0xb8, 0x00, 0xff, 0x00, 0x00, 0xe6, 0xb8, 0x00, 0xff, 0x00, 0xe6, 0x00, 0x00, 0xb8, 0xff, 0x00, 0xe6, 0x00, 0xb8, 0x00, },
		{ 0x00, 0xff, 0xe5, 0x00, 0xb8, 0x00, 0xff, 0x00, 0x00, 0xe5, 0xb8, 0x00, 0xff, 0x00, 0xe5, 0x00, 0x00, 0xb8, 0xff, 0x00, 0xe5, 0x00, 0xb8, 0x00, },
		{ 0x00, 0xff, 0xe5, 0x00, 0xb7, 0x00, 0xff, 0x00, 0x00, 0xe5, 0xb7, 0x00, 0xff, 0x00, 0xe5, 0x00, 0x00, 0xb7, 0xff, 0x00, 0xe5, 0x00, 0xb7, 0x00, },
		{ 0x00, 0xff, 0xe5, 0x00, 0xb6, 0x00, 0xff, 0x00, 0x00, 0xe5, 0xb6, 0x00, 0xff, 0x00, 0xe5, 0x00, 0x00, 0xb6, 0xff, 0x00, 0xe5, 0x00, 0xb6, 0x00, },
		{ 0x00, 0xff, 0xe4, 0x00, 0xb5, 0x00, 0xff, 0x00, 0x00, 0xe4, 0xb5, 0x00, 0xff, 0x00, 0xe4, 0x00, 0x00, 0xb5, 0xff, 0x00, 0xe4, 0x00, 0xb5, 0x00, },
		{ 0x00, 0xff, 0xe4, 0x00, 0xb4, 0x00, 0xff, 0x00, 0x00, 0xe4, 0xb4, 0x00, 0xff, 0x00, 0xe4, 0x00, 0x00, 0xb4, 0xff, 0x00, 0xe4, 0x00, 0xb4, 0x00, },
	},
	{
		{ 0x5f, 0xed, 0xf7, 0x23, 0xec, 0x00, 0xf5, 0x44, 0x29, 0xf0, 0xea, 0x00, 0xf5, 0x15, 0xf3, 0x0a, 0x00, 0xea, 0xff, 0x00, 0xfc, 0x00, 0xf6, 0x00, /* 6500K */ },
		{ 0x5f, 0xed, 0xf6, 0x22, 0xe9, 0x00, 0xf5, 0x44, 0x28, 0xef, 0xe8, 0x00, 0xf5, 0x15, 0xf2, 0x0a, 0x00, 0xe8, 0xff, 0x00, 0xfb, 0x00, 0xf3, 0x00, /* 6300K */ },
		{ 0x5f, 0xed, 0xf5, 0x22, 0xe6, 0x00, 0xf5, 0x44, 0x28, 0xee, 0xe4, 0x00, 0xf5, 0x15, 0xf1, 0x0a, 0x00, 0xe4, 0xff, 0x00, 0xfa, 0x00, 0xef, 0x00, /* 6100K */ },
		{ 0x5f, 0xed, 0xf3, 0x22, 0xe2, 0x00, 0xf5, 0x44, 0x28, 0xec, 0xe0, 0x00, 0xf5, 0x15, 0xef, 0x0a, 0x00, 0xe0, 0xff, 0x00, 0xf8, 0x00, 0xeb, 0x00, /* 5900K */ },
		{ 0x5f, 0xed, 0xf2, 0x22, 0xde, 0x00, 0xf5, 0x44, 0x28, 0xeb, 0xdc, 0x00, 0xf5, 0x15, 0xee, 0x0a, 0x00, 0xdc, 0xff, 0x00, 0xf7, 0x00, 0xe7, 0x00, /* 5700K */ },
		{ 0x5f, 0xed, 0xf0, 0x22, 0xd9, 0x00, 0xf5, 0x44, 0x27, 0xe9, 0xd7, 0x00, 0xf5, 0x15, 0xec, 0x0a, 0x00, 0xd7, 0xff, 0x00, 0xf5, 0x00, 0xe2, 0x00, /* 5500K */ },
		{ 0x5f, 0xed, 0xeb, 0x21, 0xcb, 0x00, 0xf5, 0x44, 0x27, 0xe5, 0xc9, 0x00, 0xf5, 0x15, 0xe8, 0x09, 0x00, 0xc9, 0xff, 0x00, 0xf0, 0x00, 0xd3, 0x00, /* 4900K */ },
		{ 0x5f, 0xed, 0xe4, 0x20, 0xb7, 0x00, 0xf5, 0x44, 0x25, 0xde, 0xb5, 0x00, 0xf5, 0x15, 0xe1, 0x09, 0x00, 0xb5, 0xff, 0x00, 0xe9, 0x00, 0xbe, 0x00, /* 4300K */ },
		{ 0x5f, 0xed, 0xdc, 0x1f, 0x9e, 0x00, 0xf5, 0x44, 0x24, 0xd5, 0x9c, 0x00, 0xf5, 0x15, 0xd8, 0x09, 0x00, 0x9c, 0xff, 0x00, 0xe0, 0x00, 0xa4, 0x00, /* 3700K */ },
		{ 0x5f, 0xed, 0xcf, 0x1d, 0x81, 0x00, 0xf5, 0x44, 0x22, 0xc9, 0x80, 0x00, 0xf5, 0x15, 0xcc, 0x08, 0x00, 0x80, 0xff, 0x00, 0xd3, 0x00, 0x86, 0x00, /* 3100K */ },
		{ 0x5f, 0xed, 0xb4, 0x19, 0x55, 0x00, 0xf5, 0x44, 0x1e, 0xaf, 0x54, 0x00, 0xf5, 0x15, 0xb2, 0x07, 0x00, 0x54, 0xff, 0x00, 0xb8, 0x00, 0x58, 0x00, /* 2300K */ },
		{ 0x5f, 0xed, 0xf4, 0x22, 0xe3, 0x00, 0xf5, 0x44, 0x28, 0xed, 0xe1, 0x00, 0xf5, 0x15, 0xf0, 0x0a, 0x00, 0xe1, 0xff, 0x00, 0xf9, 0x00, 0xed, 0x00, },
		{ 0x5f, 0xed, 0xf4, 0x22, 0xe3, 0x00, 0xf5, 0x44, 0x28, 0xed, 0xe1, 0x00, 0xf5, 0x15, 0xf0, 0x0a, 0x00, 0xe1, 0xff, 0x00, 0xf9, 0x00, 0xed, 0x00, },
		{ 0x5f, 0xed, 0xf4, 0x22, 0xe2, 0x00, 0xf5, 0x44, 0x28, 0xed, 0xe0, 0x00, 0xf5, 0x15, 0xf0, 0x0a, 0x00, 0xe0, 0xff, 0x00, 0xf9, 0x00, 0xec, 0x00, },
		{ 0x5f, 0xed, 0xf4, 0x22, 0xe2, 0x00, 0xf5, 0x44, 0x28, 0xed, 0xe0, 0x00, 0xf5, 0x15, 0xf0, 0x0a, 0x00, 0xe0, 0xff, 0x00, 0xf9, 0x00, 0xec, 0x00, },
		{ 0x5f, 0xed, 0xf3, 0x22, 0xe1, 0x00, 0xf5, 0x44, 0x27, 0xec, 0xdf, 0x00, 0xf5, 0x15, 0xef, 0x09, 0x00, 0xdf, 0xff, 0x00, 0xf8, 0x00, 0xeb, 0x00, },
		{ 0x5f, 0xed, 0xf3, 0x22, 0xe1, 0x00, 0xf5, 0x44, 0x27, 0xec, 0xdf, 0x00, 0xf5, 0x15, 0xef, 0x09, 0x00, 0xdf, 0xff, 0x00, 0xf8, 0x00, 0xeb, 0x00, },
		{ 0x5f, 0xed, 0xf3, 0x22, 0xe0, 0x00, 0xf5, 0x44, 0x27, 0xec, 0xde, 0x00, 0xf5, 0x15, 0xef, 0x09, 0x00, 0xde, 0xff, 0x00, 0xf8, 0x00, 0xea, 0x00, },
		{ 0x5f, 0xed, 0xf3, 0x22, 0xe0, 0x00, 0xf5, 0x44, 0x27, 0xec, 0xde, 0x00, 0xf5, 0x15, 0xef, 0x09, 0x00, 0xde, 0xff, 0x00, 0xf8, 0x00, 0xea, 0x00, },
		{ 0x5f, 0xed, 0xf3, 0x22, 0xdf, 0x00, 0xf5, 0x44, 0x27, 0xec, 0xde, 0x00, 0xf5, 0x15, 0xef, 0x09, 0x00, 0xde, 0xff, 0x00, 0xf8, 0x00, 0xe9, 0x00, },
		{ 0x5f, 0xed, 0xf3, 0x22, 0xdf, 0x00, 0xf5, 0x44, 0x27, 0xec, 0xde, 0x00, 0xf5, 0x15, 0xef, 0x09, 0x00, 0xde, 0xff, 0x00, 0xf8, 0x00, 0xe9, 0x00, },
		{ 0x5f, 0xed, 0xf2, 0x21, 0xde, 0x00, 0xf5, 0x44, 0x27, 0xeb, 0xdd, 0x00, 0xf5, 0x15, 0xee, 0x09, 0x00, 0xdd, 0xff, 0x00, 0xf7, 0x00, 0xe8, 0x00, },
		{ 0x5f, 0xed, 0xf2, 0x21, 0xde, 0x00, 0xf5, 0x44, 0x27, 0xeb, 0xdd, 0x00, 0xf5, 0x15, 0xee, 0x09, 0x00, 0xdd, 0xff, 0x00, 0xf7, 0x00, 0xe8, 0x00, },
		{ 0x5f, 0xed, 0xf2, 0x21, 0xdd, 0x00, 0xf5, 0x44, 0x27, 0xeb, 0xdc, 0x00, 0xf5, 0x15, 0xee, 0x09, 0x00, 0xdc, 0xff, 0x00, 0xf7, 0x00, 0xe7, 0x00, },
		{ 0x5f, 0xed, 0xf2, 0x21, 0xdd, 0x00, 0xf5, 0x44, 0x27, 0xeb, 0xdc, 0x00, 0xf5, 0x15, 0xee, 0x09, 0x00, 0xdc, 0xff, 0x00, 0xf7, 0x00, 0xe7, 0x00, },
		{ 0x5f, 0xed, 0xf2, 0x21, 0xdc, 0x00, 0xf5, 0x44, 0x27, 0xeb, 0xdb, 0x00, 0xf5, 0x15, 0xee, 0x09, 0x00, 0xdb, 0xff, 0x00, 0xf7, 0x00, 0xe6, 0x00, },
		{ 0x5f, 0xed, 0xf2, 0x21, 0xdc, 0x00, 0xf5, 0x44, 0x27, 0xeb, 0xdb, 0x00, 0xf5, 0x15, 0xee, 0x09, 0x00, 0xdb, 0xff, 0x00, 0xf7, 0x00, 0xe6, 0x00, },
		{ 0x5f, 0xed, 0xf1, 0x21, 0xdc, 0x00, 0xf5, 0x44, 0x27, 0xea, 0xda, 0x00, 0xf5, 0x15, 0xed, 0x09, 0x00, 0xda, 0xff, 0x00, 0xf6, 0x00, 0xe5, 0x00, },
		{ 0x5f, 0xed, 0xf1, 0x21, 0xdc, 0x00, 0xf5, 0x44, 0x27, 0xea, 0xda, 0x00, 0xf5, 0x15, 0xed, 0x09, 0x00, 0xda, 0xff, 0x00, 0xf6, 0x00, 0xe5, 0x00, },
		{ 0x5f, 0xed, 0xf1, 0x21, 0xdb, 0x00, 0xf5, 0x44, 0x27, 0xea, 0xd9, 0x00, 0xf5, 0x15, 0xed, 0x09, 0x00, 0xd9, 0xff, 0x00, 0xf6, 0x00, 0xe4, 0x00, },
		{ 0x5f, 0xed, 0xf1, 0x21, 0xdb, 0x00, 0xf5, 0x44, 0x27, 0xea, 0xd9, 0x00, 0xf5, 0x15, 0xed, 0x09, 0x00, 0xd9, 0xff, 0x00, 0xf6, 0x00, 0xe4, 0x00, },
		{ 0x5f, 0xed, 0xf1, 0x21, 0xda, 0x00, 0xf5, 0x44, 0x27, 0xea, 0xd8, 0x00, 0xf5, 0x15, 0xed, 0x09, 0x00, 0xd8, 0xff, 0x00, 0xf6, 0x00, 0xe3, 0x00, },
		{ 0x5f, 0xed, 0xf0, 0x21, 0xda, 0x00, 0xf5, 0x44, 0x27, 0xe9, 0xd8, 0x00, 0xf5, 0x15, 0xec, 0x09, 0x00, 0xd8, 0xff, 0x00, 0xf5, 0x00, 0xe3, 0x00, },
		{ 0x5f, 0xed, 0xf0, 0x21, 0xd9, 0x00, 0xf5, 0x44, 0x27, 0xe9, 0xd7, 0x00, 0xf5, 0x15, 0xec, 0x09, 0x00, 0xd7, 0xff, 0x00, 0xf5, 0x00, 0xe2, 0x00, },
		{ 0x5f, 0xed, 0xf0, 0x21, 0xd9, 0x00, 0xf5, 0x44, 0x27, 0xe9, 0xd7, 0x00, 0xf5, 0x15, 0xec, 0x09, 0x00, 0xd7, 0xff, 0x00, 0xf5, 0x00, 0xe2, 0x00, },
		{ 0x5f, 0xed, 0xf0, 0x21, 0xd8, 0x00, 0xf5, 0x44, 0x27, 0xe9, 0xd6, 0x00, 0xf5, 0x15, 0xec, 0x09, 0x00, 0xd6, 0xff, 0x00, 0xf5, 0x00, 0xe1, 0x00, },
		{ 0x5f, 0xed, 0xef, 0x21, 0xd8, 0x00, 0xf5, 0x44, 0x27, 0xe8, 0xd6, 0x00, 0xf5, 0x15, 0xeb, 0x09, 0x00, 0xd6, 0xff, 0x00, 0xf4, 0x00, 0xe1, 0x00, },
		{ 0x5f, 0xed, 0xef, 0x21, 0xd7, 0x00, 0xf5, 0x44, 0x27, 0xe8, 0xd5, 0x00, 0xf5, 0x15, 0xeb, 0x09, 0x00, 0xd5, 0xff, 0x00, 0xf4, 0x00, 0xe0, 0x00, },
		{ 0x5f, 0xed, 0xef, 0x21, 0xd7, 0x00, 0xf5, 0x44, 0x27, 0xe8, 0xd5, 0x00, 0xf5, 0x15, 0xeb, 0x09, 0x00, 0xd5, 0xff, 0x00, 0xf4, 0x00, 0xe0, 0x00, },
		{ 0x5f, 0xed, 0xef, 0x21, 0xd6, 0x00, 0xf5, 0x44, 0x27, 0xe8, 0xd4, 0x00, 0xf5, 0x15, 0xeb, 0x09, 0x00, 0xd4, 0xff, 0x00, 0xf4, 0x00, 0xdf, 0x00, },
		{ 0x5f, 0xed, 0xef, 0x21, 0xd6, 0x00, 0xf5, 0x44, 0x27, 0xe8, 0xd4, 0x00, 0xf5, 0x15, 0xeb, 0x09, 0x00, 0xd4, 0xff, 0x00, 0xf4, 0x00, 0xdf, 0x00, },
		{ 0x5f, 0xed, 0xee, 0x21, 0xd5, 0x00, 0xf5, 0x44, 0x27, 0xe7, 0xd3, 0x00, 0xf5, 0x15, 0xea, 0x09, 0x00, 0xd3, 0xff, 0x00, 0xf3, 0x00, 0xde, 0x00, },
		{ 0x5f, 0xed, 0xee, 0x21, 0xd5, 0x00, 0xf5, 0x44, 0x27, 0xe7, 0xd3, 0x00, 0xf5, 0x15, 0xea, 0x09, 0x00, 0xd3, 0xff, 0x00, 0xf3, 0x00, 0xde, 0x00, },
		{ 0x5f, 0xed, 0xee, 0x21, 0xd4, 0x00, 0xf5, 0x44, 0x27, 0xe7, 0xd2, 0x00, 0xf5, 0x15, 0xea, 0x09, 0x00, 0xd2, 0xff, 0x00, 0xf3, 0x00, 0xdd, 0x00, },
		{ 0x5f, 0xed, 0xee, 0x21, 0xd4, 0x00, 0xf5, 0x44, 0x27, 0xe7, 0xd2, 0x00, 0xf5, 0x15, 0xea, 0x09, 0x00, 0xd2, 0xff, 0x00, 0xf3, 0x00, 0xdd, 0x00, },
		{ 0x5f, 0xed, 0xed, 0x21, 0xd3, 0x00, 0xf5, 0x44, 0x26, 0xe6, 0xd1, 0x00, 0xf5, 0x15, 0xe9, 0x09, 0x00, 0xd1, 0xff, 0x00, 0xf2, 0x00, 0xdc, 0x00, },
		{ 0x5f, 0xed, 0xed, 0x21, 0xd3, 0x00, 0xf5, 0x44, 0x26, 0xe6, 0xd1, 0x00, 0xf5, 0x15, 0xe9, 0x09, 0x00, 0xd1, 0xff, 0x00, 0xf2, 0x00, 0xdc, 0x00, },
		{ 0x5f, 0xed, 0xed, 0x21, 0xd2, 0x00, 0xf5, 0x44, 0x26, 0xe6, 0xd0, 0x00, 0xf5, 0x15, 0xe9, 0x09, 0x00, 0xd0, 0xff, 0x00, 0xf2, 0x00, 0xdb, 0x00, },
		{ 0x5f, 0xed, 0xed, 0x21, 0xd1, 0x00, 0xf5, 0x44, 0x26, 0xe6, 0xcf, 0x00, 0xf5, 0x15, 0xe9, 0x09, 0x00, 0xcf, 0xff, 0x00, 0xf2, 0x00, 0xda, 0x00, },
		{ 0x5f, 0xed, 0xed, 0x21, 0xd1, 0x00, 0xf5, 0x44, 0x26, 0xe6, 0xcf, 0x00, 0xf5, 0x15, 0xe9, 0x09, 0x00, 0xcf, 0xff, 0x00, 0xf2, 0x00, 0xda, 0x00, },
		{ 0x5f, 0xed, 0xed, 0x21, 0xd0, 0x00, 0xf5, 0x44, 0x26, 0xe6, 0xce, 0x00, 0xf5, 0x15, 0xe9, 0x09, 0x00, 0xce, 0xff, 0x00, 0xf2, 0x00, 0xd9, 0x00, },
		{ 0x5f, 0xed, 0xec, 0x21, 0xd0, 0x00, 0xf5, 0x44, 0x26, 0xe5, 0xce, 0x00, 0xf5, 0x15, 0xe8, 0x09, 0x00, 0xce, 0xff, 0x00, 0xf1, 0x00, 0xd9, 0x00, },
		{ 0x5f, 0xed, 0xec, 0x21, 0xcf, 0x00, 0xf5, 0x44, 0x26, 0xe5, 0xcd, 0x00, 0xf5, 0x15, 0xe8, 0x09, 0x00, 0xcd, 0xff, 0x00, 0xf1, 0x00, 0xd8, 0x00, },
		{ 0x5f, 0xed, 0xec, 0x21, 0xcf, 0x00, 0xf5, 0x44, 0x26, 0xe5, 0xcd, 0x00, 0xf5, 0x15, 0xe8, 0x09, 0x00, 0xcd, 0xff, 0x00, 0xf1, 0x00, 0xd8, 0x00, },
		{ 0x5f, 0xed, 0xec, 0x21, 0xce, 0x00, 0xf5, 0x44, 0x26, 0xe5, 0xcc, 0x00, 0xf5, 0x15, 0xe8, 0x09, 0x00, 0xcc, 0xff, 0x00, 0xf1, 0x00, 0xd7, 0x00, },
		{ 0x5f, 0xed, 0xec, 0x21, 0xce, 0x00, 0xf5, 0x44, 0x26, 0xe5, 0xcc, 0x00, 0xf5, 0x15, 0xe8, 0x09, 0x00, 0xcc, 0xff, 0x00, 0xf1, 0x00, 0xd7, 0x00, },
		{ 0x5f, 0xed, 0xec, 0x21, 0xcd, 0x00, 0xf5, 0x44, 0x26, 0xe5, 0xcb, 0x00, 0xf5, 0x15, 0xe8, 0x09, 0x00, 0xcb, 0xff, 0x00, 0xf1, 0x00, 0xd6, 0x00, },
		{ 0x5f, 0xed, 0xeb, 0x20, 0xcc, 0x00, 0xf5, 0x44, 0x26, 0xe4, 0xca, 0x00, 0xf5, 0x15, 0xe7, 0x09, 0x00, 0xca, 0xff, 0x00, 0xf0, 0x00, 0xd5, 0x00, },
		{ 0x5f, 0xed, 0xeb, 0x20, 0xcc, 0x00, 0xf5, 0x44, 0x26, 0xe4, 0xca, 0x00, 0xf5, 0x15, 0xe7, 0x09, 0x00, 0xca, 0xff, 0x00, 0xf0, 0x00, 0xd5, 0x00, },
		{ 0x5f, 0xed, 0xeb, 0x20, 0xcb, 0x00, 0xf5, 0x44, 0x26, 0xe4, 0xca, 0x00, 0xf5, 0x15, 0xe7, 0x09, 0x00, 0xca, 0xff, 0x00, 0xf0, 0x00, 0xd4, 0x00, },
		{ 0x5f, 0xed, 0xeb, 0x20, 0xcb, 0x00, 0xf5, 0x44, 0x26, 0xe4, 0xca, 0x00, 0xf5, 0x15, 0xe7, 0x09, 0x00, 0xca, 0xff, 0x00, 0xf0, 0x00, 0xd4, 0x00, },
		{ 0x5f, 0xed, 0xeb, 0x20, 0xca, 0x00, 0xf5, 0x44, 0x26, 0xe4, 0xc9, 0x00, 0xf5, 0x15, 0xe7, 0x09, 0x00, 0xc9, 0xff, 0x00, 0xf0, 0x00, 0xd3, 0x00, },
		{ 0x5f, 0xed, 0xeb, 0x20, 0xca, 0x00, 0xf5, 0x44, 0x26, 0xe4, 0xc9, 0x00, 0xf5, 0x15, 0xe7, 0x09, 0x00, 0xc9, 0xff, 0x00, 0xf0, 0x00, 0xd3, 0x00, },
		{ 0x5f, 0xed, 0xea, 0x20, 0xc9, 0x00, 0xf5, 0x44, 0x26, 0xe3, 0xc8, 0x00, 0xf5, 0x15, 0xe6, 0x09, 0x00, 0xc8, 0xff, 0x00, 0xef, 0x00, 0xd2, 0x00, },
		{ 0x5f, 0xed, 0xea, 0x20, 0xc9, 0x00, 0xf5, 0x44, 0x26, 0xe3, 0xc8, 0x00, 0xf5, 0x15, 0xe6, 0x09, 0x00, 0xc8, 0xff, 0x00, 0xef, 0x00, 0xd2, 0x00, },
		{ 0x5f, 0xed, 0xea, 0x20, 0xc8, 0x00, 0xf5, 0x44, 0x26, 0xe3, 0xc7, 0x00, 0xf5, 0x15, 0xe6, 0x09, 0x00, 0xc7, 0xff, 0x00, 0xef, 0x00, 0xd1, 0x00, },
		{ 0x5f, 0xed, 0xea, 0x20, 0xc7, 0x00, 0xf5, 0x44, 0x26, 0xe3, 0xc6, 0x00, 0xf5, 0x15, 0xe6, 0x09, 0x00, 0xc6, 0xff, 0x00, 0xef, 0x00, 0xd0, 0x00, },
		{ 0x5f, 0xed, 0xe9, 0x20, 0xc7, 0x00, 0xf5, 0x44, 0x26, 0xe2, 0xc6, 0x00, 0xf5, 0x15, 0xe5, 0x09, 0x00, 0xc6, 0xff, 0x00, 0xee, 0x00, 0xd0, 0x00, },
		{ 0x5f, 0xed, 0xe9, 0x20, 0xc6, 0x00, 0xf5, 0x44, 0x26, 0xe2, 0xc5, 0x00, 0xf5, 0x15, 0xe5, 0x09, 0x00, 0xc5, 0xff, 0x00, 0xee, 0x00, 0xcf, 0x00, },
		{ 0x5f, 0xed, 0xe9, 0x20, 0xc5, 0x00, 0xf5, 0x44, 0x26, 0xe2, 0xc4, 0x00, 0xf5, 0x15, 0xe5, 0x09, 0x00, 0xc4, 0xff, 0x00, 0xee, 0x00, 0xce, 0x00, },
		{ 0x5f, 0xed, 0xe9, 0x20, 0xc4, 0x00, 0xf5, 0x44, 0x26, 0xe2, 0xc3, 0x00, 0xf5, 0x15, 0xe5, 0x09, 0x00, 0xc3, 0xff, 0x00, 0xee, 0x00, 0xcd, 0x00, },
		{ 0x5f, 0xed, 0xe8, 0x20, 0xc4, 0x00, 0xf5, 0x44, 0x26, 0xe1, 0xc3, 0x00, 0xf5, 0x15, 0xe4, 0x09, 0x00, 0xc3, 0xff, 0x00, 0xed, 0x00, 0xcd, 0x00, },
		{ 0x5f, 0xed, 0xe8, 0x20, 0xc4, 0x00, 0xf5, 0x44, 0x26, 0xe1, 0xc2, 0x00, 0xf5, 0x15, 0xe4, 0x09, 0x00, 0xc2, 0xff, 0x00, 0xed, 0x00, 0xcc, 0x00, },
		{ 0x5f, 0xed, 0xe8, 0x20, 0xc3, 0x00, 0xf5, 0x44, 0x26, 0xe1, 0xc1, 0x00, 0xf5, 0x15, 0xe4, 0x09, 0x00, 0xc1, 0xff, 0x00, 0xed, 0x00, 0xcb, 0x00, },
		{ 0x5f, 0xed, 0xe8, 0x20, 0xc3, 0x00, 0xf5, 0x44, 0x26, 0xe1, 0xc1, 0x00, 0xf5, 0x15, 0xe4, 0x09, 0x00, 0xc1, 0xff, 0x00, 0xed, 0x00, 0xcb, 0x00, },
		{ 0x5f, 0xed, 0xe7, 0x20, 0xc2, 0x00, 0xf5, 0x44, 0x25, 0xe0, 0xc0, 0x00, 0xf5, 0x15, 0xe3, 0x09, 0x00, 0xc0, 0xff, 0x00, 0xec, 0x00, 0xca, 0x00, },
		{ 0x5f, 0xed, 0xe7, 0x20, 0xc1, 0x00, 0xf5, 0x44, 0x25, 0xe0, 0xbf, 0x00, 0xf5, 0x15, 0xe3, 0x09, 0x00, 0xbf, 0xff, 0x00, 0xec, 0x00, 0xc9, 0x00, },
		{ 0x5f, 0xed, 0xe7, 0x20, 0xc0, 0x00, 0xf5, 0x44, 0x25, 0xe0, 0xbe, 0x00, 0xf5, 0x15, 0xe3, 0x09, 0x00, 0xbe, 0xff, 0x00, 0xec, 0x00, 0xc8, 0x00, },
		{ 0x5f, 0xed, 0xe6, 0x20, 0xc0, 0x00, 0xf5, 0x44, 0x25, 0xdf, 0xbe, 0x00, 0xf5, 0x15, 0xe2, 0x09, 0x00, 0xbe, 0xff, 0x00, 0xeb, 0x00, 0xc8, 0x00, },
		{ 0x5f, 0xed, 0xe6, 0x20, 0xbf, 0x00, 0xf5, 0x44, 0x25, 0xdf, 0xcd, 0x00, 0xf5, 0x15, 0xe2, 0x09, 0x00, 0xbd, 0xff, 0x00, 0xeb, 0x00, 0xc7, 0x00, },
		{ 0x5f, 0xed, 0xe6, 0x20, 0xbe, 0x00, 0xf5, 0x44, 0x25, 0xdf, 0xbc, 0x00, 0xf5, 0x15, 0xe2, 0x09, 0x00, 0xbc, 0xff, 0x00, 0xeb, 0x00, 0xc6, 0x00, },
		{ 0x5f, 0xed, 0xe6, 0x20, 0xbd, 0x00, 0xf5, 0x44, 0x25, 0xdf, 0xbb, 0x00, 0xf5, 0x15, 0xe2, 0x09, 0x00, 0xbb, 0xff, 0x00, 0xeb, 0x00, 0xc5, 0x00, },
		{ 0x5f, 0xed, 0xe5, 0x20, 0xbd, 0x00, 0xf5, 0x44, 0x25, 0xde, 0xbb, 0x00, 0xf5, 0x15, 0xe1, 0x09, 0x00, 0xbb, 0xff, 0x00, 0xea, 0x00, 0xc5, 0x00, },
		{ 0x5f, 0xed, 0xe5, 0x20, 0xbc, 0x00, 0xf5, 0x44, 0x25, 0xde, 0xba, 0x00, 0xf5, 0x15, 0xe1, 0x09, 0x00, 0xba, 0xff, 0x00, 0xea, 0x00, 0xc4, 0x00, },
		{ 0x5f, 0xed, 0xe5, 0x20, 0xbb, 0x00, 0xf5, 0x44, 0x25, 0xde, 0xb9, 0x00, 0xf5, 0x15, 0xe1, 0x09, 0x00, 0xb9, 0xff, 0x00, 0xea, 0x00, 0xc3, 0x00, },
		{ 0x5f, 0xed, 0xe4, 0x1f, 0xba, 0x00, 0xf5, 0x44, 0x25, 0xde, 0xb8, 0x00, 0xf5, 0x15, 0xe0, 0x09, 0x00, 0xb8, 0xff, 0x00, 0xe9, 0x00, 0xc2, 0x00, },
		{ 0x5f, 0xed, 0xe4, 0x1f, 0xb9, 0x00, 0xf5, 0x44, 0x25, 0xde, 0xb7, 0x00, 0xf5, 0x15, 0xe0, 0x09, 0x00, 0xb7, 0xff, 0x00, 0xe9, 0x00, 0xc1, 0x00, },
		{ 0x5f, 0xed, 0xe4, 0x1f, 0xb8, 0x00, 0xf5, 0x44, 0x25, 0xde, 0xb6, 0x00, 0xf5, 0x15, 0xe0, 0x09, 0x00, 0xb6, 0xff, 0x00, 0xe9, 0x00, 0xc0, 0x00, },
		{ 0x5f, 0xed, 0xe3, 0x1f, 0xb8, 0x00, 0xf5, 0x44, 0x25, 0xdd, 0xb6, 0x00, 0xf5, 0x15, 0xdf, 0x09, 0x00, 0xb6, 0xff, 0x00, 0xe8, 0x00, 0xc0, 0x00, },
		{ 0x5f, 0xed, 0xe3, 0x1f, 0xb7, 0x00, 0xf5, 0x44, 0x25, 0xdd, 0xb6, 0x00, 0xf5, 0x15, 0xdf, 0x09, 0x00, 0xb6, 0xff, 0x00, 0xe8, 0x00, 0xbf, 0x00, },
		{ 0x5f, 0xed, 0xe3, 0x1f, 0xb6, 0x00, 0xf5, 0x44, 0x25, 0xdd, 0xb5, 0x00, 0xf5, 0x15, 0xdf, 0x09, 0x00, 0xb5, 0xff, 0x00, 0xe8, 0x00, 0xbe, 0x00, },
		{ 0x5f, 0xed, 0xe2, 0x1f, 0xb5, 0x00, 0xf5, 0x44, 0x25, 0xdc, 0xb4, 0x00, 0xf5, 0x15, 0xde, 0x09, 0x00, 0xbf, 0xff, 0x00, 0xe7, 0x00, 0xbd, 0x00, },
		{ 0x5f, 0xed, 0xe2, 0x1f, 0xb4, 0x00, 0xf5, 0x44, 0x25, 0xdc, 0xb3, 0x00, 0xf5, 0x15, 0xde, 0x09, 0x00, 0xb3, 0xff, 0x00, 0xe7, 0x00, 0xbc, 0x00, },
		{ 0x5f, 0xed, 0xe2, 0x1f, 0xb3, 0x00, 0xf5, 0x44, 0x25, 0xdc, 0xb2, 0x00, 0xf5, 0x15, 0xde, 0x09, 0x00, 0xb2, 0xff, 0x00, 0xe7, 0x00, 0xbb, 0x00, },
		{ 0x5f, 0xed, 0xe1, 0x1f, 0xb2, 0x00, 0xf5, 0x44, 0x24, 0xdb, 0xb1, 0x00, 0xf5, 0x15, 0xdd, 0x09, 0x00, 0xb1, 0xff, 0x00, 0xe6, 0x00, 0xba, 0x00, },
		{ 0x5f, 0xed, 0xe1, 0x1f, 0xb1, 0x00, 0xf5, 0x44, 0x24, 0xdb, 0xb0, 0x00, 0xf5, 0x15, 0xdd, 0x09, 0x00, 0xb0, 0xff, 0x00, 0xe6, 0x00, 0xb9, 0x00, },
		{ 0x5f, 0xed, 0xe1, 0x1f, 0xb0, 0x00, 0xf5, 0x44, 0x24, 0xdb, 0xaf, 0x00, 0xf5, 0x15, 0xdd, 0x08, 0x00, 0xaf, 0xff, 0x00, 0xe6, 0x00, 0xb8, 0x00, },
		{ 0x5f, 0xed, 0xe0, 0x1f, 0xb0, 0x00, 0xf5, 0x44, 0x24, 0xda, 0xaf, 0x00, 0xf5, 0x15, 0xdc, 0x08, 0x00, 0xaf, 0xff, 0x00, 0xe5, 0x00, 0xb8, 0x00, },
		{ 0x5f, 0xed, 0xe0, 0x1f, 0xaf, 0x00, 0xf5, 0x44, 0x24, 0xda, 0xae, 0x00, 0xf5, 0x15, 0xdc, 0x08, 0x00, 0xae, 0xff, 0x00, 0xe5, 0x00, 0xb7, 0x00, },
		{ 0x5f, 0xed, 0xe0, 0x1f, 0xae, 0x00, 0xf5, 0x44, 0x24, 0xda, 0xad, 0x00, 0xf5, 0x15, 0xdc, 0x08, 0x00, 0xad, 0xff, 0x00, 0xe5, 0x00, 0xb6, 0x00, },
		{ 0x5f, 0xed, 0xdf, 0x1f, 0xad, 0x00, 0xf5, 0x44, 0x24, 0xd9, 0xac, 0x00, 0xf5, 0x15, 0xdb, 0x08, 0x00, 0xac, 0xff, 0x00, 0xe4, 0x00, 0xb5, 0x00, },
		{ 0x5f, 0xed, 0xdf, 0x1f, 0xac, 0x00, 0xf5, 0x44, 0x24, 0xd9, 0xab, 0x00, 0xf5, 0x15, 0xdb, 0x08, 0x00, 0xab, 0xff, 0x00, 0xe4, 0x00, 0xb4, 0x00, },
	}
};

static unsigned char rainbow_b0_color_lens_table[COLOR_LENS_COLOR_MAX][COLOR_LENS_LEVEL_MAX][S6E3HAE_COLOR_LENS_LEN] = {
	//Blue
	{
		{ 0x00, 0xcc, 0xcc, 0x00, 0xff, 0x33, 0xcc, 0x00, 0x00, 0xcc, 0xff, 0x33, 0xcc, 0x00, 0xcc, 0x00, 0x33, 0xff, 0xcc, 0x00, 0xcc, 0x00, 0xff, 0x33 }, /* 20% */
		{ 0x00, 0xbf, 0xbf, 0x00, 0xff, 0x40, 0xbf, 0x00, 0x00, 0xbf, 0xff, 0x40, 0xbf, 0x00, 0xbf, 0x00, 0x40, 0xff, 0xbf, 0x00, 0xbf, 0x00, 0xff, 0x40 }, /* 25% */
		{ 0x00, 0xb2, 0xb2, 0x00, 0xff, 0x4d, 0xb2, 0x00, 0x00, 0xb2, 0xff, 0x4d, 0xb2, 0x00, 0xb2, 0x00, 0x4d, 0xff, 0xb2, 0x00, 0xb2, 0x00, 0xff, 0x4d }, /* 30% */
		{ 0x00, 0xa6, 0xa6, 0x00, 0xff, 0x59, 0xa6, 0x00, 0x00, 0xa6, 0xff, 0x59, 0xa6, 0x00, 0xa6, 0x00, 0x59, 0xff, 0xa6, 0x00, 0xa6, 0x00, 0xff, 0x59 }, /* 35% */
		{ 0x00, 0x99, 0x99, 0x00, 0xff, 0x66, 0x99, 0x00, 0x00, 0x99, 0xff, 0x66, 0x99, 0x00, 0x99, 0x00, 0x66, 0xff, 0x99, 0x00, 0x99, 0x00, 0xff, 0x66 }, /* 40% */
		{ 0x00, 0x8c, 0x8c, 0x00, 0xff, 0x73, 0x8c, 0x00, 0x00, 0x8c, 0xff, 0x73, 0x8c, 0x00, 0x8c, 0x00, 0x73, 0xff, 0x8c, 0x00, 0x8c, 0x00, 0xff, 0x73 }, /* 45% */
		{ 0x00, 0x7f, 0x7f, 0x00, 0xff, 0x80, 0x7f, 0x00, 0x00, 0x7f, 0xff, 0x80, 0x7f, 0x00, 0x7f, 0x00, 0x80, 0xff, 0x7f, 0x00, 0x7f, 0x00, 0xff, 0x80 }, /* 50% */
		{ 0x00, 0x73, 0x73, 0x00, 0xff, 0x8c, 0x73, 0x00, 0x00, 0x73, 0xff, 0x8c, 0x73, 0x00, 0x73, 0x00, 0x8c, 0xff, 0x73, 0x00, 0x73, 0x00, 0xff, 0x8c }, /* 55% */
		{ 0x00, 0x66, 0x66, 0x00, 0xff, 0x99, 0x66, 0x00, 0x00, 0x66, 0xff, 0x99, 0x66, 0x00, 0x66, 0x00, 0x99, 0xff, 0x66, 0x00, 0x66, 0x00, 0xff, 0x99 }, /* 60% */
	},
	//Azure
	{
		{ 0x00, 0xcc, 0xe5, 0x19, 0xff, 0x33, 0xcc, 0x00, 0x19, 0xe5, 0xff, 0x33, 0xcc, 0x00, 0xe5, 0x19, 0x33, 0xff, 0xcc, 0x00, 0xe5, 0x19, 0xff, 0x33 }, /* 20% */
		{ 0x00, 0xbf, 0xdf, 0x20, 0xff, 0x40, 0xbf, 0x00, 0x20, 0xdf, 0xff, 0x40, 0xbf, 0x00, 0xdf, 0x20, 0x40, 0xff, 0xbf, 0x00, 0xdf, 0x20, 0xff, 0x40 }, /* 25% */
		{ 0x00, 0xb2, 0xd8, 0x26, 0xff, 0x4d, 0xb2, 0x00, 0x26, 0xd8, 0xff, 0x4d, 0xb2, 0x00, 0xd8, 0x26, 0x4d, 0xff, 0xb2, 0x00, 0xd8, 0x26, 0xff, 0x4d }, /* 30% */
		{ 0x00, 0xa6, 0xd2, 0x2c, 0xff, 0x59, 0xa6, 0x00, 0x2c, 0xd2, 0xff, 0x59, 0xa6, 0x00, 0xd2, 0x2c, 0x59, 0xff, 0xa6, 0x00, 0xd2, 0x2c, 0xff, 0x59 }, /* 35% */
		{ 0x00, 0x99, 0xcc, 0x33, 0xff, 0x66, 0x99, 0x00, 0x33, 0xcc, 0xff, 0x66, 0x99, 0x00, 0xcc, 0x33, 0x66, 0xff, 0x99, 0x00, 0xcc, 0x33, 0xff, 0x66 }, /* 40% */
		{ 0x00, 0x8c, 0xc5, 0x39, 0xff, 0x73, 0x8c, 0x00, 0x39, 0xc5, 0xff, 0x73, 0x8c, 0x00, 0xc5, 0x39, 0x73, 0xff, 0x8c, 0x00, 0xc5, 0x39, 0xff, 0x73 }, /* 45% */
		{ 0x00, 0x7f, 0xbf, 0x40, 0xff, 0x80, 0x7f, 0x00, 0x40, 0xbf, 0xff, 0x80, 0x7f, 0x00, 0xbf, 0x40, 0x80, 0xff, 0x7f, 0x00, 0xbf, 0x40, 0xff, 0x80 }, /* 50% */
		{ 0x00, 0x73, 0xb9, 0x46, 0xff, 0x8c, 0x73, 0x00, 0x46, 0xb9, 0xff, 0x8c, 0x73, 0x00, 0xb9, 0x46, 0x8c, 0xff, 0x73, 0x00, 0xb9, 0x46, 0xff, 0x8c }, /* 55% */
		{ 0x00, 0x66, 0xb2, 0x4c, 0xff, 0x99, 0x66, 0x00, 0x4c, 0xb2, 0xff, 0x99, 0x66, 0x00, 0xb2, 0x4c, 0x99, 0xff, 0x66, 0x00, 0xb2, 0x4c, 0xff, 0x99 }, /* 60% */
	},
	//Cyan
	{
		{ 0x00, 0xcc, 0xff, 0x33, 0xff, 0x33, 0xcc, 0x00, 0x33, 0xff, 0xff, 0x33, 0xcc, 0x00, 0xff, 0x33, 0x33, 0xff, 0xcc, 0x00, 0xff, 0x33, 0xff, 0x33 }, /* 20% */
		{ 0x00, 0xbf, 0xff, 0x40, 0xff, 0x40, 0xbf, 0x00, 0x40, 0xff, 0xff, 0x40, 0xbf, 0x00, 0xff, 0x40, 0x40, 0xff, 0xbf, 0x00, 0xff, 0x40, 0xff, 0x40 }, /* 25% */
		{ 0x00, 0xb2, 0xff, 0x4d, 0xff, 0x4d, 0xb2, 0x00, 0x4d, 0xff, 0xff, 0x4d, 0xb2, 0x00, 0xff, 0x4d, 0x4d, 0xff, 0xb2, 0x00, 0xff, 0x4d, 0xff, 0x4d }, /* 30% */
		{ 0x00, 0xa6, 0xff, 0x59, 0xff, 0x59, 0xa6, 0x00, 0x59, 0xff, 0xff, 0x59, 0xa6, 0x00, 0xff, 0x59, 0x59, 0xff, 0xa6, 0x00, 0xff, 0x59, 0xff, 0x59 }, /* 35% */
		{ 0x00, 0x99, 0xff, 0x66, 0xff, 0x66, 0x99, 0x00, 0x66, 0xff, 0xff, 0x66, 0x99, 0x00, 0xff, 0x66, 0x66, 0xff, 0x99, 0x00, 0xff, 0x66, 0xff, 0x66 }, /* 40% */
		{ 0x00, 0x8c, 0xff, 0x73, 0xff, 0x73, 0x8c, 0x00, 0x73, 0xff, 0xff, 0x73, 0x8c, 0x00, 0xff, 0x73, 0x73, 0xff, 0x8c, 0x00, 0xff, 0x73, 0xff, 0x73 }, /* 45% */
		{ 0x00, 0x7f, 0xff, 0x80, 0xff, 0x80, 0x7f, 0x00, 0x80, 0xff, 0xff, 0x80, 0x7f, 0x00, 0xff, 0x80, 0x80, 0xff, 0x7f, 0x00, 0xff, 0x80, 0xff, 0x80 }, /* 50% */
		{ 0x00, 0x73, 0xff, 0x8c, 0xff, 0x8c, 0x73, 0x00, 0x8c, 0xff, 0xff, 0x8c, 0x73, 0x00, 0xff, 0x8c, 0x8c, 0xff, 0x73, 0x00, 0xff, 0x8c, 0xff, 0x8c }, /* 55% */
		{ 0x00, 0x66, 0xff, 0x99, 0xff, 0x99, 0x66, 0x00, 0x99, 0xff, 0xff, 0x99, 0x66, 0x00, 0xff, 0x99, 0x99, 0xff, 0x66, 0x00, 0xff, 0x99, 0xff, 0x99 }, /* 60% */
	},
	//Spring green
	{
		{ 0x00, 0xcc, 0xff, 0x33, 0xe5, 0x19, 0xcc, 0x00, 0x33, 0xff, 0xe5, 0x19, 0xcc, 0x00, 0xff, 0x33, 0x19, 0xe5, 0xcc, 0x00, 0xff, 0x33, 0xe5, 0x19 }, /* 20% */
		{ 0x00, 0xbf, 0xff, 0x40, 0xdf, 0x20, 0xbf, 0x00, 0x40, 0xff, 0xdf, 0x20, 0xbf, 0x00, 0xff, 0x40, 0x20, 0xdf, 0xbf, 0x00, 0xff, 0x40, 0xdf, 0x20 }, /* 25% */
		{ 0x00, 0xb2, 0xff, 0x4d, 0xd8, 0x26, 0xb2, 0x00, 0x4d, 0xff, 0xd8, 0x26, 0xb2, 0x00, 0xff, 0x4d, 0x26, 0xd8, 0xb2, 0x00, 0xff, 0x4d, 0xd8, 0x26 }, /* 30% */
		{ 0x00, 0xa6, 0xff, 0x59, 0xd2, 0x2c, 0xa6, 0x00, 0x59, 0xff, 0xd2, 0x2c, 0xa6, 0x00, 0xff, 0x59, 0x2c, 0xd2, 0xa6, 0x00, 0xff, 0x59, 0xd2, 0x2c }, /* 35% */
		{ 0x00, 0x99, 0xff, 0x66, 0xcc, 0x33, 0x99, 0x00, 0x66, 0xff, 0xcc, 0x33, 0x99, 0x00, 0xff, 0x66, 0x33, 0xcc, 0x99, 0x00, 0xff, 0x66, 0xcc, 0x33 }, /* 40% */
		{ 0x00, 0x8c, 0xff, 0x73, 0xc5, 0x39, 0x8c, 0x00, 0x73, 0xff, 0xc5, 0x39, 0x8c, 0x00, 0xff, 0x73, 0x39, 0xc5, 0x8c, 0x00, 0xff, 0x73, 0xc5, 0x39 }, /* 45% */
		{ 0x00, 0x7f, 0xff, 0x80, 0xbf, 0x40, 0x7f, 0x00, 0x80, 0xff, 0xbf, 0x40, 0x7f, 0x00, 0xff, 0x80, 0x40, 0xbf, 0x7f, 0x00, 0xff, 0x80, 0xbf, 0x40 }, /* 50% */
		{ 0x00, 0x73, 0xff, 0x8c, 0xb9, 0x46, 0x73, 0x00, 0x8c, 0xff, 0xb9, 0x46, 0x73, 0x00, 0xff, 0x8c, 0x46, 0xb9, 0x73, 0x00, 0xff, 0x8c, 0xb9, 0x46 }, /* 55% */
		{ 0x00, 0x66, 0xff, 0x99, 0xb2, 0x4c, 0x66, 0x00, 0x99, 0xff, 0xb2, 0x4c, 0x66, 0x00, 0xff, 0x99, 0x4c, 0xb2, 0x66, 0x00, 0xff, 0x99, 0xb2, 0x4c }, /* 60% */
	},
	//Green
	{
		{ 0x00, 0xcc, 0xff, 0x33, 0xcc, 0x00, 0xcc, 0x00, 0x33, 0xff, 0xcc, 0x00, 0xcc, 0x00, 0xff, 0x33, 0x00, 0xcc, 0xcc, 0x00, 0xff, 0x33, 0xcc, 0x00 }, /* 20% */
		{ 0x00, 0xbf, 0xff, 0x40, 0xbf, 0x00, 0xbf, 0x00, 0x40, 0xff, 0xbf, 0x00, 0xbf, 0x00, 0xff, 0x40, 0x00, 0xbf, 0xbf, 0x00, 0xff, 0x40, 0xbf, 0x00 }, /* 25% */
		{ 0x00, 0xb2, 0xff, 0x4d, 0xb2, 0x00, 0xb2, 0x00, 0x4d, 0xff, 0xb2, 0x00, 0xb2, 0x00, 0xff, 0x4d, 0x00, 0xb2, 0xb2, 0x00, 0xff, 0x4d, 0xb2, 0x00 }, /* 30% */
		{ 0x00, 0xa6, 0xff, 0x59, 0xa6, 0x00, 0xa6, 0x00, 0x59, 0xff, 0xa6, 0x00, 0xa6, 0x00, 0xff, 0x59, 0x00, 0xa6, 0xa6, 0x00, 0xff, 0x59, 0xa6, 0x00 }, /* 35% */
		{ 0x00, 0x99, 0xff, 0x66, 0x99, 0x00, 0x99, 0x00, 0x66, 0xff, 0x99, 0x00, 0x99, 0x00, 0xff, 0x66, 0x00, 0x99, 0x99, 0x00, 0xff, 0x66, 0x99, 0x00 }, /* 40% */
		{ 0x00, 0x8c, 0xff, 0x73, 0x8c, 0x00, 0x8c, 0x00, 0x73, 0xff, 0x8c, 0x00, 0x8c, 0x00, 0xff, 0x73, 0x00, 0x8c, 0x8c, 0x00, 0xff, 0x73, 0x8c, 0x00 }, /* 45% */
		{ 0x00, 0x7f, 0xff, 0x80, 0x7f, 0x00, 0x7f, 0x00, 0x80, 0xff, 0x7f, 0x00, 0x7f, 0x00, 0xff, 0x80, 0x00, 0x7f, 0x7f, 0x00, 0xff, 0x80, 0x7f, 0x00 }, /* 50% */
		{ 0x00, 0x73, 0xff, 0x8c, 0x73, 0x00, 0x73, 0x00, 0x8c, 0xff, 0x73, 0x00, 0x73, 0x00, 0xff, 0x8c, 0x00, 0x73, 0x73, 0x00, 0xff, 0x8c, 0x73, 0x00 }, /* 55% */
		{ 0x00, 0x66, 0xff, 0x99, 0x66, 0x00, 0x66, 0x00, 0x99, 0xff, 0x66, 0x00, 0x66, 0x00, 0xff, 0x99, 0x00, 0x66, 0x66, 0x00, 0xff, 0x99, 0x66, 0x00 }, /* 60% */
	},
	//Chartreuse Green
	{
		{ 0x19, 0xe5, 0xff, 0x33, 0xcc, 0x00, 0xe5, 0x19, 0x33, 0xff, 0xcc, 0x00, 0xe5, 0x19, 0xff, 0x33, 0x00, 0xcc, 0xe5, 0x19, 0xff, 0x33, 0xcc, 0x00 }, /* 20% */
		{ 0x20, 0xdf, 0xff, 0x40, 0xbf, 0x00, 0xdf, 0x20, 0x40, 0xff, 0xbf, 0x00, 0xdf, 0x20, 0xff, 0x40, 0x00, 0xbf, 0xdf, 0x20, 0xff, 0x40, 0xbf, 0x00 }, /* 25% */
		{ 0x26, 0xd8, 0xff, 0x4d, 0xb2, 0x00, 0xd8, 0x26, 0x4d, 0xff, 0xb2, 0x00, 0xd8, 0x26, 0xff, 0x4d, 0x00, 0xb2, 0xd8, 0x26, 0xff, 0x4d, 0xb2, 0x00 }, /* 30% */
		{ 0x2c, 0xd2, 0xff, 0x59, 0xa6, 0x00, 0xd2, 0x2c, 0x59, 0xff, 0xa6, 0x00, 0xd2, 0x2c, 0xff, 0x59, 0x00, 0xa6, 0xd2, 0x2c, 0xff, 0x59, 0xa6, 0x00 }, /* 35% */
		{ 0x33, 0xcc, 0xff, 0x66, 0x99, 0x00, 0xcc, 0x33, 0x66, 0xff, 0x99, 0x00, 0xcc, 0x33, 0xff, 0x66, 0x00, 0x99, 0xcc, 0x33, 0xff, 0x66, 0x99, 0x00 }, /* 40% */
		{ 0x39, 0xc5, 0xff, 0x73, 0x8c, 0x00, 0xc5, 0x39, 0x73, 0xff, 0x8c, 0x00, 0xc5, 0x39, 0xff, 0x73, 0x00, 0x8c, 0xc5, 0x39, 0xff, 0x73, 0x8c, 0x00 }, /* 45% */
		{ 0x40, 0xbf, 0xff, 0x80, 0x7f, 0x00, 0xbf, 0x40, 0x80, 0xff, 0x7f, 0x00, 0xbf, 0x40, 0xff, 0x80, 0x00, 0x7f, 0xbf, 0x40, 0xff, 0x80, 0x7f, 0x00 }, /* 50% */
		{ 0x46, 0xb9, 0xff, 0x8c, 0x73, 0x00, 0xb9, 0x46, 0x8c, 0xff, 0x73, 0x00, 0xb9, 0x46, 0xff, 0x8c, 0x00, 0x73, 0xb9, 0x46, 0xff, 0x8c, 0x73, 0x00 }, /* 55% */
		{ 0x4c, 0xb2, 0xff, 0x99, 0x66, 0x00, 0xb2, 0x4c, 0x99, 0xff, 0x66, 0x00, 0xb2, 0x4c, 0xff, 0x99, 0x00, 0x66, 0xb2, 0x4c, 0xff, 0x99, 0x66, 0x00 }, /* 60% */
	},
	//Yellow
	{
		{ 0x33, 0xff, 0xff, 0x33, 0xcc, 0x00, 0xff, 0x33, 0x33, 0xff, 0xcc, 0x00, 0xff, 0x33, 0xff, 0x33, 0x00, 0xcc, 0xff, 0x33, 0xff, 0x33, 0xcc, 0x00 }, /* 20% */
		{ 0x40, 0xff, 0xff, 0x40, 0xbf, 0x00, 0xff, 0x40, 0x40, 0xff, 0xbf, 0x00, 0xff, 0x40, 0xff, 0x40, 0x00, 0xbf, 0xff, 0x40, 0xff, 0x40, 0xbf, 0x00 }, /* 25% */
		{ 0x4d, 0xff, 0xff, 0x4d, 0xb2, 0x00, 0xff, 0x4d, 0x4d, 0xff, 0xb2, 0x00, 0xff, 0x4d, 0xff, 0x4d, 0x00, 0xb2, 0xff, 0x4d, 0xff, 0x4d, 0xb2, 0x00 }, /* 30% */
		{ 0x59, 0xff, 0xff, 0x59, 0xa6, 0x00, 0xff, 0x59, 0x59, 0xff, 0xa6, 0x00, 0xff, 0x59, 0xff, 0x59, 0x00, 0xa6, 0xff, 0x59, 0xff, 0x59, 0xa6, 0x00 }, /* 35% */
		{ 0x66, 0xff, 0xff, 0x66, 0x99, 0x00, 0xff, 0x66, 0x66, 0xff, 0x99, 0x00, 0xff, 0x66, 0xff, 0x66, 0x00, 0x99, 0xff, 0x66, 0xff, 0x66, 0x99, 0x00 }, /* 40% */
		{ 0x73, 0xff, 0xff, 0x73, 0x8c, 0x00, 0xff, 0x73, 0x73, 0xff, 0x8c, 0x00, 0xff, 0x73, 0xff, 0x73, 0x00, 0x8c, 0xff, 0x73, 0xff, 0x73, 0x8c, 0x00 }, /* 45% */
		{ 0x80, 0xff, 0xff, 0x80, 0x7f, 0x00, 0xff, 0x80, 0x80, 0xff, 0x7f, 0x00, 0xff, 0x80, 0xff, 0x80, 0x00, 0x7f, 0xff, 0x80, 0xff, 0x80, 0x7f, 0x00 }, /* 50% */
		{ 0x8c, 0xff, 0xff, 0x8c, 0x73, 0x00, 0xff, 0x8c, 0x8c, 0xff, 0x73, 0x00, 0xff, 0x8c, 0xff, 0x8c, 0x00, 0x73, 0xff, 0x8c, 0xff, 0x8c, 0x73, 0x00 }, /* 55% */
		{ 0x99, 0xff, 0xff, 0x99, 0x66, 0x00, 0xff, 0x99, 0x99, 0xff, 0x66, 0x00, 0xff, 0x99, 0xff, 0x99, 0x00, 0x66, 0xff, 0x99, 0xff, 0x99, 0x66, 0x00 }, /* 60% */
	},
	//Orange
	{
		{ 0x33, 0xff, 0xe5, 0x19, 0xcc, 0x00, 0xff, 0x33, 0x19, 0xe5, 0xcc, 0x00, 0xff, 0x33, 0xe5, 0x19, 0x00, 0xcc, 0xff, 0x33, 0xe5, 0x19, 0xcc, 0x00 }, /* 20% */
		{ 0x40, 0xff, 0xdf, 0x20, 0xbf, 0x00, 0xff, 0x40, 0x20, 0xdf, 0xbf, 0x00, 0xff, 0x40, 0xdf, 0x20, 0x00, 0xbf, 0xff, 0x40, 0xdf, 0x20, 0xbf, 0x00 }, /* 25% */
		{ 0x4d, 0xff, 0xd8, 0x26, 0xb2, 0x00, 0xff, 0x4d, 0x26, 0xd8, 0xb2, 0x00, 0xff, 0x4d, 0xd8, 0x26, 0x00, 0xb2, 0xff, 0x4d, 0xd8, 0x26, 0xb2, 0x00 }, /* 30% */
		{ 0x59, 0xff, 0xd2, 0x2c, 0xa6, 0x00, 0xff, 0x59, 0x2c, 0xd2, 0xa6, 0x00, 0xff, 0x59, 0xd2, 0x2c, 0x00, 0xa6, 0xff, 0x59, 0xd2, 0x2c, 0xa6, 0x00 }, /* 35% */
		{ 0x66, 0xff, 0xcc, 0x33, 0x99, 0x00, 0xff, 0x66, 0x33, 0xcc, 0x99, 0x00, 0xff, 0x66, 0xcc, 0x33, 0x00, 0x99, 0xff, 0x66, 0xcc, 0x33, 0x99, 0x00 }, /* 40% */
		{ 0x73, 0xff, 0xc5, 0x39, 0x8c, 0x00, 0xff, 0x73, 0x39, 0xc5, 0x8c, 0x00, 0xff, 0x73, 0xc5, 0x39, 0x00, 0x8c, 0xff, 0x73, 0xc5, 0x39, 0x8c, 0x00 }, /* 45% */
		{ 0x80, 0xff, 0xbf, 0x40, 0x7f, 0x00, 0xff, 0x80, 0x40, 0xbf, 0x7f, 0x00, 0xff, 0x80, 0xbf, 0x40, 0x00, 0x7f, 0xff, 0x80, 0xbf, 0x40, 0x7f, 0x00 }, /* 50% */
		{ 0x8c, 0xff, 0xb9, 0x46, 0x73, 0x00, 0xff, 0x8c, 0x46, 0xb9, 0x73, 0x00, 0xff, 0x8c, 0xb9, 0x46, 0x00, 0x73, 0xff, 0x8c, 0xb9, 0x46, 0x73, 0x00 }, /* 55% */
		{ 0x99, 0xff, 0xb2, 0x4c, 0x66, 0x00, 0xff, 0x99, 0x4c, 0xb2, 0x66, 0x00, 0xff, 0x99, 0xb2, 0x4c, 0x00, 0x66, 0xff, 0x99, 0xb2, 0x4c, 0x66, 0x00 }, /* 60% */
	},
	//Red
	{
		{ 0x33, 0xff, 0xcc, 0x00, 0xcc, 0x00, 0xff, 0x33, 0x00, 0xcc, 0xcc, 0x00, 0xff, 0x33, 0xcc, 0x00, 0x00, 0xcc, 0xff, 0x33, 0xcc, 0x00, 0xcc, 0x00 }, /* 20% */
		{ 0x40, 0xff, 0xbf, 0x00, 0xbf, 0x00, 0xff, 0x40, 0x00, 0xbf, 0xbf, 0x00, 0xff, 0x40, 0xbf, 0x00, 0x00, 0xbf, 0xff, 0x40, 0xbf, 0x00, 0xbf, 0x00 }, /* 25% */
		{ 0x4d, 0xff, 0xb2, 0x00, 0xb2, 0x00, 0xff, 0x4d, 0x00, 0xb2, 0xb2, 0x00, 0xff, 0x4d, 0xb2, 0x00, 0x00, 0xb2, 0xff, 0x4d, 0xb2, 0x00, 0xb2, 0x00 }, /* 30% */
		{ 0x59, 0xff, 0xa6, 0x00, 0xa6, 0x00, 0xff, 0x59, 0x00, 0xa6, 0xa6, 0x00, 0xff, 0x59, 0xa6, 0x00, 0x00, 0xa6, 0xff, 0x59, 0xa6, 0x00, 0xa6, 0x00 }, /* 35% */
		{ 0x66, 0xff, 0x99, 0x00, 0x99, 0x00, 0xff, 0x66, 0x00, 0x99, 0x99, 0x00, 0xff, 0x66, 0x99, 0x00, 0x00, 0x99, 0xff, 0x66, 0x99, 0x00, 0x99, 0x00 }, /* 40% */
		{ 0x73, 0xff, 0x8c, 0x00, 0x8c, 0x00, 0xff, 0x73, 0x00, 0x8c, 0x8c, 0x00, 0xff, 0x73, 0x8c, 0x00, 0x00, 0x8c, 0xff, 0x73, 0x8c, 0x00, 0x8c, 0x00 }, /* 45% */
		{ 0x80, 0xff, 0x7f, 0x00, 0x7f, 0x00, 0xff, 0x80, 0x00, 0x7f, 0x7f, 0x00, 0xff, 0x80, 0x7f, 0x00, 0x00, 0x7f, 0xff, 0x80, 0x7f, 0x00, 0x7f, 0x00 }, /* 50% */
		{ 0x8c, 0xff, 0x73, 0x00, 0x73, 0x00, 0xff, 0x8c, 0x00, 0x73, 0x73, 0x00, 0xff, 0x8c, 0x73, 0x00, 0x00, 0x73, 0xff, 0x8c, 0x73, 0x00, 0x73, 0x00 }, /* 55% */
		{ 0x99, 0xff, 0x66, 0x00, 0x66, 0x00, 0xff, 0x99, 0x00, 0x66, 0x66, 0x00, 0xff, 0x99, 0x66, 0x00, 0x00, 0x66, 0xff, 0x99, 0x66, 0x00, 0x66, 0x00 }, /* 60% */
	},
	//Rose
	{
		{ 0x33, 0xff, 0xcc, 0x00, 0xe5, 0x19, 0xff, 0x33, 0x00, 0xcc, 0xe5, 0x19, 0xff, 0x33, 0xcc, 0x00, 0x19, 0xe5, 0xff, 0x33, 0xcc, 0x00, 0xe5, 0x19 }, /* 20% */
		{ 0x40, 0xff, 0xbf, 0x00, 0xdf, 0x20, 0xff, 0x40, 0x00, 0xbf, 0xdf, 0x20, 0xff, 0x40, 0xbf, 0x00, 0x20, 0xdf, 0xff, 0x40, 0xbf, 0x00, 0xdf, 0x20 }, /* 25% */
		{ 0x4d, 0xff, 0xb2, 0x00, 0xd8, 0x26, 0xff, 0x4d, 0x00, 0xb2, 0xd8, 0x26, 0xff, 0x4d, 0xb2, 0x00, 0x26, 0xd8, 0xff, 0x4d, 0xb2, 0x00, 0xd8, 0x26 }, /* 30% */
		{ 0x59, 0xff, 0xa6, 0x00, 0xd2, 0x2c, 0xff, 0x59, 0x00, 0xa6, 0xd2, 0x2c, 0xff, 0x59, 0xa6, 0x00, 0x2c, 0xd2, 0xff, 0x59, 0xa6, 0x00, 0xd2, 0x2c }, /* 35% */
		{ 0x66, 0xff, 0x99, 0x00, 0xcc, 0x33, 0xff, 0x66, 0x00, 0x99, 0xcc, 0x33, 0xff, 0x66, 0x99, 0x00, 0x33, 0xcc, 0xff, 0x66, 0x99, 0x00, 0xcc, 0x33 }, /* 40% */
		{ 0x73, 0xff, 0x8c, 0x00, 0xc5, 0x39, 0xff, 0x73, 0x00, 0x8c, 0xc5, 0x39, 0xff, 0x73, 0x8c, 0x00, 0x39, 0xc5, 0xff, 0x73, 0x8c, 0x00, 0xc5, 0x39 }, /* 45% */
		{ 0x80, 0xff, 0x7f, 0x00, 0xbf, 0x40, 0xff, 0x80, 0x00, 0x7f, 0xbf, 0x40, 0xff, 0x80, 0x7f, 0x00, 0x40, 0xbf, 0xff, 0x80, 0x7f, 0x00, 0xbf, 0x40 }, /* 50% */
		{ 0x8c, 0xff, 0x73, 0x00, 0xb9, 0x46, 0xff, 0x8c, 0x00, 0x73, 0xb9, 0x46, 0xff, 0x8c, 0x73, 0x00, 0x46, 0xb9, 0xff, 0x8c, 0x73, 0x00, 0xb9, 0x46 }, /* 55% */
		{ 0x99, 0xff, 0x66, 0x00, 0xb2, 0x4c, 0xff, 0x99, 0x00, 0x66, 0xb2, 0x4c, 0xff, 0x99, 0x66, 0x00, 0x4c, 0xb2, 0xff, 0x99, 0x66, 0x00, 0xb2, 0x4c }, /* 60% */
	},
	//Magenta
	{
		{ 0x33, 0xff, 0xcc, 0x00, 0xff, 0x33, 0xff, 0x33, 0x00, 0xcc, 0xff, 0x33, 0xff, 0x33, 0xcc, 0x00, 0x33, 0xff, 0xff, 0x33, 0xcc, 0x00, 0xff, 0x33 }, /* 20% */
		{ 0x40, 0xff, 0xbf, 0x00, 0xff, 0x40, 0xff, 0x40, 0x00, 0xbf, 0xff, 0x40, 0xff, 0x40, 0xbf, 0x00, 0x40, 0xff, 0xff, 0x40, 0xbf, 0x00, 0xff, 0x40 }, /* 25% */
		{ 0x4d, 0xff, 0xb2, 0x00, 0xff, 0x4d, 0xff, 0x4d, 0x00, 0xb2, 0xff, 0x4d, 0xff, 0x4d, 0xb2, 0x00, 0x4d, 0xff, 0xff, 0x4d, 0xb2, 0x00, 0xff, 0x4d }, /* 30% */
		{ 0x59, 0xff, 0xa6, 0x00, 0xff, 0x59, 0xff, 0x59, 0x00, 0xa6, 0xff, 0x59, 0xff, 0x59, 0xa6, 0x00, 0x59, 0xff, 0xff, 0x59, 0xa6, 0x00, 0xff, 0x59 }, /* 35% */
		{ 0x66, 0xff, 0x99, 0x00, 0xff, 0x66, 0xff, 0x66, 0x00, 0x99, 0xff, 0x66, 0xff, 0x66, 0x99, 0x00, 0x66, 0xff, 0xff, 0x66, 0x99, 0x00, 0xff, 0x66 }, /* 40% */
		{ 0x73, 0xff, 0x8c, 0x00, 0xff, 0x73, 0xff, 0x73, 0x00, 0x8c, 0xff, 0x73, 0xff, 0x73, 0x8c, 0x00, 0x73, 0xff, 0xff, 0x73, 0x8c, 0x00, 0xff, 0x73 }, /* 45% */
		{ 0x80, 0xff, 0x7f, 0x00, 0xff, 0x80, 0xff, 0x80, 0x00, 0x7f, 0xff, 0x80, 0xff, 0x80, 0x7f, 0x00, 0x80, 0xff, 0xff, 0x80, 0x7f, 0x00, 0xff, 0x80 }, /* 50% */
		{ 0x8c, 0xff, 0x73, 0x00, 0xff, 0x8c, 0xff, 0x8c, 0x00, 0x73, 0xff, 0x8c, 0xff, 0x8c, 0x73, 0x00, 0x8c, 0xff, 0xff, 0x8c, 0x73, 0x00, 0xff, 0x8c }, /* 55% */
		{ 0x99, 0xff, 0x66, 0x00, 0xff, 0x99, 0xff, 0x99, 0x00, 0x66, 0xff, 0x99, 0xff, 0x99, 0x66, 0x00, 0x99, 0xff, 0xff, 0x99, 0x66, 0x00, 0xff, 0x99 }, /* 60% */
	},
	//Violet
	{
		{ 0x19, 0xe5, 0xcc, 0x00, 0xff, 0x33, 0xe5, 0x19, 0x00, 0xcc, 0xff, 0x33, 0xe5, 0x19, 0xcc, 0x00, 0x33, 0xff, 0xe5, 0x19, 0xcc, 0x00, 0xff, 0x33 }, /* 20% */
		{ 0x20, 0xdf, 0xbf, 0x00, 0xff, 0x40, 0xdf, 0x20, 0x00, 0xbf, 0xff, 0x40, 0xdf, 0x20, 0xbf, 0x00, 0x40, 0xff, 0xdf, 0x20, 0xbf, 0x00, 0xff, 0x40 }, /* 25% */
		{ 0x26, 0xd8, 0xb2, 0x00, 0xff, 0x4d, 0xd8, 0x26, 0x00, 0xb2, 0xff, 0x4d, 0xd8, 0x26, 0xb2, 0x00, 0x4d, 0xff, 0xd8, 0x26, 0xb2, 0x00, 0xff, 0x4d }, /* 30% */
		{ 0x2c, 0xd2, 0xa6, 0x00, 0xff, 0x59, 0xd2, 0x2c, 0x00, 0xa6, 0xff, 0x59, 0xd2, 0x2c, 0xa6, 0x00, 0x59, 0xff, 0xd2, 0x2c, 0xa6, 0x00, 0xff, 0x59 }, /* 35% */
		{ 0x33, 0xcc, 0x99, 0x00, 0xff, 0x66, 0xcc, 0x33, 0x00, 0x99, 0xff, 0x66, 0xcc, 0x33, 0x99, 0x00, 0x66, 0xff, 0xcc, 0x33, 0x99, 0x00, 0xff, 0x66 }, /* 40% */
		{ 0x39, 0xc5, 0x8c, 0x00, 0xff, 0x73, 0xc5, 0x39, 0x00, 0x8c, 0xff, 0x73, 0xc5, 0x39, 0x8c, 0x00, 0x73, 0xff, 0xc5, 0x39, 0x8c, 0x00, 0xff, 0x73 }, /* 45% */
		{ 0x40, 0xbf, 0x7f, 0x00, 0xff, 0x80, 0xbf, 0x40, 0x00, 0x7f, 0xff, 0x80, 0xbf, 0x40, 0x7f, 0x00, 0x80, 0xff, 0xbf, 0x40, 0x7f, 0x00, 0xff, 0x80 }, /* 50% */
		{ 0x46, 0xb9, 0x73, 0x00, 0xff, 0x8c, 0xb9, 0x46, 0x00, 0x73, 0xff, 0x8c, 0xb9, 0x46, 0x73, 0x00, 0x8c, 0xff, 0xb9, 0x46, 0x73, 0x00, 0xff, 0x8c }, /* 55% */
		{ 0x4c, 0xb2, 0x66, 0x00, 0xff, 0x99, 0xb2, 0x4c, 0x00, 0x66, 0xff, 0x99, 0xb2, 0x4c, 0x66, 0x00, 0x99, 0xff, 0xb2, 0x4c, 0x66, 0x00, 0xff, 0x99 }, /* 60% */
	}
};

static unsigned char rainbow_b0_trans_mode_table[][1] = {
	{ 0x00 },	/* TRANS_OFF */
	{ 0xFF },	/* TRANS_ON - dummy */
};


/* #################################################################################################### */
/* ############################################ FEATURE TABLES (SPLIT BY REGISTER) ############################################ */
/* #################################################################################################### */

static unsigned char rainbow_b0_mdnie_negative_0_table[S6E3HAE_MDNIE_0_LEN] = {
	0x01, 0x6a, 0x9a, 0x25, 0x1a, 0x16, 0x2a, 0x00, 0x37, 0x5a, 0x00, 0x4e, 0xc5, 0x00, 0x5d, 0x17,
	0x00, 0x30, 0xc3, 0xff, 0x00, 0x00, 0xff, 0xff, 0x00, 0xff, 0x00, 0xff, 0x00, 0x00, 0x00, 0x00,
	0xff, 0xff, 0x00, 0xff, 0x00, 0xff, 0x00, 0x00, 0xff, 0xff, 0x00, 0xff, 0x00, 0xff, 0x00, 0x00,
	0xff, 0x00, 0xff, 0x00, 0xff, 0x00, 0xff, 0x00, 0x00, 0x00, 0x00, 0x80, 0x01, 0x00, 0x01, 0x80,
	0x02, 0x00, 0x02, 0x80, 0x03, 0x00, 0x03, 0x80, 0x04, 0x00, 0x04, 0x80, 0x05, 0x00, 0x05, 0x80,
	0x06, 0x00, 0x06, 0x80, 0x07, 0x00, 0x07, 0x80, 0x08, 0x00, 0x00, 0x00, 0x00, 0x80, 0x01, 0x00,
	0x01, 0x80, 0x02, 0x00, 0x02, 0x80, 0x03, 0x00, 0x03, 0x80, 0x04, 0x00, 0x04, 0x80, 0x05, 0x00,
	0x05, 0x80, 0x06, 0x00, 0x06, 0x80, 0x07, 0x00, 0x07, 0x80, 0x08, 0x00, 0x00, 0x00, 0x00, 0x10,
	0xf9, 0x01, 0x00, 0xE0, 0x00, 0x20, 0x01, 0x00, 0x00, 0x00, 0x01, 0x18, 0x00, 0xE0, 0xE0, 0x00,
	0x30, 0x18, 0x00, 0xE0, 0xE0, 0x00, 0x20, 0x01, 0x00, 0x01, 0x40, 0x03, 0xFF, 0x01, 0x08, 0x01,
	0x08, 0x01, 0x50, 0x7A, 0x80, 0x01, 0x40, 0x50, 0x00, 0x01, 0x00, 0x80, 0x20, 0x00, 0x01, 0x01,
	0x90, 0x01, 0xF4, 0x01, 0x90, 0x01, 0x2c, 0x01, 0x0D, 0x00, 0x00, 0x26, 0x01, 0x28, 0x01, 0x00,
	0x40, 0x6A, 0x9A, 0x3A, 0x1A, 0x16, 0x2A, 0x00, 0x23, 0x4F, 0x00, 0x4E, 0xC5, 0x00, 0x5D, 0x17,
	0x00, 0x30, 0xC3, 0x06, 0x40, 0x40, 0x20, 0x40, 0x00, 0x60, 0x40, 0x60, 0x00, 0x60, 0x30, 0x60,

};

static unsigned char rainbow_b0_mdnie_negative_1_table[S6E3HAE_MDNIE_1_LEN] = {
	0x00, 0x40, 0x04, 0x00, 0x00, 0x00, 0x00, 0x00, 0x00, 0x00, 0x04, 0x00, 0x00, 0x00, 0x00, 0x00,
	0x00, 0x00, 0x04, 0x00, 0x00, 0x00, 0x15, 0x01, 0x00, 0x70, 0x01, 0x34, 0x01, 0x40, 0x66, 0x03,
	0x01, 0x11, 0x00, 0x20, 0x00, 0x08, 0x08, 0x00, 0x0a, 0x0a, 0x06, 0xae, 0x00, 0x00, 0x10, 0x20,
	0x40, 0x60, 0x00, 0x40, 0x00, 0x50, 0x00, 0x60, 0x00, 0x70, 0x00, 0x80, 0x00, 0x80, 0x00, 0x80,
	0x00, 0x00, 0x20, 0x40, 0x60, 0x01, 0x40, 0x01, 0x80, 0x01, 0x80, 0x01, 0x80, 0x02, 0x00, 0x00,
	0x00, 0x00, 0x00, 0x00, 0x00, 0x00, 0x40, 0x03, 0xB6, 0x23, 0x24, 0x00, 0x72, 0x01, 0x00, 0x0D,
	0x00, 0x04, 0x07, 0x40, 0x00, 0x6e, 0x82, 0xe6, 0xff, 0x00, 0xff, 0x00, 0x00, 0x02, 0x00, 0x02,
	0x00, 0x14, 0x00, 0x01, 0x00, 0x01, 0x00, 0x10, 0x00, 0x00, 0x28, 0x3c, 0x04, 0x0f, 0x01, 0x00,
	0x00, 0x08, 0x10, 0x18, 0x20, 0x28, 0x30, 0x38, 0x40, 0x48, 0x50, 0x58, 0x60, 0x68, 0x70, 0x78,
	0x80, 0x88, 0x90, 0x98, 0xa0, 0xa8, 0xb0, 0xb8, 0xc0, 0xc8, 0xd0, 0xd8, 0xe0, 0xe8, 0xf0, 0xf8,
	0x01, 0x00, 0x00, 0x08, 0x10, 0x18, 0x20, 0x28, 0x30, 0x38, 0x40, 0x48, 0x50, 0x58, 0x60, 0x68,
	0x70, 0x78, 0x80, 0x88, 0x90, 0x98, 0xa0, 0xa8, 0xb0, 0xb8, 0xc0, 0xc8, 0xd0, 0xd8, 0xe0, 0xe8,
	0xf0, 0xf8, 0x01, 0x00,

};

static unsigned char rainbow_b0_mdnie_negative_2_table[S6E3HAE_MDNIE_2_LEN] = {
	0x01, 0x00, 0x00, 0xf0, 0x07, 0x7f, 0x7f, 0x00, 0x00, 0x00, 0x00, 0x00, 0x00, 0x00, 0x00, 0x00,
	0x00, 0x01, 0xff, 0x04, 0x01,

};


static unsigned char rainbow_b0_mdnie_color_blind_0_table[S6E3HAE_MDNIE_0_LEN] = {
	0x00, 0x6a, 0x9a, 0x25, 0x1a, 0x16, 0x2a, 0x00, 0x37, 0x5a, 0x00, 0x4e, 0xc5, 0x00, 0x5d, 0x17,
	0x00, 0x30, 0xc3, 0xff, 0x00, 0x00, 0xff, 0xff, 0x00, 0xff, 0x00, 0xff, 0xff, 0xff, 0xff, 0x00,
	0xff, 0xff, 0x00, 0xff, 0x00, 0xff, 0x00, 0x00, 0xff, 0xff, 0x00, 0xff, 0x00, 0xff, 0x00, 0x00,
	0xff, 0xff, 0x00, 0xff, 0x00, 0xff, 0x00, 0x00, 0x00, 0x00, 0x00, 0x80, 0x01, 0x00, 0x01, 0x80,
	0x02, 0x00, 0x02, 0x80, 0x03, 0x00, 0x03, 0x80, 0x04, 0x00, 0x04, 0x80, 0x05, 0x00, 0x05, 0x80,
	0x06, 0x00, 0x06, 0x80, 0x07, 0x00, 0x07, 0x80, 0x08, 0x00, 0x00, 0x00, 0x00, 0x80, 0x01, 0x00,
	0x01, 0x80, 0x02, 0x00, 0x02, 0x80, 0x03, 0x00, 0x03, 0x80, 0x04, 0x00, 0x04, 0x80, 0x05, 0x00,
	0x05, 0x80, 0x06, 0x00, 0x06, 0x80, 0x07, 0x00, 0x07, 0x80, 0x08, 0x00, 0x00, 0x00, 0x00, 0x10,
	0xf9, 0x01, 0x00, 0xE0, 0x00, 0x20, 0x01, 0x00, 0x00, 0x00, 0x01, 0x18, 0x00, 0xE0, 0xE0, 0x00,
	0x30, 0x18, 0x00, 0xE0, 0xE0, 0x00, 0x20, 0x01, 0x00, 0x01, 0x40, 0x03, 0xFF, 0x01, 0x08, 0x01,
	0x08, 0x01, 0x50, 0x7A, 0x80, 0x01, 0x40, 0x50, 0x00, 0x01, 0x00, 0x80, 0x20, 0x00, 0x01, 0x01,
	0x90, 0x01, 0xF4, 0x01, 0x90, 0x01, 0x2c, 0x01, 0x0D, 0x00, 0x00, 0x26, 0x01, 0x28, 0x01, 0x00,
	0x40, 0x6A, 0x9A, 0x3A, 0x1A, 0x16, 0x2A, 0x00, 0x23, 0x4F, 0x00, 0x4E, 0xC5, 0x00, 0x5D, 0x17,
	0x00, 0x30, 0xC3, 0x06, 0x40, 0x40, 0x20, 0x40, 0x00, 0x60, 0x40, 0x60, 0x00, 0x60, 0x30, 0x60,

};

static unsigned char rainbow_b0_mdnie_color_blind_1_table[S6E3HAE_MDNIE_1_LEN] = {
	0x00, 0x40, 0x04, 0x00, 0x00, 0x00, 0x00, 0x00, 0x00, 0x00, 0x04, 0x00, 0x00, 0x00, 0x00, 0x00,
	0x00, 0x00, 0x04, 0x00, 0x00, 0x00, 0x30, 0x01, 0x00, 0x70, 0x01, 0x34, 0x01, 0x40, 0x66, 0x03,
	0x01, 0x11, 0x00, 0x20, 0x00, 0x08, 0x08, 0x00, 0x0a, 0x0a, 0x06, 0xae, 0x00, 0x00, 0x10, 0x20,
	0x40, 0x60, 0x00, 0x40, 0x00, 0x50, 0x00, 0x60, 0x00, 0x70, 0x00, 0x80, 0x00, 0x80, 0x00, 0x80,
	0x00, 0x00, 0x20, 0x40, 0x60, 0x01, 0x40, 0x01, 0x80, 0x01, 0x80, 0x01, 0x80, 0x02, 0x00, 0x00,
	0x00, 0x00, 0x00, 0x00, 0x00, 0x00, 0x40, 0x03, 0xB6, 0x23, 0x24, 0x00, 0x72, 0x01, 0x00, 0x0D,
	0x00, 0x04, 0x07, 0x40, 0x00, 0x6e, 0x82, 0xe6, 0xff, 0x00, 0xff, 0x00, 0x00, 0x02, 0x00, 0x02,
	0x00, 0x14, 0x00, 0x01, 0x00, 0x01, 0x00, 0x10, 0x00, 0x00, 0x28, 0x3c, 0x04, 0x0f, 0x01, 0x00,
	0x00, 0x08, 0x10, 0x18, 0x20, 0x28, 0x30, 0x38, 0x40, 0x48, 0x50, 0x58, 0x60, 0x68, 0x70, 0x78,
	0x80, 0x88, 0x90, 0x98, 0xa0, 0xa8, 0xb0, 0xb8, 0xc0, 0xc8, 0xd0, 0xd8, 0xe0, 0xe8, 0xf0, 0xf8,
	0x01, 0x00, 0x00, 0x08, 0x10, 0x18, 0x20, 0x28, 0x30, 0x38, 0x40, 0x48, 0x50, 0x58, 0x60, 0x68,
	0x70, 0x78, 0x80, 0x88, 0x90, 0x98, 0xa0, 0xa8, 0xb0, 0xb8, 0xc0, 0xc8, 0xd0, 0xd8, 0xe0, 0xe8,
	0xf0, 0xf8, 0x01, 0x00,

};

static unsigned char rainbow_b0_mdnie_color_blind_2_table[S6E3HAE_MDNIE_2_LEN] = {
	0x01, 0x00, 0x00, 0xf0, 0x07, 0x7f, 0x7f, 0x00, 0x00, 0x00, 0x00, 0x00, 0x00, 0x00, 0x00, 0x00,
	0x00, 0x01, 0xff, 0x04, 0x01,

};


static unsigned char rainbow_b0_mdnie_screen_curtain_0_table[S6E3HAE_MDNIE_0_LEN] = {
	0x01, 0x6a, 0x9a, 0x25, 0x1a, 0x16, 0x2a, 0x00, 0x37, 0x5a, 0x00, 0x4e, 0xc5, 0x00, 0x5d, 0x17,
	0x00, 0x30, 0xc3, 0x00, 0x00, 0x00, 0x00, 0x00, 0x00, 0x00, 0x00, 0x00, 0x00, 0x00, 0x00, 0x00,
	0x00, 0x00, 0x00, 0x00, 0x00, 0x00, 0x00, 0x00, 0x00, 0x00, 0x00, 0x00, 0x00, 0x00, 0x00, 0x00,
	0x00, 0x00, 0x00, 0x00, 0x00, 0x00, 0x00, 0x00, 0x00, 0x00, 0x00, 0x80, 0x01, 0x00, 0x01, 0x80,
	0x02, 0x00, 0x02, 0x80, 0x03, 0x00, 0x03, 0x80, 0x04, 0x00, 0x04, 0x80, 0x05, 0x00, 0x05, 0x80,
	0x06, 0x00, 0x06, 0x80, 0x07, 0x00, 0x07, 0x80, 0x08, 0x00, 0x00, 0x00, 0x00, 0x80, 0x01, 0x00,
	0x01, 0x80, 0x02, 0x00, 0x02, 0x80, 0x03, 0x00, 0x03, 0x80, 0x04, 0x00, 0x04, 0x80, 0x05, 0x00,
	0x05, 0x80, 0x06, 0x00, 0x06, 0x80, 0x07, 0x00, 0x07, 0x80, 0x08, 0x00, 0x00, 0x00, 0x00, 0x10,
	0xf9, 0x01, 0x00, 0xE0, 0x00, 0x20, 0x01, 0x00, 0x00, 0x00, 0x01, 0x18, 0x00, 0xE0, 0xE0, 0x00,
	0x30, 0x18, 0x00, 0xE0, 0xE0, 0x00, 0x20, 0x01, 0x00, 0x01, 0x40, 0x03, 0xFF, 0x01, 0x08, 0x01,
	0x08, 0x01, 0x50, 0x7A, 0x80, 0x01, 0x40, 0x50, 0x00, 0x01, 0x00, 0x80, 0x20, 0x00, 0x01, 0x01,
	0x90, 0x01, 0xF4, 0x01, 0x90, 0x01, 0x2c, 0x01, 0x0D, 0x00, 0x00, 0x26, 0x01, 0x28, 0x01, 0x00,
	0x40, 0x6A, 0x9A, 0x3A, 0x1A, 0x16, 0x2A, 0x00, 0x23, 0x4F, 0x00, 0x4E, 0xC5, 0x00, 0x5D, 0x17,
	0x00, 0x30, 0xC3, 0x06, 0x40, 0x40, 0x20, 0x40, 0x00, 0x60, 0x40, 0x60, 0x00, 0x60, 0x30, 0x60,

};

static unsigned char rainbow_b0_mdnie_screen_curtain_1_table[S6E3HAE_MDNIE_1_LEN] = {
	0x00, 0x40, 0x04, 0x00, 0x00, 0x00, 0x00, 0x00, 0x00, 0x00, 0x04, 0x00, 0x00, 0x00, 0x00, 0x00,
	0x00, 0x00, 0x04, 0x00, 0x00, 0x00, 0x15, 0x01, 0x00, 0x70, 0x01, 0x34, 0x01, 0x40, 0x66, 0x03,
	0x01, 0x11, 0x00, 0x20, 0x00, 0x08, 0x08, 0x00, 0x0a, 0x0a, 0x06, 0xae, 0x00, 0x00, 0x10, 0x20,
	0x40, 0x60, 0x00, 0x40, 0x00, 0x50, 0x00, 0x60, 0x00, 0x70, 0x00, 0x80, 0x00, 0x80, 0x00, 0x80,
	0x00, 0x00, 0x20, 0x40, 0x60, 0x01, 0x40, 0x01, 0x80, 0x01, 0x80, 0x01, 0x80, 0x02, 0x00, 0x00,
	0x00, 0x00, 0x00, 0x00, 0x00, 0x00, 0x40, 0x03, 0xB6, 0x23, 0x24, 0x00, 0x72, 0x01, 0x00, 0x0D,
	0x00, 0x04, 0x07, 0x40, 0x00, 0x6e, 0x82, 0xe6, 0xff, 0x00, 0xff, 0x00, 0x00, 0x02, 0x00, 0x02,
	0x00, 0x14, 0x00, 0x01, 0x00, 0x01, 0x00, 0x10, 0x00, 0x00, 0x28, 0x3c, 0x04, 0x0f, 0x01, 0x00,
	0x00, 0x08, 0x10, 0x18, 0x20, 0x28, 0x30, 0x38, 0x40, 0x48, 0x50, 0x58, 0x60, 0x68, 0x70, 0x78,
	0x80, 0x88, 0x90, 0x98, 0xa0, 0xa8, 0xb0, 0xb8, 0xc0, 0xc8, 0xd0, 0xd8, 0xe0, 0xe8, 0xf0, 0xf8,
	0x01, 0x00, 0x00, 0x08, 0x10, 0x18, 0x20, 0x28, 0x30, 0x38, 0x40, 0x48, 0x50, 0x58, 0x60, 0x68,
	0x70, 0x78, 0x80, 0x88, 0x90, 0x98, 0xa0, 0xa8, 0xb0, 0xb8, 0xc0, 0xc8, 0xd0, 0xd8, 0xe0, 0xe8,
	0xf0, 0xf8, 0x01, 0x00,

};

static unsigned char rainbow_b0_mdnie_screen_curtain_2_table[S6E3HAE_MDNIE_2_LEN] = {
	0x01, 0x00, 0x00, 0xf0, 0x07, 0x7f, 0x7f, 0x00, 0x00, 0x00, 0x00, 0x00, 0x00, 0x00, 0x00, 0x00,
	0x00, 0x01, 0xff, 0x04, 0x01,

};


static unsigned char rainbow_b0_mdnie_grayscale_0_table[S6E3HAE_MDNIE_0_LEN] = {
	0x01, 0x6a, 0x9a, 0x25, 0x1a, 0x16, 0x2a, 0x00, 0x37, 0x5a, 0x00, 0x4e, 0xc5, 0x00, 0x5d, 0x17,
	0x00, 0x30, 0xc3, 0x4c, 0x4c, 0x4c, 0xe2, 0xe2, 0xe2, 0x69, 0x69, 0x69, 0xff, 0xff, 0xff, 0xb3,
	0x4c, 0xb3, 0x4c, 0xb3, 0x4c, 0x69, 0x96, 0x69, 0x96, 0x69, 0x96, 0xe2, 0x1d, 0xe2, 0x1d, 0xe2,
	0x1d, 0xff, 0x00, 0xff, 0x00, 0xff, 0x00, 0x00, 0x00, 0x00, 0x00, 0x80, 0x01, 0x00, 0x01, 0x80,
	0x02, 0x00, 0x02, 0x80, 0x03, 0x00, 0x03, 0x80, 0x04, 0x00, 0x04, 0x80, 0x05, 0x00, 0x05, 0x80,
	0x06, 0x00, 0x06, 0x80, 0x07, 0x00, 0x07, 0x80, 0x08, 0x00, 0x00, 0x00, 0x00, 0x80, 0x01, 0x00,
	0x01, 0x80, 0x02, 0x00, 0x02, 0x80, 0x03, 0x00, 0x03, 0x80, 0x04, 0x00, 0x04, 0x80, 0x05, 0x00,
	0x05, 0x80, 0x06, 0x00, 0x06, 0x80, 0x07, 0x00, 0x07, 0x80, 0x08, 0x00, 0x00, 0x00, 0x00, 0x10,
	0xf9, 0x01, 0x00, 0xE0, 0x00, 0x20, 0x01, 0x00, 0x00, 0x00, 0x01, 0x18, 0x00, 0xE0, 0xE0, 0x00,
	0x30, 0x18, 0x00, 0xE0, 0xE0, 0x00, 0x20, 0x01, 0x00, 0x01, 0x40, 0x03, 0xFF, 0x01, 0x08, 0x01,
	0x08, 0x01, 0x50, 0x7A, 0x80, 0x01, 0x40, 0x50, 0x00, 0x01, 0x00, 0x80, 0x20, 0x00, 0x01, 0x01,
	0x90, 0x01, 0xF4, 0x01, 0x90, 0x01, 0x2c, 0x01, 0x0D, 0x00, 0x00, 0x26, 0x01, 0x28, 0x01, 0x00,
	0x40, 0x6A, 0x9A, 0x3A, 0x1A, 0x16, 0x2A, 0x00, 0x23, 0x4F, 0x00, 0x4E, 0xC5, 0x00, 0x5D, 0x17,
	0x00, 0x30, 0xC3, 0x06, 0x40, 0x40, 0x20, 0x40, 0x00, 0x60, 0x40, 0x60, 0x00, 0x60, 0x30, 0x60,

};

static unsigned char rainbow_b0_mdnie_grayscale_1_table[S6E3HAE_MDNIE_1_LEN] = {
	0x00, 0x40, 0x04, 0x00, 0x00, 0x00, 0x00, 0x00, 0x00, 0x00, 0x04, 0x00, 0x00, 0x00, 0x00, 0x00,
	0x00, 0x00, 0x04, 0x00, 0x00, 0x00, 0x15, 0x01, 0x00, 0x70, 0x01, 0x34, 0x01, 0x40, 0x66, 0x03,
	0x01, 0x11, 0x00, 0x20, 0x00, 0x08, 0x08, 0x00, 0x0a, 0x0a, 0x06, 0xae, 0x00, 0x00, 0x10, 0x20,
	0x40, 0x60, 0x00, 0x40, 0x00, 0x50, 0x00, 0x60, 0x00, 0x70, 0x00, 0x80, 0x00, 0x80, 0x00, 0x80,
	0x00, 0x00, 0x20, 0x40, 0x60, 0x01, 0x40, 0x01, 0x80, 0x01, 0x80, 0x01, 0x80, 0x02, 0x00, 0x00,
	0x00, 0x00, 0x00, 0x00, 0x00, 0x00, 0x40, 0x03, 0xB6, 0x23, 0x24, 0x00, 0x72, 0x01, 0x00, 0x0D,
	0x00, 0x04, 0x07, 0x40, 0x00, 0x6e, 0x82, 0xe6, 0xff, 0x00, 0xff, 0x00, 0x00, 0x02, 0x00, 0x02,
	0x00, 0x14, 0x00, 0x01, 0x00, 0x01, 0x00, 0x10, 0x00, 0x00, 0x28, 0x3c, 0x04, 0x0f, 0x01, 0x00,
	0x00, 0x08, 0x10, 0x18, 0x20, 0x28, 0x30, 0x38, 0x40, 0x48, 0x50, 0x58, 0x60, 0x68, 0x70, 0x78,
	0x80, 0x88, 0x90, 0x98, 0xa0, 0xa8, 0xb0, 0xb8, 0xc0, 0xc8, 0xd0, 0xd8, 0xe0, 0xe8, 0xf0, 0xf8,
	0x01, 0x00, 0x00, 0x08, 0x10, 0x18, 0x20, 0x28, 0x30, 0x38, 0x40, 0x48, 0x50, 0x58, 0x60, 0x68,
	0x70, 0x78, 0x80, 0x88, 0x90, 0x98, 0xa0, 0xa8, 0xb0, 0xb8, 0xc0, 0xc8, 0xd0, 0xd8, 0xe0, 0xe8,
	0xf0, 0xf8, 0x01, 0x00,

};

static unsigned char rainbow_b0_mdnie_grayscale_2_table[S6E3HAE_MDNIE_2_LEN] = {
	0x01, 0x00, 0x00, 0xf0, 0x07, 0x7f, 0x7f, 0x00, 0x00, 0x00, 0x00, 0x00, 0x00, 0x00, 0x00, 0x00,
	0x00, 0x01, 0xff, 0x04, 0x01,

};


static unsigned char rainbow_b0_mdnie_grayscale_negative_0_table[S6E3HAE_MDNIE_0_LEN] = {
	0x01, 0x6a, 0x9a, 0x25, 0x1a, 0x16, 0x2a, 0x00, 0x37, 0x5a, 0x00, 0x4e, 0xc5, 0x00, 0x5d, 0x17,
	0x00, 0x30, 0xc3, 0x4c, 0x4c, 0x4c, 0xe2, 0xe2, 0xe2, 0x69, 0x69, 0x69, 0x00, 0x00, 0x00, 0xb3,
	0x4c, 0xb3, 0x4c, 0xb3, 0x4c, 0x69, 0x96, 0x69, 0x96, 0x69, 0x96, 0xe2, 0x1d, 0xe2, 0x1d, 0xe2,
	0x1d, 0x00, 0xff, 0x00, 0xff, 0x00, 0xff, 0x00, 0x00, 0x00, 0x00, 0x80, 0x01, 0x00, 0x01, 0x80,
	0x02, 0x00, 0x02, 0x80, 0x03, 0x00, 0x03, 0x80, 0x04, 0x00, 0x04, 0x80, 0x05, 0x00, 0x05, 0x80,
	0x06, 0x00, 0x06, 0x80, 0x07, 0x00, 0x07, 0x80, 0x08, 0x00, 0x00, 0x00, 0x00, 0x80, 0x01, 0x00,
	0x01, 0x80, 0x02, 0x00, 0x02, 0x80, 0x03, 0x00, 0x03, 0x80, 0x04, 0x00, 0x04, 0x80, 0x05, 0x00,
	0x05, 0x80, 0x06, 0x00, 0x06, 0x80, 0x07, 0x00, 0x07, 0x80, 0x08, 0x00, 0x00, 0x00, 0x00, 0x10,
	0xf9, 0x01, 0x00, 0xE0, 0x00, 0x20, 0x01, 0x00, 0x00, 0x00, 0x01, 0x18, 0x00, 0xE0, 0xE0, 0x00,
	0x30, 0x18, 0x00, 0xE0, 0xE0, 0x00, 0x20, 0x01, 0x00, 0x01, 0x40, 0x03, 0xFF, 0x01, 0x08, 0x01,
	0x08, 0x01, 0x50, 0x7A, 0x80, 0x01, 0x40, 0x50, 0x00, 0x01, 0x00, 0x80, 0x20, 0x00, 0x01, 0x01,
	0x90, 0x01, 0xF4, 0x01, 0x90, 0x01, 0x2c, 0x01, 0x0D, 0x00, 0x00, 0x26, 0x01, 0x28, 0x01, 0x00,
	0x40, 0x6A, 0x9A, 0x3A, 0x1A, 0x16, 0x2A, 0x00, 0x23, 0x4F, 0x00, 0x4E, 0xC5, 0x00, 0x5D, 0x17,
	0x00, 0x30, 0xC3, 0x06, 0x40, 0x40, 0x20, 0x40, 0x00, 0x60, 0x40, 0x60, 0x00, 0x60, 0x30, 0x60,

};

static unsigned char rainbow_b0_mdnie_grayscale_negative_1_table[S6E3HAE_MDNIE_1_LEN] = {
	0x00, 0x40, 0x04, 0x00, 0x00, 0x00, 0x00, 0x00, 0x00, 0x00, 0x04, 0x00, 0x00, 0x00, 0x00, 0x00,
	0x00, 0x00, 0x04, 0x00, 0x00, 0x00, 0x15, 0x01, 0x00, 0x70, 0x01, 0x34, 0x01, 0x40, 0x66, 0x03,
	0x01, 0x11, 0x00, 0x20, 0x00, 0x08, 0x08, 0x00, 0x0a, 0x0a, 0x06, 0xae, 0x00, 0x00, 0x10, 0x20,
	0x40, 0x60, 0x00, 0x40, 0x00, 0x50, 0x00, 0x60, 0x00, 0x70, 0x00, 0x80, 0x00, 0x80, 0x00, 0x80,
	0x00, 0x00, 0x20, 0x40, 0x60, 0x01, 0x40, 0x01, 0x80, 0x01, 0x80, 0x01, 0x80, 0x02, 0x00, 0x00,
	0x00, 0x00, 0x00, 0x00, 0x00, 0x00, 0x40, 0x03, 0xB6, 0x23, 0x24, 0x00, 0x72, 0x01, 0x00, 0x0D,
	0x00, 0x04, 0x07, 0x40, 0x00, 0x6e, 0x82, 0xe6, 0xff, 0x00, 0xff, 0x00, 0x00, 0x02, 0x00, 0x02,
	0x00, 0x14, 0x00, 0x01, 0x00, 0x01, 0x00, 0x10, 0x00, 0x00, 0x28, 0x3c, 0x04, 0x0f, 0x01, 0x00,
	0x00, 0x08, 0x10, 0x18, 0x20, 0x28, 0x30, 0x38, 0x40, 0x48, 0x50, 0x58, 0x60, 0x68, 0x70, 0x78,
	0x80, 0x88, 0x90, 0x98, 0xa0, 0xa8, 0xb0, 0xb8, 0xc0, 0xc8, 0xd0, 0xd8, 0xe0, 0xe8, 0xf0, 0xf8,
	0x01, 0x00, 0x00, 0x08, 0x10, 0x18, 0x20, 0x28, 0x30, 0x38, 0x40, 0x48, 0x50, 0x58, 0x60, 0x68,
	0x70, 0x78, 0x80, 0x88, 0x90, 0x98, 0xa0, 0xa8, 0xb0, 0xb8, 0xc0, 0xc8, 0xd0, 0xd8, 0xe0, 0xe8,
	0xf0, 0xf8, 0x01, 0x00,

};

static unsigned char rainbow_b0_mdnie_grayscale_negative_2_table[S6E3HAE_MDNIE_2_LEN] = {
	0x01, 0x00, 0x00, 0xf0, 0x07, 0x7f, 0x7f, 0x00, 0x00, 0x00, 0x00, 0x00, 0x00, 0x00, 0x00, 0x00,
	0x00, 0x01, 0xff, 0x04, 0x01,

};


static unsigned char rainbow_b0_mdnie_color_blind_hbm_0_table[S6E3HAE_MDNIE_0_LEN] = {
	0x00, 0x6a, 0x9a, 0x25, 0x1a, 0x16, 0x2a, 0x00, 0x37, 0x5a, 0x00, 0x4e, 0xc5, 0x00, 0x5d, 0x17,
	0x00, 0x30, 0xc3, 0xff, 0x00, 0x00, 0xff, 0xff, 0x00, 0xff, 0x00, 0xff, 0xff, 0xff, 0xff, 0x00,
	0xff, 0xff, 0x00, 0xff, 0x00, 0xff, 0x00, 0x00, 0xff, 0xff, 0x00, 0xff, 0x00, 0xff, 0x00, 0x00,
	0xff, 0xff, 0x00, 0xff, 0x00, 0xff, 0x00, 0x00, 0x00, 0x00, 0x00, 0x80, 0x01, 0x00, 0x01, 0x80,
	0x02, 0x00, 0x02, 0x80, 0x03, 0x00, 0x03, 0x80, 0x04, 0x00, 0x04, 0x80, 0x05, 0x00, 0x05, 0x80,
	0x06, 0x00, 0x06, 0x80, 0x07, 0x00, 0x07, 0x80, 0x08, 0x00, 0x00, 0x00, 0x00, 0x80, 0x01, 0x00,
	0x01, 0x80, 0x02, 0x00, 0x02, 0x80, 0x03, 0x00, 0x03, 0x80, 0x04, 0x00, 0x04, 0x80, 0x05, 0x00,
	0x05, 0x80, 0x06, 0x00, 0x06, 0x80, 0x07, 0x00, 0x07, 0x80, 0x08, 0x00, 0x00, 0x00, 0x00, 0x10,
	0xf9, 0x01, 0x00, 0xE0, 0x00, 0x20, 0x01, 0x00, 0x00, 0x00, 0x01, 0x18, 0x00, 0xE0, 0xE0, 0x00,
	0x30, 0x18, 0x00, 0xE0, 0xE0, 0x00, 0x20, 0x01, 0x00, 0x01, 0x40, 0x03, 0xFF, 0x01, 0x08, 0x01,
	0x08, 0x01, 0x50, 0x7A, 0x80, 0x01, 0x40, 0x50, 0x00, 0x01, 0x00, 0x80, 0x20, 0x00, 0x01, 0x01,
	0x90, 0x01, 0xF4, 0x01, 0x90, 0x01, 0x2c, 0x01, 0x0D, 0x00, 0x00, 0x26, 0x01, 0x28, 0x01, 0x00,
	0x40, 0x6A, 0x9A, 0x3A, 0x1A, 0x16, 0x2A, 0x00, 0x23, 0x4F, 0x00, 0x4E, 0xC5, 0x00, 0x5D, 0x17,
	0x00, 0x30, 0xC3, 0x06, 0x40, 0x40, 0x20, 0x40, 0x00, 0x60, 0x40, 0x60, 0x00, 0x60, 0x30, 0x60,

};

static unsigned char rainbow_b0_mdnie_color_blind_hbm_1_table[S6E3HAE_MDNIE_1_LEN] = {
	0x00, 0x40, 0x04, 0x00, 0x00, 0x00, 0x00, 0x00, 0x00, 0x00, 0x04, 0x00, 0x00, 0x00, 0x00, 0x00,
	0x00, 0x00, 0x04, 0x00, 0x00, 0x00, 0x15, 0x01, 0x00, 0x70, 0x01, 0x34, 0x01, 0x40, 0x66, 0x03,
	0x01, 0x11, 0x00, 0x20, 0x00, 0x08, 0x08, 0x00, 0x0a, 0x0a, 0x06, 0xae, 0x00, 0x00, 0x10, 0x20,
	0x40, 0x60, 0x00, 0x40, 0x00, 0x50, 0x00, 0x60, 0x00, 0x70, 0x00, 0x80, 0x00, 0x80, 0x00, 0x80,
	0x00, 0x00, 0x20, 0x40, 0x60, 0x01, 0x40, 0x01, 0x80, 0x01, 0x80, 0x01, 0x80, 0x02, 0x00, 0x00,
	0x00, 0x00, 0x00, 0x00, 0x00, 0x00, 0x40, 0x03, 0xB6, 0x23, 0x24, 0x00, 0x72, 0x01, 0x00, 0x0D,
	0x00, 0x04, 0x07, 0x40, 0x00, 0x6e, 0x82, 0xe6, 0xff, 0x00, 0xff, 0x00, 0x00, 0x02, 0x00, 0x02,
	0x00, 0x14, 0x00, 0x01, 0x00, 0x01, 0x00, 0x10, 0x00, 0x00, 0x28, 0x3c, 0x04, 0x0f, 0x01, 0x00,
	0x00, 0x08, 0x10, 0x18, 0x20, 0x28, 0x30, 0x38, 0x40, 0x48, 0x50, 0x58, 0x60, 0x68, 0x70, 0x78,
	0x80, 0x88, 0x90, 0x98, 0xa0, 0xa8, 0xb0, 0xb8, 0xc0, 0xc8, 0xd0, 0xd8, 0xe0, 0xe8, 0xf0, 0xf8,
	0x01, 0x00, 0x00, 0x08, 0x10, 0x18, 0x20, 0x28, 0x30, 0x38, 0x40, 0x48, 0x50, 0x58, 0x60, 0x68,
	0x70, 0x78, 0x80, 0x88, 0x90, 0x98, 0xa0, 0xa8, 0xb0, 0xb8, 0xc0, 0xc8, 0xd0, 0xd8, 0xe0, 0xe8,
	0xf0, 0xf8, 0x01, 0x00,

};

static unsigned char rainbow_b0_mdnie_color_blind_hbm_2_table[S6E3HAE_MDNIE_2_LEN] = {
	0x01, 0x00, 0x00, 0xf0, 0x07, 0x7f, 0x7f, 0x00, 0x00, 0x00, 0x00, 0x00, 0x00, 0x00, 0x00, 0x00,
	0x00, 0x01, 0xff, 0x04, 0x01,

};


static unsigned char rainbow_b0_mdnie_bypass_0_table[S6E3HAE_MDNIE_0_LEN] = {
	0x00, 0x6a, 0x9a, 0x25, 0x1a, 0x16, 0x2a, 0x00, 0x37, 0x5a, 0x00, 0x4e, 0xc5, 0x00, 0x5d, 0x17,
	0x00, 0x30, 0xc3, 0xff, 0x00, 0x00, 0xff, 0xff, 0x00, 0xff, 0x00, 0xff, 0xff, 0xff, 0xff, 0x00,
	0xff, 0xff, 0x00, 0xff, 0x00, 0xff, 0x00, 0x00, 0xff, 0xff, 0x00, 0xff, 0x00, 0xff, 0x00, 0x00,
	0xff, 0xff, 0x00, 0xff, 0x00, 0xff, 0x00, 0x00, 0x00, 0x00, 0x00, 0x80, 0x01, 0x00, 0x01, 0x80,
	0x02, 0x00, 0x02, 0x80, 0x03, 0x00, 0x03, 0x80, 0x04, 0x00, 0x04, 0x80, 0x05, 0x00, 0x05, 0x80,
	0x06, 0x00, 0x06, 0x80, 0x07, 0x00, 0x07, 0x80, 0x08, 0x00, 0x00, 0x00, 0x00, 0x80, 0x01, 0x00,
	0x01, 0x80, 0x02, 0x00, 0x02, 0x80, 0x03, 0x00, 0x03, 0x80, 0x04, 0x00, 0x04, 0x80, 0x05, 0x00,
	0x05, 0x80, 0x06, 0x00, 0x06, 0x80, 0x07, 0x00, 0x07, 0x80, 0x08, 0x00, 0x00, 0x01, 0x00, 0x04,
	0xFB, 0x01, 0x00, 0xE0, 0x00, 0x20, 0x01, 0x00, 0x00, 0x00, 0x01, 0x18, 0x00, 0xE0, 0xE0, 0x00,
	0x30, 0x18, 0x00, 0xE0, 0xE0, 0x00, 0x20, 0x01, 0x00, 0x01, 0x40, 0x03, 0xFF, 0x01, 0x05, 0x01,
	0x0A, 0x01, 0x50, 0x7A, 0x80, 0x01, 0x40, 0x60, 0x00, 0x01, 0x00, 0x80, 0x20, 0x00, 0x01, 0x01,
	0xF4, 0x02, 0x58, 0x01, 0xF4, 0x01, 0x90, 0x01, 0x0D, 0x00, 0x00, 0x26, 0x01, 0x28, 0x01, 0x01,
	0x01, 0x40, 0x6A, 0x9A, 0x3A, 0x1A, 0x16, 0x2A, 0x00, 0x23, 0x4F, 0x00, 0x4E, 0xC5, 0x00, 0x5D,
	0x17, 0x00, 0x30, 0xC3, 0x06, 0x40, 0x40, 0x20, 0x40, 0x00, 0x60, 0x40, 0x60, 0x00, 0x60, 0x30,

};

static unsigned char rainbow_b0_mdnie_bypass_1_table[S6E3HAE_MDNIE_1_LEN] = {
	0x00, 0x40, 0x04, 0x00, 0x00, 0x00, 0x00, 0x00, 0x00, 0x00, 0x04, 0x00, 0x00, 0x00, 0x00, 0x00,
	0x00, 0x00, 0x04, 0x00, 0x00, 0x00, 0x30, 0x01, 0x00, 0x70, 0x01, 0x34, 0x01, 0x40, 0x66, 0x03,
	0x01, 0x11, 0x00, 0x20, 0x00, 0x08, 0x08, 0x00, 0x0a, 0x0a, 0x06, 0xae, 0x00, 0x00, 0x10, 0x20,
	0x40, 0x60, 0x00, 0x40, 0x00, 0x50, 0x00, 0x60, 0x00, 0x70, 0x00, 0x80, 0x00, 0x80, 0x00, 0x80,
	0x00, 0x00, 0x20, 0x40, 0x60, 0x01, 0x40, 0x01, 0x80, 0x01, 0x80, 0x01, 0x80, 0x02, 0x00, 0x00,
	0x00, 0x00, 0x00, 0x00, 0x00, 0x00, 0x40, 0x03, 0xB6, 0x23, 0x24, 0x00, 0x72, 0x01, 0x00, 0x0D,
	0x00, 0x04, 0x07, 0x40, 0x00, 0x6e, 0x82, 0xe6, 0xff, 0x00, 0xff, 0x00, 0x00, 0x02, 0x00, 0x02,
	0x00, 0x14, 0x00, 0x01, 0x00, 0x01, 0x00, 0x10, 0x00, 0x00, 0x28, 0x3c, 0x04, 0x0f, 0x01, 0x00,
	0x00, 0x08, 0x10, 0x18, 0x20, 0x28, 0x30, 0x38, 0x40, 0x48, 0x50, 0x58, 0x60, 0x68, 0x70, 0x78,
	0x80, 0x88, 0x90, 0x98, 0xa0, 0xa8, 0xb0, 0xb8, 0xc0, 0xc8, 0xd0, 0xd8, 0xe0, 0xe8, 0xf0, 0xf8,
	0x01, 0x00, 0x00, 0x08, 0x10, 0x18, 0x20, 0x28, 0x30, 0x38, 0x40, 0x48, 0x50, 0x58, 0x60, 0x68,
	0x70, 0x78, 0x80, 0x88, 0x90, 0x98, 0xa0, 0xa8, 0xb0, 0xb8, 0xc0, 0xc8, 0xd0, 0xd8, 0xe0, 0xe8,
	0xf0, 0xf8, 0x01, 0x00,

};

static unsigned char rainbow_b0_mdnie_bypass_2_table[S6E3HAE_MDNIE_2_LEN] = {
	0x01, 0x00, 0x00, 0x00, 0x07, 0x7f, 0x7f, 0x00, 0x00, 0x00, 0x00, 0x00, 0x00, 0x00, 0x00, 0x00,
	0x00, 0x00, 0x00, 0x00, 0x00,

};


static unsigned char rainbow_b0_mdnie_hbm_0_table[S6E3HAE_MDNIE_0_LEN] = {
	0x01, 0x6A, 0x9A, 0x25, 0x1A, 0x16, 0x2A, 0x00, 0x37, 0x5A, 0x00, 0x4E, 0xC5, 0x00, 0x5D, 0x17,
	0x00, 0x30, 0xC3, 0xEB, 0x37, 0x1E, 0xFA, 0xFC, 0x00, 0xFF, 0x00, 0xFF, 0xFF, 0xFF, 0xFF, 0x00,
	0xF8, 0xEF, 0x00, 0xFF, 0x00, 0xFF, 0x4E, 0x00, 0xFF, 0xFF, 0x00, 0xFF, 0x00, 0xF7, 0x00, 0x00,
	0xFF, 0xFF, 0x00, 0xFF, 0x00, 0xFF, 0x00, 0x00, 0x00, 0x00, 0x00, 0x80, 0x01, 0x00, 0x01, 0x80,
	0x02, 0x00, 0x02, 0x80, 0x03, 0x00, 0x03, 0x80, 0x04, 0x00, 0x04, 0x80, 0x05, 0x00, 0x05, 0x80,
	0x06, 0x00, 0x06, 0x80, 0x07, 0x00, 0x07, 0x80, 0x08, 0x00, 0x00, 0x00, 0x00, 0x80, 0x01, 0x00,
	0x01, 0x80, 0x02, 0x00, 0x02, 0x80, 0x03, 0x00, 0x03, 0x80, 0x04, 0x00, 0x04, 0x80, 0x05, 0x00,
	0x05, 0x80, 0x06, 0x00, 0x06, 0x80, 0x07, 0x00, 0x07, 0x80, 0x08, 0x00, 0x01, 0x3C, 0x00, 0x10,
	0xf9, 0x01, 0x00, 0xE0, 0x00, 0x20, 0x01, 0x00, 0x00, 0x00, 0x01, 0x18, 0x00, 0xE0, 0xE0, 0x00,
	0x30, 0x18, 0x00, 0xE0, 0xE0, 0x00, 0x20, 0x01, 0x00, 0x01, 0x40, 0x03, 0xFF, 0x01, 0x08, 0x01,
	0x08, 0x01, 0x50, 0x7A, 0x80, 0x01, 0x40, 0x50, 0x00, 0x01, 0x00, 0x80, 0x20, 0x00, 0x01, 0x01,
	0x90, 0x01, 0xF4, 0x01, 0x90, 0x01, 0x2c, 0x01, 0x0D, 0x00, 0x00, 0x26, 0x01, 0x28, 0x01, 0x00,
	0x40, 0x6A, 0x9A, 0x3A, 0x1A, 0x16, 0x2A, 0x00, 0x23, 0x4F, 0x00, 0x4E, 0xC5, 0x00, 0x5D, 0x17,
	0x00, 0x30, 0xC3, 0x06, 0x40, 0x50, 0x20, 0x40, 0x00, 0x60, 0x40, 0x60, 0x00, 0x60, 0x30, 0x60,

};

static unsigned char rainbow_b0_mdnie_hbm_1_table[S6E3HAE_MDNIE_1_LEN] = {
	0x00, 0x40, 0x04, 0x00, 0x00, 0x00, 0x00, 0x00, 0x00, 0x00, 0x04, 0x00, 0x00, 0x00, 0x00, 0x00,
	0x00, 0x00, 0x04, 0x00, 0x11, 0x1c, 0x15, 0x01, 0x00, 0x70, 0x01, 0x34, 0x01, 0x40, 0x66, 0x03,
	0x01, 0x11, 0x00, 0x26, 0x04, 0x06, 0x06, 0x06, 0x00, 0x0a, 0x06, 0xae, 0x00, 0x20, 0x10, 0x20,
	0x40, 0x60, 0x00, 0x40, 0x00, 0x50, 0x00, 0x60, 0x00, 0x70, 0x00, 0x80, 0x00, 0x80, 0x00, 0x80,
	0x00, 0x00, 0x20, 0x40, 0x60, 0x01, 0x40, 0x01, 0x80, 0x01, 0x80, 0x01, 0x80, 0x02, 0x00, 0x00,
	0x00, 0x00, 0x00, 0x00, 0x00, 0x00, 0x40, 0x03, 0xB6, 0x23, 0x24, 0x00, 0x72, 0x01, 0x00, 0x0D,
	0x00, 0x04, 0x07, 0x40, 0x40, 0x6e, 0x82, 0x00, 0xff, 0x02, 0xff, 0x00, 0x00, 0x02, 0x00, 0x02,
	0x00, 0x14, 0x00, 0x01, 0x00, 0x01, 0x00, 0x10, 0x00, 0x00, 0x28, 0x3c, 0x04, 0x0f, 0x01, 0x30,
	0x00, 0x08, 0x10, 0x18, 0x20, 0x28, 0x30, 0x38, 0x40, 0x48, 0x50, 0x58, 0x60, 0x68, 0x70, 0x78,
	0x80, 0x88, 0x90, 0x98, 0xa0, 0xa8, 0xb0, 0xb8, 0xc0, 0xc8, 0xd0, 0xd8, 0xe0, 0xe8, 0xf0, 0xf8,
	0x01, 0x00, 0x00, 0x08, 0x10, 0x18, 0x20, 0x28, 0x30, 0x38, 0x40, 0x48, 0x50, 0x58, 0x60, 0x68,
	0x70, 0x78, 0x80, 0x88, 0x90, 0x98, 0xa0, 0xa8, 0xb0, 0xb8, 0xc0, 0xc8, 0xd0, 0xd8, 0xe0, 0xe8,
	0xf0, 0xf8, 0x01, 0x00,

};

static unsigned char rainbow_b0_mdnie_hbm_2_table[S6E3HAE_MDNIE_2_LEN] = {
	0x01, 0x00, 0x03, 0xfc, 0x07, 0x7f, 0x7f, 0x00, 0x00, 0x00, 0x00, 0x00, 0x00, 0x00, 0x00, 0x00,
	0x00, 0x01, 0xff, 0x08, 0x01,

};


static unsigned char rainbow_b0_mdnie_night_0_table[S6E3HAE_MDNIE_0_LEN] = {
	0x00, 0x6a, 0x9a, 0x25, 0x1a, 0x16, 0x2a, 0x00, 0x37, 0x5a, 0x00, 0x4e, 0xc5, 0x00, 0x5d, 0x17,
	0x00, 0x30, 0xc3, 0xff, 0x00, 0x00, 0xff, 0xff, 0x00, 0xff, 0x00, 0xff, 0xff, 0xff, 0xff, 0x00,
	0xff, 0xff, 0x00, 0xff, 0x00, 0xff, 0x00, 0x00, 0xff, 0xff, 0x00, 0xff, 0x00, 0xff, 0x00, 0x00,
	0xff, 0xff, 0x00, 0xff, 0x00, 0xff, 0x00, 0x00, 0x00, 0x00, 0x00, 0x80, 0x01, 0x00, 0x01, 0x80,
	0x02, 0x00, 0x02, 0x80, 0x03, 0x00, 0x03, 0x80, 0x04, 0x00, 0x04, 0x80, 0x05, 0x00, 0x05, 0x80,
	0x06, 0x00, 0x06, 0x80, 0x07, 0x00, 0x07, 0x80, 0x08, 0x00, 0x00, 0x00, 0x00, 0x80, 0x01, 0x00,
	0x01, 0x80, 0x02, 0x00, 0x02, 0x80, 0x03, 0x00, 0x03, 0x80, 0x04, 0x00, 0x04, 0x80, 0x05, 0x00,
	0x05, 0x80, 0x06, 0x00, 0x06, 0x80, 0x07, 0x00, 0x07, 0x80, 0x08, 0x00, 0x00, 0x00, 0x00, 0x10,
	0xf9, 0x01, 0x00, 0xE0, 0x00, 0x20, 0x01, 0x00, 0x00, 0x00, 0x01, 0x18, 0x00, 0xE0, 0xE0, 0x00,
	0x30, 0x18, 0x00, 0xE0, 0xE0, 0x00, 0x20, 0x01, 0x00, 0x01, 0x40, 0x03, 0xFF, 0x01, 0x08, 0x01,
	0x08, 0x01, 0x50, 0x7A, 0x80, 0x01, 0x40, 0x50, 0x00, 0x01, 0x00, 0x80, 0x20, 0x00, 0x01, 0x01,
	0x90, 0x01, 0xF4, 0x01, 0x90, 0x01, 0x2c, 0x01, 0x0D, 0x00, 0x00, 0x26, 0x01, 0x28, 0x01, 0x00,
	0x40, 0x6A, 0x9A, 0x3A, 0x1A, 0x16, 0x2A, 0x00, 0x23, 0x4F, 0x00, 0x4E, 0xC5, 0x00, 0x5D, 0x17,
	0x00, 0x30, 0xC3, 0x06, 0x40, 0x40, 0x20, 0x40, 0x00, 0x60, 0x40, 0x60, 0x00, 0x60, 0x30, 0x60,

};

static unsigned char rainbow_b0_mdnie_night_1_table[S6E3HAE_MDNIE_1_LEN] = {
	0x00, 0x40, 0x04, 0x00, 0x00, 0x00, 0x00, 0x00, 0x00, 0x00, 0x04, 0x00, 0x00, 0x00, 0x00, 0x00,
	0x00, 0x00, 0x04, 0x00, 0x00, 0x00, 0x30, 0x01, 0x00, 0x70, 0x01, 0x34, 0x01, 0x40, 0x66, 0x03,
	0x01, 0x11, 0x00, 0x20, 0x00, 0x08, 0x08, 0x00, 0x0a, 0x0a, 0x06, 0xae, 0x00, 0x00, 0x10, 0x20,
	0x40, 0x60, 0x00, 0x40, 0x00, 0x50, 0x00, 0x60, 0x00, 0x70, 0x00, 0x80, 0x00, 0x80, 0x00, 0x80,
	0x00, 0x00, 0x20, 0x40, 0x60, 0x01, 0x40, 0x01, 0x80, 0x01, 0x80, 0x01, 0x80, 0x02, 0x00, 0x00,
	0x00, 0x00, 0x00, 0x00, 0x00, 0x00, 0x40, 0x03, 0xB6, 0x23, 0x24, 0x00, 0x72, 0x01, 0x00, 0x0D,
	0x00, 0x04, 0x07, 0x40, 0x00, 0x6e, 0x82, 0xe6, 0xff, 0x00, 0xff, 0x00, 0x00, 0x02, 0x00, 0x02,
	0x00, 0x14, 0x00, 0x01, 0x00, 0x01, 0x00, 0x10, 0x00, 0x00, 0x28, 0x3c, 0x04, 0x0f, 0x01, 0x00,
	0x00, 0x08, 0x10, 0x18, 0x20, 0x28, 0x30, 0x38, 0x40, 0x48, 0x50, 0x58, 0x60, 0x68, 0x70, 0x78,
	0x80, 0x88, 0x90, 0x98, 0xa0, 0xa8, 0xb0, 0xb8, 0xc0, 0xc8, 0xd0, 0xd8, 0xe0, 0xe8, 0xf0, 0xf8,
	0x01, 0x00, 0x00, 0x08, 0x10, 0x18, 0x20, 0x28, 0x30, 0x38, 0x40, 0x48, 0x50, 0x58, 0x60, 0x68,
	0x70, 0x78, 0x80, 0x88, 0x90, 0x98, 0xa0, 0xa8, 0xb0, 0xb8, 0xc0, 0xc8, 0xd0, 0xd8, 0xe0, 0xe8,
	0xf0, 0xf8, 0x01, 0x00,

};

static unsigned char rainbow_b0_mdnie_night_2_table[S6E3HAE_MDNIE_2_LEN] = {
	0x01, 0x00, 0x00, 0xf0, 0x07, 0x7f, 0x7f, 0x00, 0x00, 0x00, 0x00, 0x00, 0x00, 0x00, 0x00, 0x00,
	0x00, 0x01, 0xff, 0x04, 0x01,

};


static unsigned char rainbow_b0_mdnie_color_lens_0_table[S6E3HAE_MDNIE_0_LEN] = {
	0x00, 0x6a, 0x9a, 0x25, 0x1a, 0x16, 0x2a, 0x00, 0x37, 0x5a, 0x00, 0x4e, 0xc5, 0x00, 0x5d, 0x17,
	0x00, 0x30, 0xc3, 0xff, 0x00, 0x00, 0xff, 0xff, 0x00, 0xff, 0x00, 0xff, 0xff, 0xff, 0xff, 0x00,
	0xff, 0xff, 0x00, 0xff, 0x00, 0xff, 0x00, 0x00, 0xff, 0xff, 0x00, 0xff, 0x00, 0xff, 0x00, 0x00,
	0xff, 0xff, 0x00, 0xff, 0x00, 0xff, 0x00, 0x00, 0x00, 0x00, 0x00, 0x80, 0x01, 0x00, 0x01, 0x80,
	0x02, 0x00, 0x02, 0x80, 0x03, 0x00, 0x03, 0x80, 0x04, 0x00, 0x04, 0x80, 0x05, 0x00, 0x05, 0x80,
	0x06, 0x00, 0x06, 0x80, 0x07, 0x00, 0x07, 0x80, 0x08, 0x00, 0x00, 0x00, 0x00, 0x80, 0x01, 0x00,
	0x01, 0x80, 0x02, 0x00, 0x02, 0x80, 0x03, 0x00, 0x03, 0x80, 0x04, 0x00, 0x04, 0x80, 0x05, 0x00,
	0x05, 0x80, 0x06, 0x00, 0x06, 0x80, 0x07, 0x00, 0x07, 0x80, 0x08, 0x00, 0x00, 0x00, 0x00, 0x10,
	0xf9, 0x01, 0x00, 0xE0, 0x00, 0x20, 0x01, 0x00, 0x00, 0x00, 0x01, 0x18, 0x00, 0xE0, 0xE0, 0x00,
	0x30, 0x18, 0x00, 0xE0, 0xE0, 0x00, 0x20, 0x01, 0x00, 0x01, 0x40, 0x03, 0xFF, 0x01, 0x08, 0x01,
	0x08, 0x01, 0x50, 0x7A, 0x80, 0x01, 0x40, 0x50, 0x00, 0x01, 0x00, 0x80, 0x20, 0x00, 0x01, 0x01,
	0x90, 0x01, 0xF4, 0x01, 0x90, 0x01, 0x2c, 0x01, 0x0D, 0x00, 0x00, 0x26, 0x01, 0x28, 0x01, 0x00,
	0x40, 0x6A, 0x9A, 0x3A, 0x1A, 0x16, 0x2A, 0x00, 0x23, 0x4F, 0x00, 0x4E, 0xC5, 0x00, 0x5D, 0x17,
	0x00, 0x30, 0xC3, 0x06, 0x40, 0x40, 0x20, 0x40, 0x00, 0x60, 0x40, 0x60, 0x00, 0x60, 0x30, 0x60,

};

static unsigned char rainbow_b0_mdnie_color_lens_1_table[S6E3HAE_MDNIE_1_LEN] = {
	0x00, 0x40, 0x04, 0x00, 0x00, 0x00, 0x00, 0x00, 0x00, 0x00, 0x04, 0x00, 0x00, 0x00, 0x00, 0x00,
	0x00, 0x00, 0x04, 0x00, 0x00, 0x00, 0x15, 0x01, 0x00, 0x70, 0x01, 0x34, 0x01, 0x40, 0x66, 0x03,
	0x01, 0x11, 0x00, 0x20, 0x00, 0x08, 0x08, 0x00, 0x0a, 0x0a, 0x06, 0xae, 0x00, 0x00, 0x10, 0x20,
	0x40, 0x60, 0x00, 0x40, 0x00, 0x50, 0x00, 0x60, 0x00, 0x70, 0x00, 0x80, 0x00, 0x80, 0x00, 0x80,
	0x00, 0x00, 0x20, 0x40, 0x60, 0x01, 0x40, 0x01, 0x80, 0x01, 0x80, 0x01, 0x80, 0x02, 0x00, 0x00,
	0x00, 0x00, 0x00, 0x00, 0x00, 0x00, 0x40, 0x03, 0xB6, 0x23, 0x24, 0x00, 0x72, 0x01, 0x00, 0x0D,
	0x00, 0x04, 0x07, 0x40, 0x00, 0x6e, 0x82, 0xe6, 0xff, 0x00, 0xff, 0x00, 0x00, 0x02, 0x00, 0x02,
	0x00, 0x14, 0x00, 0x01, 0x00, 0x01, 0x00, 0x10, 0x00, 0x00, 0x28, 0x3c, 0x04, 0x0f, 0x01, 0x00,
	0x00, 0x08, 0x10, 0x18, 0x20, 0x28, 0x30, 0x38, 0x40, 0x48, 0x50, 0x58, 0x60, 0x68, 0x70, 0x78,
	0x80, 0x88, 0x90, 0x98, 0xa0, 0xa8, 0xb0, 0xb8, 0xc0, 0xc8, 0xd0, 0xd8, 0xe0, 0xe8, 0xf0, 0xf8,
	0x01, 0x00, 0x00, 0x08, 0x10, 0x18, 0x20, 0x28, 0x30, 0x38, 0x40, 0x48, 0x50, 0x58, 0x60, 0x68,
	0x70, 0x78, 0x80, 0x88, 0x90, 0x98, 0xa0, 0xa8, 0xb0, 0xb8, 0xc0, 0xc8, 0xd0, 0xd8, 0xe0, 0xe8,
	0xf0, 0xf8, 0x01, 0x00,

};

static unsigned char rainbow_b0_mdnie_color_lens_2_table[S6E3HAE_MDNIE_2_LEN] = {
	0x01, 0x00, 0x00, 0xf0, 0x07, 0x7f, 0x7f, 0x00, 0x00, 0x00, 0x00, 0x00, 0x00, 0x00, 0x00, 0x00,
	0x00, 0x01, 0xff, 0x04, 0x01,

};


static unsigned char rainbow_b0_mdnie_light_notification_0_table[S6E3HAE_MDNIE_0_LEN] = {
	0x01, 0x6a, 0x9a, 0x25, 0x1a, 0x16, 0x2a, 0x00, 0x37, 0x5a, 0x00, 0x4e, 0xc5, 0x00, 0x5d, 0x17,
	0x00, 0x30, 0xc3, 0xff, 0x60, 0x13, 0xff, 0xf9, 0x13, 0xff, 0x60, 0xac, 0xff, 0xf9, 0xac, 0x66,
	0xff, 0xf9, 0x60, 0xac, 0x13, 0xff, 0x66, 0x60, 0xf9, 0xac, 0x13, 0xff, 0x66, 0xf9, 0x60, 0x13,
	0xac, 0xff, 0x66, 0xf9, 0x60, 0xac, 0x13, 0x00, 0x00, 0x00, 0x00, 0x80, 0x01, 0x00, 0x01, 0x80,
	0x02, 0x00, 0x02, 0x80, 0x03, 0x00, 0x03, 0x80, 0x04, 0x00, 0x04, 0x80, 0x05, 0x00, 0x05, 0x80,
	0x06, 0x00, 0x06, 0x80, 0x07, 0x00, 0x07, 0x80, 0x08, 0x00, 0x00, 0x00, 0x00, 0x80, 0x01, 0x00,
	0x01, 0x80, 0x02, 0x00, 0x02, 0x80, 0x03, 0x00, 0x03, 0x80, 0x04, 0x00, 0x04, 0x80, 0x05, 0x00,
	0x05, 0x80, 0x06, 0x00, 0x06, 0x80, 0x07, 0x00, 0x07, 0x80, 0x08, 0x00, 0x00, 0x00, 0x00, 0x10,
	0xf9, 0x01, 0x00, 0xE0, 0x00, 0x20, 0x01, 0x00, 0x00, 0x00, 0x01, 0x18, 0x00, 0xE0, 0xE0, 0x00,
	0x30, 0x18, 0x00, 0xE0, 0xE0, 0x00, 0x20, 0x01, 0x00, 0x01, 0x40, 0x03, 0xFF, 0x01, 0x08, 0x01,
	0x08, 0x01, 0x50, 0x7A, 0x80, 0x01, 0x40, 0x50, 0x00, 0x01, 0x00, 0x80, 0x20, 0x00, 0x01, 0x01,
	0x90, 0x01, 0xF4, 0x01, 0x90, 0x01, 0x2c, 0x01, 0x0D, 0x00, 0x00, 0x26, 0x01, 0x28, 0x01, 0x00,
	0x40, 0x6A, 0x9A, 0x3A, 0x1A, 0x16, 0x2A, 0x00, 0x23, 0x4F, 0x00, 0x4E, 0xC5, 0x00, 0x5D, 0x17,
	0x00, 0x30, 0xC3, 0x06, 0x40, 0x50, 0x20, 0x40, 0x00, 0x60, 0x40, 0x60, 0x00, 0x60, 0x30, 0x60,

};

static unsigned char rainbow_b0_mdnie_light_notification_1_table[S6E3HAE_MDNIE_1_LEN] = {
	0x00, 0x40, 0x04, 0x00, 0x00, 0x00, 0x00, 0x00, 0x00, 0x00, 0x04, 0x00, 0x00, 0x00, 0x00, 0x00,
	0x00, 0x00, 0x04, 0x00, 0x00, 0x00, 0x15, 0x01, 0x00, 0x70, 0x01, 0x34, 0x01, 0x40, 0x66, 0x03,
	0x01, 0x11, 0x00, 0x20, 0x00, 0x08, 0x08, 0x00, 0x0a, 0x0a, 0x06, 0xae, 0x00, 0x00, 0x10, 0x20,
	0x40, 0x60, 0x00, 0x40, 0x00, 0x50, 0x00, 0x60, 0x00, 0x70, 0x00, 0x80, 0x00, 0x80, 0x00, 0x80,
	0x00, 0x00, 0x20, 0x40, 0x60, 0x01, 0x40, 0x01, 0x80, 0x01, 0x80, 0x01, 0x80, 0x02, 0x00, 0x00,
	0x00, 0x00, 0x00, 0x00, 0x00, 0x00, 0x40, 0x03, 0xB6, 0x23, 0x24, 0x00, 0x72, 0x01, 0x00, 0x0D,
	0x00, 0x04, 0x07, 0x40, 0x00, 0x6e, 0x82, 0xe6, 0xff, 0x00, 0xff, 0x00, 0x00, 0x02, 0x00, 0x02,
	0x00, 0x14, 0x00, 0x01, 0x00, 0x01, 0x00, 0x10, 0x00, 0x00, 0x28, 0x3c, 0x04, 0x0f, 0x01, 0x00,
	0x00, 0x08, 0x10, 0x18, 0x20, 0x28, 0x30, 0x38, 0x40, 0x48, 0x50, 0x58, 0x60, 0x68, 0x70, 0x78,
	0x80, 0x88, 0x90, 0x98, 0xa0, 0xa8, 0xb0, 0xb8, 0xc0, 0xc8, 0xd0, 0xd8, 0xe0, 0xe8, 0xf0, 0xf8,
	0x01, 0x00, 0x00, 0x08, 0x10, 0x18, 0x20, 0x28, 0x30, 0x38, 0x40, 0x48, 0x50, 0x58, 0x60, 0x68,
	0x70, 0x78, 0x80, 0x88, 0x90, 0x98, 0xa0, 0xa8, 0xb0, 0xb8, 0xc0, 0xc8, 0xd0, 0xd8, 0xe0, 0xe8,
	0xf0, 0xf8, 0x01, 0x00,

};

static unsigned char rainbow_b0_mdnie_light_notification_2_table[S6E3HAE_MDNIE_2_LEN] = {
	0x01, 0x00, 0x00, 0xf0, 0x07, 0x7f, 0x7f, 0x00, 0x00, 0x00, 0x00, 0x00, 0x00, 0x00, 0x00, 0x00,
	0x00, 0x01, 0xff, 0x04, 0x01,

};



static unsigned char rainbow_b0_mdnie_hdr_0_table[HDR_MAX][S6E3HAE_MDNIE_0_LEN] = {
	[HDR_1] = {
		0x01, 0x6A, 0x9A, 0x25, 0x1A, 0x16, 0x2A, 0x00, 0x37, 0x5A, 0x00, 0x4E, 0xC5, 0x00, 0x5D, 0x17,
		0x00, 0x30, 0xC3, 0xFF, 0x00, 0x00, 0xFF, 0xFF, 0x00, 0xFF, 0x00, 0xFF, 0xFF, 0xFF, 0xFF, 0x00,
		0xFF, 0xFF, 0x00, 0xFF, 0x00, 0xFF, 0x00, 0x00, 0xFF, 0xFF, 0x00, 0xFF, 0x00, 0xFF, 0x00, 0x00,
		0xFF, 0xFF, 0x00, 0xFF, 0x00, 0xFF, 0x00, 0x00, 0x00, 0x00, 0x00, 0x80, 0x01, 0x00, 0x01, 0x80,
		0x02, 0x00, 0x02, 0x80, 0x03, 0x00, 0x03, 0x80, 0x04, 0x00, 0x04, 0x80, 0x05, 0x00, 0x05, 0x80,
		0x06, 0x00, 0x06, 0x80, 0x07, 0x00, 0x07, 0x80, 0x08, 0x00, 0x00, 0x00, 0x00, 0x80, 0x01, 0x00,
		0x01, 0x80, 0x02, 0x00, 0x02, 0x80, 0x03, 0x00, 0x03, 0x80, 0x04, 0x00, 0x04, 0x80, 0x05, 0x00,
		0x05, 0x80, 0x06, 0x00, 0x06, 0x80, 0x07, 0x00, 0x07, 0x80, 0x08, 0x00, 0x00, 0x00, 0x00, 0x00,
		0xFF, 0x01, 0x00, 0x00, 0x00, 0x00, 0x00, 0x00, 0x00, 0x00, 0x01, 0x18, 0x00, 0x00, 0xE0, 0x00,
		0x00, 0x18, 0x00, 0x00, 0xE0, 0x00, 0x00, 0x01, 0x00, 0x01, 0x00, 0x03, 0xFF, 0x01, 0x04, 0x01,
		0x04, 0x00, 0x73, 0x7A, 0x80, 0x00, 0x40, 0x60, 0x00, 0x00, 0x00, 0x80, 0x20, 0x00, 0x00, 0x01,
		0x00, 0x01, 0x00, 0x01, 0x00, 0x01, 0x00, 0x00, 0x0D, 0x01, 0x00, 0x26, 0x00, 0x20, 0x01, 0x00,
		0x00, 0x6A, 0x9A, 0x0C, 0x0C, 0x0C, 0x0C, 0x00, 0xAA, 0xAB, 0x00, 0xAA, 0xAB, 0x00, 0xAA, 0xAB,
		0x00, 0xAA, 0xAB, 0x00, 0x40, 0x40, 0x40, 0x40, 0x40, 0x40, 0x40, 0x40, 0x40, 0x40, 0x40, 0x40,
	},
	[HDR_2] = {
		0x01, 0x6A, 0x9A, 0x25, 0x1A, 0x16, 0x2A, 0x00, 0x37, 0x5A, 0x00, 0x4E, 0xC5, 0x00, 0x5D, 0x17,
		0x00, 0x30, 0xC3, 0xFF, 0x00, 0x00, 0xFF, 0xFF, 0x00, 0xFF, 0x00, 0xFF, 0xFF, 0xFF, 0xFF, 0x00,
		0xFF, 0xFF, 0x00, 0xFF, 0x00, 0xFF, 0x00, 0x00, 0xFF, 0xFF, 0x00, 0xFF, 0x00, 0xFF, 0x00, 0x00,
		0xFF, 0xFF, 0x00, 0xFF, 0x00, 0xFF, 0x00, 0x00, 0x00, 0x00, 0x00, 0x80, 0x01, 0x00, 0x01, 0x80,
		0x02, 0x00, 0x02, 0x80, 0x03, 0x00, 0x03, 0x80, 0x04, 0x00, 0x04, 0x80, 0x05, 0x00, 0x05, 0x80,
		0x06, 0x00, 0x06, 0x80, 0x07, 0x00, 0x07, 0x80, 0x08, 0x00, 0x00, 0x00, 0x00, 0x80, 0x01, 0x00,
		0x01, 0x80, 0x02, 0x00, 0x02, 0x80, 0x03, 0x00, 0x03, 0x80, 0x04, 0x00, 0x04, 0x80, 0x05, 0x00,
		0x05, 0x80, 0x06, 0x00, 0x06, 0x80, 0x07, 0x00, 0x07, 0x80, 0x08, 0x00, 0x00, 0x00, 0x00, 0x00,
		0xFF, 0x01, 0x00, 0x00, 0x00, 0x00, 0x00, 0x00, 0x00, 0x00, 0x01, 0x18, 0x00, 0x00, 0xE0, 0x00,
		0x00, 0x18, 0x00, 0x00, 0xE0, 0x00, 0x00, 0x01, 0x00, 0x01, 0x00, 0x03, 0xFF, 0x01, 0x04, 0x01,
		0x04, 0x00, 0x73, 0x7A, 0x80, 0x00, 0x40, 0x60, 0x00, 0x00, 0x00, 0x80, 0x20, 0x00, 0x00, 0x01,
		0x00, 0x01, 0x00, 0x01, 0x00, 0x01, 0x00, 0x00, 0x0D, 0x01, 0x00, 0x26, 0x00, 0x20, 0x01, 0x00,
		0x00, 0x6A, 0x9A, 0x0C, 0x0C, 0x0C, 0x0C, 0x00, 0xAA, 0xAB, 0x00, 0xAA, 0xAB, 0x00, 0xAA, 0xAB,
		0x00, 0xAA, 0xAB, 0x00, 0x40, 0x40, 0x40, 0x40, 0x40, 0x40, 0x40, 0x40, 0x40, 0x40, 0x40, 0x40,
	},
	[HDR_3] = {
		0x01, 0x6A, 0x9A, 0x25, 0x1A, 0x16, 0x2A, 0x00, 0x37, 0x5A, 0x00, 0x4E, 0xC5, 0x00, 0x5D, 0x17,
		0x00, 0x30, 0xC3, 0xFF, 0x00, 0x00, 0xFF, 0xFF, 0x00, 0xFF, 0x00, 0xFF, 0xFF, 0xFF, 0xFF, 0x00,
		0xFF, 0xFF, 0x00, 0xFF, 0x00, 0xFF, 0x00, 0x00, 0xFF, 0xFF, 0x00, 0xFF, 0x00, 0xFF, 0x00, 0x00,
		0xFF, 0xFF, 0x00, 0xFF, 0x00, 0xFF, 0x00, 0x00, 0x00, 0x00, 0x00, 0x80, 0x01, 0x00, 0x01, 0x80,
		0x02, 0x00, 0x02, 0x80, 0x03, 0x00, 0x03, 0x80, 0x04, 0x00, 0x04, 0x80, 0x05, 0x00, 0x05, 0x80,
		0x06, 0x00, 0x06, 0x80, 0x07, 0x00, 0x07, 0x80, 0x08, 0x00, 0x00, 0x00, 0x00, 0x80, 0x01, 0x00,
		0x01, 0x80, 0x02, 0x00, 0x02, 0x80, 0x03, 0x00, 0x03, 0x80, 0x04, 0x00, 0x04, 0x80, 0x05, 0x00,
		0x05, 0x80, 0x06, 0x00, 0x06, 0x80, 0x07, 0x00, 0x07, 0x80, 0x08, 0x00, 0x00, 0x00, 0x00, 0x00,
		0xFF, 0x01, 0x00, 0x00, 0x00, 0x00, 0x00, 0x00, 0x00, 0x00, 0x01, 0x18, 0x00, 0x00, 0xE0, 0x00,
		0x00, 0x18, 0x00, 0x00, 0xE0, 0x00, 0x00, 0x01, 0x00, 0x01, 0x00, 0x03, 0xFF, 0x01, 0x04, 0x01,
		0x04, 0x00, 0x73, 0x7A, 0x80, 0x00, 0x40, 0x60, 0x00, 0x00, 0x00, 0x80, 0x20, 0x00, 0x00, 0x01,
		0x00, 0x01, 0x00, 0x01, 0x00, 0x01, 0x00, 0x00, 0x0D, 0x01, 0x00, 0x26, 0x00, 0x20, 0x01, 0x00,
		0x00, 0x6A, 0x9A, 0x0C, 0x0C, 0x0C, 0x0C, 0x00, 0xAA, 0xAB, 0x00, 0xAA, 0xAB, 0x00, 0xAA, 0xAB,
		0x00, 0xAA, 0xAB, 0x00, 0x40, 0x40, 0x40, 0x40, 0x40, 0x40, 0x40, 0x40, 0x40, 0x40, 0x40, 0x40,
	},
};


static unsigned char rainbow_b0_mdnie_hdr_1_table[HDR_MAX][S6E3HAE_MDNIE_1_LEN] = {
	[HDR_1] = {
		0x00, 0x40, 0x04, 0x00, 0x00, 0x00, 0x00, 0x00, 0x00, 0x00, 0x04, 0x00, 0x00, 0x00, 0x00, 0x00,
		0x00, 0x00, 0x04, 0x00, 0x00, 0x00, 0x30, 0x01, 0x00, 0x70, 0x01, 0x34, 0x01, 0x40, 0x66, 0x03,
		0x01, 0x11, 0x00, 0x20, 0x00, 0x08, 0x08, 0x00, 0x0a, 0x0a, 0x06, 0xae, 0x00, 0x00, 0x10, 0x20,
		0x40, 0x60, 0x00, 0x40, 0x00, 0x50, 0x00, 0x60, 0x00, 0x70, 0x00, 0x80, 0x00, 0x80, 0x00, 0x80,
		0x00, 0x00, 0x20, 0x40, 0x60, 0x01, 0x40, 0x01, 0x80, 0x01, 0x80, 0x01, 0x80, 0x02, 0x00, 0x00,
		0x00, 0x00, 0x00, 0x00, 0x00, 0x00, 0x40, 0x03, 0xB6, 0x23, 0x24, 0x00, 0x72, 0x01, 0x00, 0x0D,
		0x00, 0x04, 0x07, 0x40, 0x00, 0x6e, 0x82, 0xe6, 0xff, 0x00, 0xff, 0x00, 0x00, 0x02, 0x00, 0x02,
		0x00, 0x14, 0x00, 0x01, 0x00, 0x01, 0x00, 0x10, 0x00, 0x00, 0x28, 0x3c, 0x04, 0x0f, 0x01, 0x08,
		0x00, 0x08, 0x10, 0x18, 0x20, 0x28, 0x30, 0x38, 0x40, 0x48, 0x50, 0x58, 0x60, 0x68, 0x70, 0x78,
		0x80, 0x88, 0x90, 0x98, 0xa0, 0xa8, 0xb0, 0xb8, 0xc0, 0xc8, 0xd0, 0xd8, 0xe0, 0xe8, 0xf0, 0xf8,
		0x01, 0x00, 0x00, 0x08, 0x10, 0x18, 0x20, 0x28, 0x30, 0x38, 0x40, 0x48, 0x50, 0x58, 0x60, 0x68,
		0x70, 0x78, 0x80, 0x88, 0x90, 0x98, 0xa0, 0xa8, 0xb0, 0xb8, 0xc0, 0xc8, 0xd0, 0xd8, 0xe0, 0xe8,
		0xf0, 0xf8, 0x01, 0x00,
	},
	[HDR_2] = {
		0x00, 0x40, 0x04, 0x00, 0x00, 0x00, 0x00, 0x00, 0x00, 0x00, 0x04, 0x00, 0x00, 0x00, 0x00, 0x00,
		0x00, 0x00, 0x04, 0x00, 0x00, 0x00, 0x30, 0x01, 0x00, 0x70, 0x01, 0x34, 0x01, 0x40, 0x66, 0x03,
		0x01, 0x11, 0x00, 0x20, 0x00, 0x08, 0x08, 0x00, 0x0a, 0x0a, 0x06, 0xae, 0x00, 0x00, 0x10, 0x20,
		0x40, 0x60, 0x00, 0x40, 0x00, 0x50, 0x00, 0x60, 0x00, 0x70, 0x00, 0x80, 0x00, 0x80, 0x00, 0x80,
		0x00, 0x00, 0x20, 0x40, 0x60, 0x01, 0x40, 0x01, 0x80, 0x01, 0x80, 0x01, 0x80, 0x02, 0x00, 0x00,
		0x00, 0x00, 0x00, 0x00, 0x00, 0x00, 0x40, 0x03, 0xB6, 0x23, 0x24, 0x00, 0x72, 0x01, 0x00, 0x0D,
		0x00, 0x04, 0x07, 0x40, 0x00, 0x6e, 0x82, 0xe6, 0xff, 0x00, 0xff, 0x00, 0x00, 0x02, 0x00, 0x02,
		0x00, 0x14, 0x00, 0x01, 0x00, 0x01, 0x00, 0x10, 0x00, 0x00, 0x28, 0x3c, 0x04, 0x0f, 0x01, 0x08,
		0x00, 0x08, 0x10, 0x18, 0x20, 0x28, 0x30, 0x38, 0x40, 0x48, 0x50, 0x58, 0x60, 0x68, 0x70, 0x78,
		0x80, 0x88, 0x90, 0x98, 0xa0, 0xa8, 0xb0, 0xb8, 0xc0, 0xc8, 0xd0, 0xd8, 0xe0, 0xe8, 0xf0, 0xf8,
		0x01, 0x00, 0x00, 0x08, 0x10, 0x18, 0x20, 0x28, 0x30, 0x38, 0x40, 0x48, 0x50, 0x58, 0x60, 0x68,
		0x70, 0x78, 0x80, 0x88, 0x90, 0x98, 0xa0, 0xa8, 0xb0, 0xb8, 0xc0, 0xc8, 0xd0, 0xd8, 0xe0, 0xe8,
		0xf0, 0xf8, 0x01, 0x00,
	},
	[HDR_3] = {
		0x00, 0x40, 0x04, 0x00, 0x00, 0x00, 0x00, 0x00, 0x00, 0x00, 0x04, 0x00, 0x00, 0x00, 0x00, 0x00,
		0x00, 0x00, 0x04, 0x00, 0x00, 0x00, 0x30, 0x01, 0x00, 0x70, 0x01, 0x34, 0x01, 0x40, 0x66, 0x03,
		0x01, 0x11, 0x00, 0x20, 0x00, 0x08, 0x08, 0x00, 0x0a, 0x0a, 0x06, 0xae, 0x00, 0x00, 0x10, 0x20,
		0x40, 0x60, 0x00, 0x40, 0x00, 0x50, 0x00, 0x60, 0x00, 0x70, 0x00, 0x80, 0x00, 0x80, 0x00, 0x80,
		0x00, 0x00, 0x20, 0x40, 0x60, 0x01, 0x40, 0x01, 0x80, 0x01, 0x80, 0x01, 0x80, 0x02, 0x00, 0x00,
		0x00, 0x00, 0x00, 0x00, 0x00, 0x00, 0x40, 0x03, 0xB6, 0x23, 0x24, 0x00, 0x72, 0x01, 0x00, 0x0D,
		0x00, 0x04, 0x07, 0x40, 0x00, 0x6e, 0x82, 0xe6, 0xff, 0x00, 0xff, 0x00, 0x00, 0x02, 0x00, 0x02,
		0x00, 0x14, 0x00, 0x01, 0x00, 0x01, 0x00, 0x10, 0x00, 0x00, 0x28, 0x3c, 0x04, 0x0f, 0x01, 0x08,
		0x00, 0x08, 0x10, 0x18, 0x20, 0x28, 0x30, 0x38, 0x40, 0x48, 0x50, 0x58, 0x60, 0x68, 0x70, 0x78,
		0x80, 0x88, 0x90, 0x98, 0xa0, 0xa8, 0xb0, 0xb8, 0xc0, 0xc8, 0xd0, 0xd8, 0xe0, 0xe8, 0xf0, 0xf8,
		0x01, 0x00, 0x00, 0x08, 0x10, 0x18, 0x20, 0x28, 0x30, 0x38, 0x40, 0x48, 0x50, 0x58, 0x60, 0x68,
		0x70, 0x78, 0x80, 0x88, 0x90, 0x98, 0xa0, 0xa8, 0xb0, 0xb8, 0xc0, 0xc8, 0xd0, 0xd8, 0xe0, 0xe8,
		0xf0, 0xf8, 0x01, 0x00,
	},
};


static unsigned char rainbow_b0_mdnie_hdr_2_table[HDR_MAX][S6E3HAE_MDNIE_2_LEN] = {
	[HDR_1] = {
		0x01, 0x00, 0x00, 0xF0, 0x07, 0x7F, 0x7F, 0x00, 0x00, 0x00, 0x00, 0x00, 0x00, 0x00, 0x00, 0x00,
		0x00, 0x01, 0xFF, 0x04, 0x01,
	},
	[HDR_2] = {
		0x01, 0x00, 0x00, 0xF0, 0x07, 0x7F, 0x7F, 0x00, 0x00, 0x00, 0x00, 0x00, 0x00, 0x00, 0x00, 0x00,
		0x00, 0x01, 0xFF, 0x04, 0x01,
	},
	[HDR_3] = {
		0x01, 0x00, 0x00, 0xF0, 0x07, 0x7F, 0x7F, 0x00, 0x00, 0x00, 0x00, 0x00, 0x00, 0x00, 0x00, 0x00,
		0x00, 0x01, 0xFF, 0x04, 0x01,
	},
};



#ifdef CONFIG_USDM_PANEL_HMD
static unsigned char rainbow_b0_mdnie_hmd_0_table[HMD_MDNIE_MAX][S6E3HAE_MDNIE_0_LEN] = {
	[HMD_3000K] = {
	},
	[HMD_4000K] = {
	},
	[HMD_5000K] = {
	},
	[HMD_6500K] = {
	},
	[HMD_7500K] = {
	},
};


static unsigned char rainbow_b0_mdnie_hmd_1_table[HMD_MDNIE_MAX][S6E3HAE_MDNIE_1_LEN] = {
	[HMD_3000K] = {
	},
	[HMD_4000K] = {
	},
	[HMD_5000K] = {
	},
	[HMD_6500K] = {
	},
	[HMD_7500K] = {
	},
};


static unsigned char rainbow_b0_mdnie_hmd_2_table[HMD_MDNIE_MAX][S6E3HAE_MDNIE_2_LEN] = {
	[HMD_3000K] = {
	},
	[HMD_4000K] = {
	},
	[HMD_5000K] = {
	},
	[HMD_6500K] = {
	},
	[HMD_7500K] = {
	},
};


#endif /* CONFIG_USDM_PANEL_HMD */

/* #################################################################################################### */
/* ############################################ MAPTBL ############################################ */
/* #################################################################################################### */

static struct maptbl rainbow_b0_mdnie_scenario_0_maptbl = __OLED_MAPTBL_DEFAULT_INITIALIZER(rainbow_b0_mdnie_scenario_0_table,
		MDNIE_SCENARIO_PROPERTY, MDNIE_SCENARIO_MODE_PROPERTY);
static struct maptbl rainbow_b0_mdnie_scenario_1_maptbl = __OLED_MAPTBL_DEFAULT_INITIALIZER(rainbow_b0_mdnie_scenario_1_table,
		MDNIE_SCENARIO_PROPERTY, MDNIE_SCENARIO_MODE_PROPERTY);
static struct maptbl rainbow_b0_mdnie_scenario_2_maptbl = __OLED_MAPTBL_DEFAULT_INITIALIZER(rainbow_b0_mdnie_scenario_2_table,
		MDNIE_SCENARIO_PROPERTY, MDNIE_SCENARIO_MODE_PROPERTY);

static struct maptbl rainbow_b0_mdnie_scr_white_maptbl = __OLED_MAPTBL_COPY_ONLY_INITIALIZER(rainbow_b0_color_coordinate_table,
		&OLED_FUNC(OLED_MAPTBL_COPY_SCR_WHITE));

static struct maptbl rainbow_b0_mdnie_negative_0_maptbl = __OLED_MAPTBL_DEFAULT_INITIALIZER(rainbow_b0_mdnie_negative_0_table);
static struct maptbl rainbow_b0_mdnie_negative_1_maptbl = __OLED_MAPTBL_DEFAULT_INITIALIZER(rainbow_b0_mdnie_negative_1_table);
static struct maptbl rainbow_b0_mdnie_negative_2_maptbl = __OLED_MAPTBL_DEFAULT_INITIALIZER(rainbow_b0_mdnie_negative_2_table);
static struct maptbl rainbow_b0_mdnie_color_blind_0_maptbl = __OLED_MAPTBL_DEFAULT_INITIALIZER(rainbow_b0_mdnie_color_blind_0_table);
static struct maptbl rainbow_b0_mdnie_color_blind_1_maptbl = __OLED_MAPTBL_DEFAULT_INITIALIZER(rainbow_b0_mdnie_color_blind_1_table);
static struct maptbl rainbow_b0_mdnie_color_blind_2_maptbl = __OLED_MAPTBL_DEFAULT_INITIALIZER(rainbow_b0_mdnie_color_blind_2_table);
static struct maptbl rainbow_b0_mdnie_screen_curtain_0_maptbl = __OLED_MAPTBL_DEFAULT_INITIALIZER(rainbow_b0_mdnie_screen_curtain_0_table);
static struct maptbl rainbow_b0_mdnie_screen_curtain_1_maptbl = __OLED_MAPTBL_DEFAULT_INITIALIZER(rainbow_b0_mdnie_screen_curtain_1_table);
static struct maptbl rainbow_b0_mdnie_screen_curtain_2_maptbl = __OLED_MAPTBL_DEFAULT_INITIALIZER(rainbow_b0_mdnie_screen_curtain_2_table);
static struct maptbl rainbow_b0_mdnie_grayscale_0_maptbl = __OLED_MAPTBL_DEFAULT_INITIALIZER(rainbow_b0_mdnie_grayscale_0_table);
static struct maptbl rainbow_b0_mdnie_grayscale_1_maptbl = __OLED_MAPTBL_DEFAULT_INITIALIZER(rainbow_b0_mdnie_grayscale_1_table);
static struct maptbl rainbow_b0_mdnie_grayscale_2_maptbl = __OLED_MAPTBL_DEFAULT_INITIALIZER(rainbow_b0_mdnie_grayscale_2_table);
static struct maptbl rainbow_b0_mdnie_grayscale_negative_0_maptbl = __OLED_MAPTBL_DEFAULT_INITIALIZER(rainbow_b0_mdnie_grayscale_negative_0_table);
static struct maptbl rainbow_b0_mdnie_grayscale_negative_1_maptbl = __OLED_MAPTBL_DEFAULT_INITIALIZER(rainbow_b0_mdnie_grayscale_negative_1_table);
static struct maptbl rainbow_b0_mdnie_grayscale_negative_2_maptbl = __OLED_MAPTBL_DEFAULT_INITIALIZER(rainbow_b0_mdnie_grayscale_negative_2_table);
static struct maptbl rainbow_b0_mdnie_color_blind_hbm_0_maptbl = __OLED_MAPTBL_DEFAULT_INITIALIZER(rainbow_b0_mdnie_color_blind_hbm_0_table);
static struct maptbl rainbow_b0_mdnie_color_blind_hbm_1_maptbl = __OLED_MAPTBL_DEFAULT_INITIALIZER(rainbow_b0_mdnie_color_blind_hbm_1_table);
static struct maptbl rainbow_b0_mdnie_color_blind_hbm_2_maptbl = __OLED_MAPTBL_DEFAULT_INITIALIZER(rainbow_b0_mdnie_color_blind_hbm_2_table);
static struct maptbl rainbow_b0_mdnie_bypass_0_maptbl = __OLED_MAPTBL_DEFAULT_INITIALIZER(rainbow_b0_mdnie_bypass_0_table);
static struct maptbl rainbow_b0_mdnie_bypass_1_maptbl = __OLED_MAPTBL_DEFAULT_INITIALIZER(rainbow_b0_mdnie_bypass_1_table);
static struct maptbl rainbow_b0_mdnie_bypass_2_maptbl = __OLED_MAPTBL_DEFAULT_INITIALIZER(rainbow_b0_mdnie_bypass_2_table);
static struct maptbl rainbow_b0_mdnie_hbm_0_maptbl = __OLED_MAPTBL_DEFAULT_INITIALIZER(rainbow_b0_mdnie_hbm_0_table);
static struct maptbl rainbow_b0_mdnie_hbm_1_maptbl = __OLED_MAPTBL_DEFAULT_INITIALIZER(rainbow_b0_mdnie_hbm_1_table);
static struct maptbl rainbow_b0_mdnie_hbm_2_maptbl = __OLED_MAPTBL_DEFAULT_INITIALIZER(rainbow_b0_mdnie_hbm_2_table);
static struct maptbl rainbow_b0_mdnie_night_0_maptbl = __OLED_MAPTBL_DEFAULT_INITIALIZER(rainbow_b0_mdnie_night_0_table);
static struct maptbl rainbow_b0_mdnie_night_1_maptbl = __OLED_MAPTBL_DEFAULT_INITIALIZER(rainbow_b0_mdnie_night_1_table);
static struct maptbl rainbow_b0_mdnie_night_2_maptbl = __OLED_MAPTBL_DEFAULT_INITIALIZER(rainbow_b0_mdnie_night_2_table);
static struct maptbl rainbow_b0_mdnie_color_lens_0_maptbl = __OLED_MAPTBL_DEFAULT_INITIALIZER(rainbow_b0_mdnie_color_lens_0_table);
static struct maptbl rainbow_b0_mdnie_color_lens_1_maptbl = __OLED_MAPTBL_DEFAULT_INITIALIZER(rainbow_b0_mdnie_color_lens_1_table);
static struct maptbl rainbow_b0_mdnie_color_lens_2_maptbl = __OLED_MAPTBL_DEFAULT_INITIALIZER(rainbow_b0_mdnie_color_lens_2_table);
static struct maptbl rainbow_b0_mdnie_light_notification_0_maptbl = __OLED_MAPTBL_DEFAULT_INITIALIZER(rainbow_b0_mdnie_light_notification_0_table);
static struct maptbl rainbow_b0_mdnie_light_notification_1_maptbl = __OLED_MAPTBL_DEFAULT_INITIALIZER(rainbow_b0_mdnie_light_notification_1_table);
static struct maptbl rainbow_b0_mdnie_light_notification_2_maptbl = __OLED_MAPTBL_DEFAULT_INITIALIZER(rainbow_b0_mdnie_light_notification_2_table);

static struct maptbl rainbow_b0_mdnie_hdr_0_maptbl = __OLED_MAPTBL_DEFAULT_INITIALIZER(rainbow_b0_mdnie_hdr_0_table,
		MDNIE_HDR_PROPERTY);
static struct maptbl rainbow_b0_mdnie_hdr_1_maptbl = __OLED_MAPTBL_DEFAULT_INITIALIZER(rainbow_b0_mdnie_hdr_1_table,
		MDNIE_HDR_PROPERTY);
static struct maptbl rainbow_b0_mdnie_hdr_2_maptbl = __OLED_MAPTBL_DEFAULT_INITIALIZER(rainbow_b0_mdnie_hdr_2_table,
		MDNIE_HDR_PROPERTY);

#ifdef CONFIG_USDM_PANEL_HMD
static struct maptbl rainbow_b0_mdnie_hmd_0_maptbl = __OLED_MAPTBL_DEFAULT_INITIALIZER(rainbow_b0_mdnie_hmd_0_table,
		MDNIE_HMD_PROPERTY);
static struct maptbl rainbow_b0_mdnie_hmd_1_maptbl = __OLED_MAPTBL_DEFAULT_INITIALIZER(rainbow_b0_mdnie_hmd_1_table,
		MDNIE_HMD_PROPERTY);
static struct maptbl rainbow_b0_mdnie_hmd_2_maptbl = __OLED_MAPTBL_DEFAULT_INITIALIZER(rainbow_b0_mdnie_hmd_2_table,
		MDNIE_HMD_PROPERTY);
#endif /* CONFIG_USDM_PANEL_HMD */

static struct maptbl rainbow_b0_mdnie_night_mode_maptbl = DEFINE_3D_MAPTBL(rainbow_b0_night_mode_table,
		&OLED_FUNC(OLED_MAPTBL_INIT_DEFAULT), &OLED_FUNC(OLED_MAPTBL_GETIDX_MDNIE_NIGHT_MODE),
		&OLED_FUNC(OLED_MAPTBL_COPY_DEFAULT));
static struct maptbl rainbow_b0_mdnie_color_lens_maptbl = DEFINE_3D_MAPTBL(rainbow_b0_color_lens_table,
		&OLED_FUNC(OLED_MAPTBL_INIT_DEFAULT), &OLED_FUNC(OLED_MAPTBL_GETIDX_COLOR_LENS),
		&OLED_FUNC(OLED_MAPTBL_COPY_DEFAULT));
static struct maptbl rainbow_b0_mdnie_trans_mode_maptbl = DEFINE_2D_MAPTBL(rainbow_b0_trans_mode_table,
		&OLED_FUNC(OLED_MAPTBL_INIT_DEFAULT), &OLED_FUNC(OLED_MAPTBL_GETIDX_MDNIE_TRANS_MODE),
		&OLED_FUNC(OLED_MAPTBL_COPY_DEFAULT));

/* #################################################################################################### */
/* ############################################ KEYINFO / PACKET BUFFERS ############################################ */
/* #################################################################################################### */

static struct keyinfo KEYINFO(rainbow_b0_level1_key_enable);
static struct keyinfo KEYINFO(rainbow_b0_level1_key_disable);
static struct keyinfo KEYINFO(rainbow_b0_level2_key_enable);
static struct keyinfo KEYINFO(rainbow_b0_level2_key_disable);

static u8 RAINBOW_B0_MDNIE_0[S6E3HAE_MDNIE_0_LEN + 1] = { S6E3HAE_MDNIE_0_REG, 0x00, };
static u8 RAINBOW_B0_MDNIE_1[S6E3HAE_MDNIE_1_LEN + 1] = { S6E3HAE_MDNIE_1_REG, 0x00, };
static u8 RAINBOW_B0_MDNIE_2[S6E3HAE_MDNIE_2_LEN + 1] = { S6E3HAE_MDNIE_2_REG, 0x00, };

/* #################################################################################################### */
/* ############################################ PKTUI / CMDTBL ############################################ */
/* #################################################################################################### */

static DECLARE_PKTUI(rainbow_b0_mdnie_scenario_0) = {
	{ .offset = S6E3HAE_DATA_OFS, .maptbl = &rainbow_b0_mdnie_scenario_0_maptbl },
	{ .offset = S6E3HAE_DATA_OFS + S6E3HAE_SCR_WR_OFS, .maptbl = &rainbow_b0_mdnie_scr_white_maptbl },
};
static DEFINE_VARIABLE_PACKET(rainbow_b0_mdnie_scenario_0, DSI_PKT_TYPE_WR, RAINBOW_B0_MDNIE_0, S6E3HAE_MDNIE_0_OFS);
static DEFINE_PKTUI(rainbow_b0_mdnie_scenario_1, &rainbow_b0_mdnie_scenario_1_maptbl, S6E3HAE_DATA_OFS);
static DEFINE_VARIABLE_PACKET(rainbow_b0_mdnie_scenario_1, DSI_PKT_TYPE_WR, RAINBOW_B0_MDNIE_1, 0);
static DECLARE_PKTUI(rainbow_b0_mdnie_scenario_2) = {
	{ .offset = S6E3HAE_DATA_OFS, .maptbl = &rainbow_b0_mdnie_scenario_2_maptbl },
	{ .offset = S6E3HAE_DATA_OFS + S6E3HAE_TRANS_MODE_OFS, .maptbl = &rainbow_b0_mdnie_trans_mode_maptbl },
};
static DEFINE_VARIABLE_PACKET(rainbow_b0_mdnie_scenario_2, DSI_PKT_TYPE_WR, RAINBOW_B0_MDNIE_2, 0);
static void *rainbow_b0_mdnie_scenario_cmdtbl[] = {
	&KEYINFO(rainbow_b0_level1_key_enable),
	&KEYINFO(rainbow_b0_level2_key_enable),
	&PKTINFO(rainbow_b0_mdnie_scenario_0),
	&PKTINFO(rainbow_b0_mdnie_scenario_1),
	&PKTINFO(rainbow_b0_mdnie_scenario_2),
	&KEYINFO(rainbow_b0_level2_key_disable),
	&KEYINFO(rainbow_b0_level1_key_disable),
};

static DEFINE_PKTUI(rainbow_b0_mdnie_negative_0, &rainbow_b0_mdnie_negative_0_maptbl, S6E3HAE_DATA_OFS);
static DEFINE_VARIABLE_PACKET(rainbow_b0_mdnie_negative_0, DSI_PKT_TYPE_WR, RAINBOW_B0_MDNIE_0, S6E3HAE_MDNIE_0_OFS);
static DEFINE_PKTUI(rainbow_b0_mdnie_negative_1, &rainbow_b0_mdnie_negative_1_maptbl, S6E3HAE_DATA_OFS);
static DEFINE_VARIABLE_PACKET(rainbow_b0_mdnie_negative_1, DSI_PKT_TYPE_WR, RAINBOW_B0_MDNIE_1, 0);
static DEFINE_PKTUI(rainbow_b0_mdnie_negative_2, &rainbow_b0_mdnie_negative_2_maptbl, S6E3HAE_DATA_OFS);
static DEFINE_VARIABLE_PACKET(rainbow_b0_mdnie_negative_2, DSI_PKT_TYPE_WR, RAINBOW_B0_MDNIE_2, 0);
static void *rainbow_b0_mdnie_negative_cmdtbl[] = {
	&KEYINFO(rainbow_b0_level1_key_enable),
	&KEYINFO(rainbow_b0_level2_key_enable),
	&PKTINFO(rainbow_b0_mdnie_negative_0),
	&PKTINFO(rainbow_b0_mdnie_negative_1),
	&PKTINFO(rainbow_b0_mdnie_negative_2),
	&KEYINFO(rainbow_b0_level2_key_disable),
	&KEYINFO(rainbow_b0_level1_key_disable),
};

static DEFINE_PKTUI(rainbow_b0_mdnie_color_blind_0, &rainbow_b0_mdnie_color_blind_0_maptbl, S6E3HAE_DATA_OFS);
static DEFINE_VARIABLE_PACKET(rainbow_b0_mdnie_color_blind_0, DSI_PKT_TYPE_WR, RAINBOW_B0_MDNIE_0, S6E3HAE_MDNIE_0_OFS);
static DEFINE_PKTUI(rainbow_b0_mdnie_color_blind_1, &rainbow_b0_mdnie_color_blind_1_maptbl, S6E3HAE_DATA_OFS);
static DEFINE_VARIABLE_PACKET(rainbow_b0_mdnie_color_blind_1, DSI_PKT_TYPE_WR, RAINBOW_B0_MDNIE_1, 0);
static DEFINE_PKTUI(rainbow_b0_mdnie_color_blind_2, &rainbow_b0_mdnie_color_blind_2_maptbl, S6E3HAE_DATA_OFS);
static DEFINE_VARIABLE_PACKET(rainbow_b0_mdnie_color_blind_2, DSI_PKT_TYPE_WR, RAINBOW_B0_MDNIE_2, 0);
static void *rainbow_b0_mdnie_color_blind_cmdtbl[] = {
	&KEYINFO(rainbow_b0_level1_key_enable),
	&KEYINFO(rainbow_b0_level2_key_enable),
	&PKTINFO(rainbow_b0_mdnie_color_blind_0),
	&PKTINFO(rainbow_b0_mdnie_color_blind_1),
	&PKTINFO(rainbow_b0_mdnie_color_blind_2),
	&KEYINFO(rainbow_b0_level2_key_disable),
	&KEYINFO(rainbow_b0_level1_key_disable),
};

static DEFINE_PKTUI(rainbow_b0_mdnie_screen_curtain_0, &rainbow_b0_mdnie_screen_curtain_0_maptbl, S6E3HAE_DATA_OFS);
static DEFINE_VARIABLE_PACKET(rainbow_b0_mdnie_screen_curtain_0, DSI_PKT_TYPE_WR, RAINBOW_B0_MDNIE_0, S6E3HAE_MDNIE_0_OFS);
static DEFINE_PKTUI(rainbow_b0_mdnie_screen_curtain_1, &rainbow_b0_mdnie_screen_curtain_1_maptbl, S6E3HAE_DATA_OFS);
static DEFINE_VARIABLE_PACKET(rainbow_b0_mdnie_screen_curtain_1, DSI_PKT_TYPE_WR, RAINBOW_B0_MDNIE_1, 0);
static DEFINE_PKTUI(rainbow_b0_mdnie_screen_curtain_2, &rainbow_b0_mdnie_screen_curtain_2_maptbl, S6E3HAE_DATA_OFS);
static DEFINE_VARIABLE_PACKET(rainbow_b0_mdnie_screen_curtain_2, DSI_PKT_TYPE_WR, RAINBOW_B0_MDNIE_2, 0);
static void *rainbow_b0_mdnie_screen_curtain_cmdtbl[] = {
	&KEYINFO(rainbow_b0_level1_key_enable),
	&KEYINFO(rainbow_b0_level2_key_enable),
	&PKTINFO(rainbow_b0_mdnie_screen_curtain_0),
	&PKTINFO(rainbow_b0_mdnie_screen_curtain_1),
	&PKTINFO(rainbow_b0_mdnie_screen_curtain_2),
	&KEYINFO(rainbow_b0_level2_key_disable),
	&KEYINFO(rainbow_b0_level1_key_disable),
};

static DEFINE_PKTUI(rainbow_b0_mdnie_grayscale_0, &rainbow_b0_mdnie_grayscale_0_maptbl, S6E3HAE_DATA_OFS);
static DEFINE_VARIABLE_PACKET(rainbow_b0_mdnie_grayscale_0, DSI_PKT_TYPE_WR, RAINBOW_B0_MDNIE_0, S6E3HAE_MDNIE_0_OFS);
static DEFINE_PKTUI(rainbow_b0_mdnie_grayscale_1, &rainbow_b0_mdnie_grayscale_1_maptbl, S6E3HAE_DATA_OFS);
static DEFINE_VARIABLE_PACKET(rainbow_b0_mdnie_grayscale_1, DSI_PKT_TYPE_WR, RAINBOW_B0_MDNIE_1, 0);
static DEFINE_PKTUI(rainbow_b0_mdnie_grayscale_2, &rainbow_b0_mdnie_grayscale_2_maptbl, S6E3HAE_DATA_OFS);
static DEFINE_VARIABLE_PACKET(rainbow_b0_mdnie_grayscale_2, DSI_PKT_TYPE_WR, RAINBOW_B0_MDNIE_2, 0);
static void *rainbow_b0_mdnie_grayscale_cmdtbl[] = {
	&KEYINFO(rainbow_b0_level1_key_enable),
	&KEYINFO(rainbow_b0_level2_key_enable),
	&PKTINFO(rainbow_b0_mdnie_grayscale_0),
	&PKTINFO(rainbow_b0_mdnie_grayscale_1),
	&PKTINFO(rainbow_b0_mdnie_grayscale_2),
	&KEYINFO(rainbow_b0_level2_key_disable),
	&KEYINFO(rainbow_b0_level1_key_disable),
};

static DEFINE_PKTUI(rainbow_b0_mdnie_grayscale_negative_0, &rainbow_b0_mdnie_grayscale_negative_0_maptbl, S6E3HAE_DATA_OFS);
static DEFINE_VARIABLE_PACKET(rainbow_b0_mdnie_grayscale_negative_0, DSI_PKT_TYPE_WR, RAINBOW_B0_MDNIE_0, S6E3HAE_MDNIE_0_OFS);
static DEFINE_PKTUI(rainbow_b0_mdnie_grayscale_negative_1, &rainbow_b0_mdnie_grayscale_negative_1_maptbl, S6E3HAE_DATA_OFS);
static DEFINE_VARIABLE_PACKET(rainbow_b0_mdnie_grayscale_negative_1, DSI_PKT_TYPE_WR, RAINBOW_B0_MDNIE_1, 0);
static DEFINE_PKTUI(rainbow_b0_mdnie_grayscale_negative_2, &rainbow_b0_mdnie_grayscale_negative_2_maptbl, S6E3HAE_DATA_OFS);
static DEFINE_VARIABLE_PACKET(rainbow_b0_mdnie_grayscale_negative_2, DSI_PKT_TYPE_WR, RAINBOW_B0_MDNIE_2, 0);
static void *rainbow_b0_mdnie_grayscale_negative_cmdtbl[] = {
	&KEYINFO(rainbow_b0_level1_key_enable),
	&KEYINFO(rainbow_b0_level2_key_enable),
	&PKTINFO(rainbow_b0_mdnie_grayscale_negative_0),
	&PKTINFO(rainbow_b0_mdnie_grayscale_negative_1),
	&PKTINFO(rainbow_b0_mdnie_grayscale_negative_2),
	&KEYINFO(rainbow_b0_level2_key_disable),
	&KEYINFO(rainbow_b0_level1_key_disable),
};

static DEFINE_PKTUI(rainbow_b0_mdnie_color_blind_hbm_0, &rainbow_b0_mdnie_color_blind_hbm_0_maptbl, S6E3HAE_DATA_OFS);
static DEFINE_VARIABLE_PACKET(rainbow_b0_mdnie_color_blind_hbm_0, DSI_PKT_TYPE_WR, RAINBOW_B0_MDNIE_0, S6E3HAE_MDNIE_0_OFS);
static DEFINE_PKTUI(rainbow_b0_mdnie_color_blind_hbm_1, &rainbow_b0_mdnie_color_blind_hbm_1_maptbl, S6E3HAE_DATA_OFS);
static DEFINE_VARIABLE_PACKET(rainbow_b0_mdnie_color_blind_hbm_1, DSI_PKT_TYPE_WR, RAINBOW_B0_MDNIE_1, 0);
static DEFINE_PKTUI(rainbow_b0_mdnie_color_blind_hbm_2, &rainbow_b0_mdnie_color_blind_hbm_2_maptbl, S6E3HAE_DATA_OFS);
static DEFINE_VARIABLE_PACKET(rainbow_b0_mdnie_color_blind_hbm_2, DSI_PKT_TYPE_WR, RAINBOW_B0_MDNIE_2, 0);
static void *rainbow_b0_mdnie_color_blind_hbm_cmdtbl[] = {
	&KEYINFO(rainbow_b0_level1_key_enable),
	&KEYINFO(rainbow_b0_level2_key_enable),
	&PKTINFO(rainbow_b0_mdnie_color_blind_hbm_0),
	&PKTINFO(rainbow_b0_mdnie_color_blind_hbm_1),
	&PKTINFO(rainbow_b0_mdnie_color_blind_hbm_2),
	&KEYINFO(rainbow_b0_level2_key_disable),
	&KEYINFO(rainbow_b0_level1_key_disable),
};

static DEFINE_PKTUI(rainbow_b0_mdnie_bypass_0, &rainbow_b0_mdnie_bypass_0_maptbl, S6E3HAE_DATA_OFS);
static DEFINE_VARIABLE_PACKET(rainbow_b0_mdnie_bypass_0, DSI_PKT_TYPE_WR, RAINBOW_B0_MDNIE_0, S6E3HAE_MDNIE_0_OFS);
static DEFINE_PKTUI(rainbow_b0_mdnie_bypass_1, &rainbow_b0_mdnie_bypass_1_maptbl, S6E3HAE_DATA_OFS);
static DEFINE_VARIABLE_PACKET(rainbow_b0_mdnie_bypass_1, DSI_PKT_TYPE_WR, RAINBOW_B0_MDNIE_1, 0);
static DEFINE_PKTUI(rainbow_b0_mdnie_bypass_2, &rainbow_b0_mdnie_bypass_2_maptbl, S6E3HAE_DATA_OFS);
static DEFINE_VARIABLE_PACKET(rainbow_b0_mdnie_bypass_2, DSI_PKT_TYPE_WR, RAINBOW_B0_MDNIE_2, 0);
static void *rainbow_b0_mdnie_bypass_cmdtbl[] = {
	&KEYINFO(rainbow_b0_level1_key_enable),
	&KEYINFO(rainbow_b0_level2_key_enable),
	&PKTINFO(rainbow_b0_mdnie_bypass_0),
	&PKTINFO(rainbow_b0_mdnie_bypass_1),
	&PKTINFO(rainbow_b0_mdnie_bypass_2),
	&KEYINFO(rainbow_b0_level2_key_disable),
	&KEYINFO(rainbow_b0_level1_key_disable),
};

static DEFINE_PKTUI(rainbow_b0_mdnie_hbm_0, &rainbow_b0_mdnie_hbm_0_maptbl, S6E3HAE_DATA_OFS);
static DEFINE_VARIABLE_PACKET(rainbow_b0_mdnie_hbm_0, DSI_PKT_TYPE_WR, RAINBOW_B0_MDNIE_0, S6E3HAE_MDNIE_0_OFS);
static DEFINE_PKTUI(rainbow_b0_mdnie_hbm_1, &rainbow_b0_mdnie_hbm_1_maptbl, S6E3HAE_DATA_OFS);
static DEFINE_VARIABLE_PACKET(rainbow_b0_mdnie_hbm_1, DSI_PKT_TYPE_WR, RAINBOW_B0_MDNIE_1, 0);
static DEFINE_PKTUI(rainbow_b0_mdnie_hbm_2, &rainbow_b0_mdnie_hbm_2_maptbl, S6E3HAE_DATA_OFS);
static DEFINE_VARIABLE_PACKET(rainbow_b0_mdnie_hbm_2, DSI_PKT_TYPE_WR, RAINBOW_B0_MDNIE_2, 0);
static void *rainbow_b0_mdnie_hbm_cmdtbl[] = {
	&KEYINFO(rainbow_b0_level1_key_enable),
	&KEYINFO(rainbow_b0_level2_key_enable),
	&PKTINFO(rainbow_b0_mdnie_hbm_0),
	&PKTINFO(rainbow_b0_mdnie_hbm_1),
	&PKTINFO(rainbow_b0_mdnie_hbm_2),
	&KEYINFO(rainbow_b0_level2_key_disable),
	&KEYINFO(rainbow_b0_level1_key_disable),
};

static DEFINE_PKTUI(rainbow_b0_mdnie_light_notification_0, &rainbow_b0_mdnie_light_notification_0_maptbl, S6E3HAE_DATA_OFS);
static DEFINE_VARIABLE_PACKET(rainbow_b0_mdnie_light_notification_0, DSI_PKT_TYPE_WR, RAINBOW_B0_MDNIE_0, S6E3HAE_MDNIE_0_OFS);
static DEFINE_PKTUI(rainbow_b0_mdnie_light_notification_1, &rainbow_b0_mdnie_light_notification_1_maptbl, S6E3HAE_DATA_OFS);
static DEFINE_VARIABLE_PACKET(rainbow_b0_mdnie_light_notification_1, DSI_PKT_TYPE_WR, RAINBOW_B0_MDNIE_1, 0);
static DEFINE_PKTUI(rainbow_b0_mdnie_light_notification_2, &rainbow_b0_mdnie_light_notification_2_maptbl, S6E3HAE_DATA_OFS);
static DEFINE_VARIABLE_PACKET(rainbow_b0_mdnie_light_notification_2, DSI_PKT_TYPE_WR, RAINBOW_B0_MDNIE_2, 0);
static void *rainbow_b0_mdnie_light_notification_cmdtbl[] = {
	&KEYINFO(rainbow_b0_level1_key_enable),
	&KEYINFO(rainbow_b0_level2_key_enable),
	&PKTINFO(rainbow_b0_mdnie_light_notification_0),
	&PKTINFO(rainbow_b0_mdnie_light_notification_1),
	&PKTINFO(rainbow_b0_mdnie_light_notification_2),
	&KEYINFO(rainbow_b0_level2_key_disable),
	&KEYINFO(rainbow_b0_level1_key_disable),
};

static DEFINE_PKTUI(rainbow_b0_mdnie_hdr_0, &rainbow_b0_mdnie_hdr_0_maptbl, S6E3HAE_DATA_OFS);
static DEFINE_VARIABLE_PACKET(rainbow_b0_mdnie_hdr_0, DSI_PKT_TYPE_WR, RAINBOW_B0_MDNIE_0, S6E3HAE_MDNIE_0_OFS);
static DEFINE_PKTUI(rainbow_b0_mdnie_hdr_1, &rainbow_b0_mdnie_hdr_1_maptbl, S6E3HAE_DATA_OFS);
static DEFINE_VARIABLE_PACKET(rainbow_b0_mdnie_hdr_1, DSI_PKT_TYPE_WR, RAINBOW_B0_MDNIE_1, 0);
static DEFINE_PKTUI(rainbow_b0_mdnie_hdr_2, &rainbow_b0_mdnie_hdr_2_maptbl, S6E3HAE_DATA_OFS);
static DEFINE_VARIABLE_PACKET(rainbow_b0_mdnie_hdr_2, DSI_PKT_TYPE_WR, RAINBOW_B0_MDNIE_2, 0);
static void *rainbow_b0_mdnie_hdr_cmdtbl[] = {
	&KEYINFO(rainbow_b0_level1_key_enable),
	&KEYINFO(rainbow_b0_level2_key_enable),
	&PKTINFO(rainbow_b0_mdnie_hdr_0),
	&PKTINFO(rainbow_b0_mdnie_hdr_1),
	&PKTINFO(rainbow_b0_mdnie_hdr_2),
	&KEYINFO(rainbow_b0_level2_key_disable),
	&KEYINFO(rainbow_b0_level1_key_disable),
};

#ifdef CONFIG_USDM_PANEL_HMD
static DEFINE_PKTUI(rainbow_b0_mdnie_hmd_0, &rainbow_b0_mdnie_hmd_0_maptbl, S6E3HAE_DATA_OFS);
static DEFINE_VARIABLE_PACKET(rainbow_b0_mdnie_hmd_0, DSI_PKT_TYPE_WR, RAINBOW_B0_MDNIE_0, S6E3HAE_MDNIE_0_OFS);
static DEFINE_PKTUI(rainbow_b0_mdnie_hmd_1, &rainbow_b0_mdnie_hmd_1_maptbl, S6E3HAE_DATA_OFS);
static DEFINE_VARIABLE_PACKET(rainbow_b0_mdnie_hmd_1, DSI_PKT_TYPE_WR, RAINBOW_B0_MDNIE_1, 0);
static DEFINE_PKTUI(rainbow_b0_mdnie_hmd_2, &rainbow_b0_mdnie_hmd_2_maptbl, S6E3HAE_DATA_OFS);
static DEFINE_VARIABLE_PACKET(rainbow_b0_mdnie_hmd_2, DSI_PKT_TYPE_WR, RAINBOW_B0_MDNIE_2, 0);
static void *rainbow_b0_mdnie_hmd_cmdtbl[] = {
	&KEYINFO(rainbow_b0_level1_key_enable),
	&KEYINFO(rainbow_b0_level2_key_enable),
	&PKTINFO(rainbow_b0_mdnie_hmd_0),
	&PKTINFO(rainbow_b0_mdnie_hmd_1),
	&PKTINFO(rainbow_b0_mdnie_hmd_2),
	&KEYINFO(rainbow_b0_level2_key_disable),
	&KEYINFO(rainbow_b0_level1_key_disable),
};
#endif /* CONFIG_USDM_PANEL_HMD */

static DECLARE_PKTUI(rainbow_b0_mdnie_night_0) = {
	{ .offset = S6E3HAE_DATA_OFS, .maptbl = &rainbow_b0_mdnie_night_0_maptbl },
	{ .offset = S6E3HAE_DATA_OFS + S6E3HAE_NIGHT_MODE_OFS, .maptbl = &rainbow_b0_mdnie_night_mode_maptbl },
};
static DEFINE_VARIABLE_PACKET(rainbow_b0_mdnie_night_0, DSI_PKT_TYPE_WR, RAINBOW_B0_MDNIE_0, S6E3HAE_MDNIE_0_OFS);
static DEFINE_PKTUI(rainbow_b0_mdnie_night_1, &rainbow_b0_mdnie_night_1_maptbl, S6E3HAE_DATA_OFS);
static DEFINE_VARIABLE_PACKET(rainbow_b0_mdnie_night_1, DSI_PKT_TYPE_WR, RAINBOW_B0_MDNIE_1, 0);
static DEFINE_PKTUI(rainbow_b0_mdnie_night_2, &rainbow_b0_mdnie_night_2_maptbl, S6E3HAE_DATA_OFS);
static DEFINE_VARIABLE_PACKET(rainbow_b0_mdnie_night_2, DSI_PKT_TYPE_WR, RAINBOW_B0_MDNIE_2, 0);
static void *rainbow_b0_mdnie_night_cmdtbl[] = {
	&KEYINFO(rainbow_b0_level1_key_enable),
	&KEYINFO(rainbow_b0_level2_key_enable),
	&PKTINFO(rainbow_b0_mdnie_night_0),
	&PKTINFO(rainbow_b0_mdnie_night_1),
	&PKTINFO(rainbow_b0_mdnie_night_2),
	&KEYINFO(rainbow_b0_level2_key_disable),
	&KEYINFO(rainbow_b0_level1_key_disable),
};

static DECLARE_PKTUI(rainbow_b0_mdnie_color_lens_0) = {
	{ .offset = S6E3HAE_DATA_OFS, .maptbl = &rainbow_b0_mdnie_color_lens_0_maptbl },
	{ .offset = S6E3HAE_DATA_OFS + S6E3HAE_COLOR_LENS_OFS, .maptbl = &rainbow_b0_mdnie_color_lens_maptbl },
};
static DEFINE_VARIABLE_PACKET(rainbow_b0_mdnie_color_lens_0, DSI_PKT_TYPE_WR, RAINBOW_B0_MDNIE_0, S6E3HAE_MDNIE_0_OFS);
static DEFINE_PKTUI(rainbow_b0_mdnie_color_lens_1, &rainbow_b0_mdnie_color_lens_1_maptbl, S6E3HAE_DATA_OFS);
static DEFINE_VARIABLE_PACKET(rainbow_b0_mdnie_color_lens_1, DSI_PKT_TYPE_WR, RAINBOW_B0_MDNIE_1, 0);
static DEFINE_PKTUI(rainbow_b0_mdnie_color_lens_2, &rainbow_b0_mdnie_color_lens_2_maptbl, S6E3HAE_DATA_OFS);
static DEFINE_VARIABLE_PACKET(rainbow_b0_mdnie_color_lens_2, DSI_PKT_TYPE_WR, RAINBOW_B0_MDNIE_2, 0);
static void *rainbow_b0_mdnie_color_lens_cmdtbl[] = {
	&KEYINFO(rainbow_b0_level1_key_enable),
	&KEYINFO(rainbow_b0_level2_key_enable),
	&PKTINFO(rainbow_b0_mdnie_color_lens_0),
	&PKTINFO(rainbow_b0_mdnie_color_lens_1),
	&PKTINFO(rainbow_b0_mdnie_color_lens_2),
	&KEYINFO(rainbow_b0_level2_key_disable),
	&KEYINFO(rainbow_b0_level1_key_disable),
};

/* #################################################################################################### */
/* ############################################ SEQTBL ############################################ */
/* #################################################################################################### */

static struct seqinfo rainbow_b0_mdnie_seqtbl[] = {
	SEQINFO_INIT(MDNIE_SCENARIO_SEQ, rainbow_b0_mdnie_scenario_cmdtbl),
	SEQINFO_INIT(MDNIE_NEGATIVE_SEQ, rainbow_b0_mdnie_negative_cmdtbl),
	SEQINFO_INIT(MDNIE_COLOR_BLIND_SEQ, rainbow_b0_mdnie_color_blind_cmdtbl),
	SEQINFO_INIT(MDNIE_SCREEN_CURTAIN_SEQ, rainbow_b0_mdnie_screen_curtain_cmdtbl),
	SEQINFO_INIT(MDNIE_GRAYSCALE_SEQ, rainbow_b0_mdnie_grayscale_cmdtbl),
	SEQINFO_INIT(MDNIE_GRAYSCALE_NEGATIVE_SEQ, rainbow_b0_mdnie_grayscale_negative_cmdtbl),
	SEQINFO_INIT(MDNIE_COLOR_BLIND_HBM_SEQ, rainbow_b0_mdnie_color_blind_hbm_cmdtbl),
	SEQINFO_INIT(MDNIE_BYPASS_SEQ, rainbow_b0_mdnie_bypass_cmdtbl),
	SEQINFO_INIT(MDNIE_HBM_CE_SEQ, rainbow_b0_mdnie_hbm_cmdtbl),
	SEQINFO_INIT(MDNIE_HDR_SEQ, rainbow_b0_mdnie_hdr_cmdtbl),
	SEQINFO_INIT(MDNIE_NIGHT_SEQ, rainbow_b0_mdnie_night_cmdtbl),
	SEQINFO_INIT(MDNIE_LIGHT_NOTIFICATION_SEQ, rainbow_b0_mdnie_light_notification_cmdtbl),
	SEQINFO_INIT(MDNIE_COLOR_LENS_SEQ, rainbow_b0_mdnie_color_lens_cmdtbl),
#ifdef CONFIG_USDM_PANEL_HMD
	SEQINFO_INIT(MDNIE_HMD_SEQ, rainbow_b0_mdnie_hmd_cmdtbl),
#endif /* CONFIG_USDM_PANEL_HMD */
};

/* #################################################################################################### */
/* ############################################ MDNIE TUNE ############################################ */
/* #################################################################################################### */

static struct mdnie_tune s6e3hae_rainbow_b0_mdnie_tune = {
	.seqtbl = rainbow_b0_mdnie_seqtbl,
	.nr_seqtbl = ARRAY_SIZE(rainbow_b0_mdnie_seqtbl),
	.line = {
		{ .num = S6E3HAE_RAINBOW_B0_LINE_0_NUM, .den = S6E3HAE_RAINBOW_B0_LINE_0_DEN, .con = S6E3HAE_RAINBOW_B0_LINE_0_CON },
		{ .num = S6E3HAE_RAINBOW_B0_LINE_1_NUM, .den = S6E3HAE_RAINBOW_B0_LINE_1_DEN, .con = S6E3HAE_RAINBOW_B0_LINE_1_CON },
	},
	.coef = {
		{
			.a = S6E3HAE_RAINBOW_B0_COEFF_Q1_A, .b = S6E3HAE_RAINBOW_B0_COEFF_Q1_B, .c = S6E3HAE_RAINBOW_B0_COEFF_Q1_C, .d = S6E3HAE_RAINBOW_B0_COEFF_Q1_D,
			.e = S6E3HAE_RAINBOW_B0_COEFF_Q1_E, .f = S6E3HAE_RAINBOW_B0_COEFF_Q1_F, .g = S6E3HAE_RAINBOW_B0_COEFF_Q1_G, .h = S6E3HAE_RAINBOW_B0_COEFF_Q1_H,
		},
		{
			.a = S6E3HAE_RAINBOW_B0_COEFF_Q2_A, .b = S6E3HAE_RAINBOW_B0_COEFF_Q2_B, .c = S6E3HAE_RAINBOW_B0_COEFF_Q2_C, .d = S6E3HAE_RAINBOW_B0_COEFF_Q2_D,
			.e = S6E3HAE_RAINBOW_B0_COEFF_Q2_E, .f = S6E3HAE_RAINBOW_B0_COEFF_Q2_F, .g = S6E3HAE_RAINBOW_B0_COEFF_Q2_G, .h = S6E3HAE_RAINBOW_B0_COEFF_Q2_H,
		},
		{
			.a = S6E3HAE_RAINBOW_B0_COEFF_Q3_A, .b = S6E3HAE_RAINBOW_B0_COEFF_Q3_B, .c = S6E3HAE_RAINBOW_B0_COEFF_Q3_C, .d = S6E3HAE_RAINBOW_B0_COEFF_Q3_D,
			.e = S6E3HAE_RAINBOW_B0_COEFF_Q3_E, .f = S6E3HAE_RAINBOW_B0_COEFF_Q3_F, .g = S6E3HAE_RAINBOW_B0_COEFF_Q3_G, .h = S6E3HAE_RAINBOW_B0_COEFF_Q3_H,
		},
		{
			.a = S6E3HAE_RAINBOW_B0_COEFF_Q4_A, .b = S6E3HAE_RAINBOW_B0_COEFF_Q4_B, .c = S6E3HAE_RAINBOW_B0_COEFF_Q4_C, .d = S6E3HAE_RAINBOW_B0_COEFF_Q4_D,
			.e = S6E3HAE_RAINBOW_B0_COEFF_Q4_E, .f = S6E3HAE_RAINBOW_B0_COEFF_Q4_F, .g = S6E3HAE_RAINBOW_B0_COEFF_Q4_G, .h = S6E3HAE_RAINBOW_B0_COEFF_Q4_H,
		},
	},
	.cal_x_center = 3050,
	.cal_y_center = 3210,
	.cal_boundary_center = 225,
	.vtx = {
		[WCRD_TYPE_ADAPTIVE] = {
			[CCRD_PT_NONE] = { 0xff, 0xff, 0xff }, /* dummy */
			[CCRD_PT_1] = { 0xff, 0xff, 0xff }, /* Tune_1 */
			[CCRD_PT_2] = { 0xff, 0xff, 0xff }, /* Tune_2 */
			[CCRD_PT_3] = { 0xff, 0xff, 0xff }, /* Tune_3 */
			[CCRD_PT_4] = { 0xff, 0xff, 0xff }, /* Tune_4 */
			[CCRD_PT_5] = { 0xff, 0xff, 0xff }, /* Tune_5 */
			[CCRD_PT_6] = { 0xff, 0xff, 0xff }, /* Tune_6 */
			[CCRD_PT_7] = { 0xff, 0xff, 0xff }, /* Tune_7 */
			[CCRD_PT_8] = { 0xff, 0xff, 0xff }, /* Tune_8 */
			[CCRD_PT_9] = { 0xff, 0xff, 0xff }, /* Tune_9 */
		},
		[WCRD_TYPE_D65] = {
			[CCRD_PT_NONE] = { 0xff, 0xfa, 0xf4 }, /* dummy */
			[CCRD_PT_1] = { 0xff, 0xfc, 0xf6 }, /* Tune_1 */
			[CCRD_PT_2] = { 0xff, 0xfc, 0xf6 }, /* Tune_2 */
			[CCRD_PT_3] = { 0xff, 0xfc, 0xf6 }, /* Tune_3 */
			[CCRD_PT_4] = { 0xff, 0xfc, 0xf6 }, /* Tune_4 */
			[CCRD_PT_5] = { 0xff, 0xfc, 0xf6 }, /* Tune_5 */
			[CCRD_PT_6] = { 0xff, 0xfc, 0xf6 }, /* Tune_6 */
			[CCRD_PT_7] = { 0xff, 0xfc, 0xf6 }, /* Tune_7 */
			[CCRD_PT_8] = { 0xff, 0xfc, 0xf6 }, /* Tune_8 */
			[CCRD_PT_9] = { 0xff, 0xfc, 0xf6 }, /* Tune_9 */
		},
	},
	.adjust_ldu_wrgb = {
		[WCRD_TYPE_ADAPTIVE] = {
			/* adjust_ldu_data_1 */
			[LDU_MODE_OFF] = { 0xff, 0xff, 0xff }, /* LDU_MODE_OFF */
			[LDU_MODE_1] = { 0xfd, 0xfd, 0xff }, /* LDU_MODE_1 */
			[LDU_MODE_2] = { 0xfb, 0xfb, 0xff }, /* LDU_MODE_2 */
			[LDU_MODE_3] = { 0xf9, 0xf8, 0xff }, /* LDU_MODE_3 */
			[LDU_MODE_4] = { 0xf6, 0xf6, 0xff }, /* LDU_MODE_4 */
			[LDU_MODE_5] = { 0xf4, 0xf4, 0xff }, /* LDU_MODE_5 */
		},
		[WCRD_TYPE_D65] = {
			/* adjust_ldu_data_2 */
			[LDU_MODE_OFF] = { 0xff, 0xfc, 0xf6 }, /* LDU_MODE_OFF */
			[LDU_MODE_1] = { 0xfd, 0xfa, 0xf6 }, /* LDU_MODE_1 */
			[LDU_MODE_2] = { 0xfb, 0xf7, 0xf6 }, /* LDU_MODE_2 */
			[LDU_MODE_3] = { 0xf9, 0xf5, 0xf6 }, /* LDU_MODE_3 */
			[LDU_MODE_4] = { 0xf4, 0xf0, 0xf6 }, /* LDU_MODE_4 */
			[LDU_MODE_5] = { 0xf2, 0xee, 0xf6 }, /* LDU_MODE_5 */
		},
	},
	.num_ldu_mode = MAX_LDU_MODE,
	.num_night_level = S6E3HAE_RAINBOW_B0_MAX_NIGHT_LEVEL,
	.num_color_lens_color = COLOR_LENS_COLOR_MAX,
	.num_color_lens_level = COLOR_LENS_LEVEL_MAX,
	.hbm_ce_lux = { 50000 },
	.scr_white_len = S6E3HAE_SCR_WHITE_LEN,
	.scr_cr_ofs = S6E3HAE_SCR_CR_OFS,
	.night_mode_ofs = S6E3HAE_NIGHT_MODE_OFS,
	.color_lens_ofs = S6E3HAE_COLOR_LENS_OFS,
};

#endif /* __S6E3HAE_RAINBOW_B0_PANEL_MDNIE_H__ */
